<?xml version='1.0' encoding='UTF-8'?>
<osm version='0.6' generator='JOSM'>
  <bounds minlat='23.20565' minlon='72.68147' maxlat='23.21693' maxlon='72.69001' origin='openstreetmap-cgimap 2.0.1 (3288090 spike-08.openstreetmap.org)' />
  <node id='322847260' timestamp='2008-12-30T19:35:05Z' uid='56597' user='Oberaffe' visible='true' version='12' changeset='676514' lat='23.188788' lon='72.6570017' />
  <node id='322847261' timestamp='2022-01-26T23:46:39Z' uid='13913100' user='rahilarious' visible='true' version='15' changeset='116643168' lat='23.1876714' lon='72.6606836' />
  <node id='322848654' timestamp='2008-12-29T17:21:06Z' uid='56597' user='Oberaffe' visible='true' version='2' changeset='660476' lat='23.1914862' lon='72.6579459' />
  <node id='322848657' timestamp='2012-08-22T11:18:04Z' uid='697960' user='vkvora' visible='true' version='4' changeset='12818717' lat='23.1921336' lon='72.6613365' />
  <node id='322849874' timestamp='2022-01-26T23:46:39Z' uid='13913100' user='rahilarious' visible='true' version='3' changeset='116643168' lat='23.1940961' lon='72.6622712' />
  <node id='322849875' timestamp='2012-08-22T11:18:06Z' uid='697960' user='vkvora' visible='true' version='2' changeset='12818717' lat='23.1959467' lon='72.6638835' />
  <node id='322849876' timestamp='2017-12-04T09:12:34Z' uid='6581713' user='Rajsamand Local Guide' visible='true' version='3' changeset='54322775' lat='23.197773' lon='72.6649341' />
  <node id='322849877' timestamp='2017-12-04T09:21:40Z' uid='6581713' user='Rajsamand Local Guide' visible='true' version='3' changeset='54323015' lat='23.1992475' lon='72.665744' />
  <node id='322849883' timestamp='2008-12-29T17:21:02Z' uid='56597' user='Oberaffe' visible='true' version='1' changeset='660476' lat='23.2099148' lon='72.6774037' />
  <node id='322849884' timestamp='2008-12-29T17:21:02Z' uid='56597' user='Oberaffe' visible='true' version='1' changeset='660476' lat='23.2115556' lon='72.6797211' />
  <node id='322849885' timestamp='2008-12-29T17:21:02Z' uid='56597' user='Oberaffe' visible='true' version='1' changeset='660476' lat='23.2132595' lon='72.6816523' />
  <node id='322849886' timestamp='2008-12-29T17:21:02Z' uid='56597' user='Oberaffe' visible='true' version='1' changeset='660476' lat='23.2147661' lon='72.6831887' />
  <node id='322849887' timestamp='2008-12-29T17:21:02Z' uid='56597' user='Oberaffe' visible='true' version='1' changeset='660476' lat='23.2164621' lon='72.6850426' />
  <node id='322849888' timestamp='2008-12-29T17:21:02Z' uid='56597' user='Oberaffe' visible='true' version='1' changeset='660476' lat='23.2179056' lon='72.6861842' />
  <node id='322849889' timestamp='2008-12-29T17:21:02Z' uid='56597' user='Oberaffe' visible='true' version='1' changeset='660476' lat='23.2195462' lon='72.6870682' />
  <node id='322849890' timestamp='2008-12-29T17:21:02Z' uid='56597' user='Oberaffe' visible='true' version='1' changeset='660476' lat='23.221739' lon='72.6880123' />
  <node id='322849891' timestamp='2008-12-29T17:21:02Z' uid='56597' user='Oberaffe' visible='true' version='1' changeset='660476' lat='23.2236794' lon='72.6886303' />
  <node id='322849892' timestamp='2008-12-29T17:21:02Z' uid='56597' user='Oberaffe' visible='true' version='1' changeset='660476' lat='23.2251702' lon='72.6888878' />
  <node id='322849893' timestamp='2008-12-29T17:21:03Z' uid='56597' user='Oberaffe' visible='true' version='1' changeset='660476' lat='23.2264558' lon='72.6888363' />
  <node id='322849894' timestamp='2008-12-29T17:21:03Z' uid='56597' user='Oberaffe' visible='true' version='1' changeset='660476' lat='23.2287353' lon='72.6886561' />
  <node id='322849895' timestamp='2008-12-29T17:21:03Z' uid='56597' user='Oberaffe' visible='true' version='1' changeset='660476' lat='23.2305336' lon='72.6885273' />
  <node id='322849896' timestamp='2008-12-29T17:21:03Z' uid='56597' user='Oberaffe' visible='true' version='1' changeset='660476' lat='23.2322766' lon='72.6883814' />
  <node id='322849897' timestamp='2008-12-29T17:21:03Z' uid='56597' user='Oberaffe' visible='true' version='1' changeset='660476' lat='23.2346348' lon='72.6878407' />
  <node id='322849898' timestamp='2008-12-29T17:21:03Z' uid='56597' user='Oberaffe' visible='true' version='1' changeset='660476' lat='23.2364094' lon='72.687566' />
  <node id='322849899' timestamp='2008-12-29T17:21:03Z' uid='56597' user='Oberaffe' visible='true' version='1' changeset='660476' lat='23.2384679' lon='72.6870081' />
  <node id='322849900' timestamp='2008-12-29T17:21:03Z' uid='56597' user='Oberaffe' visible='true' version='1' changeset='660476' lat='23.2411493' lon='72.6862528' />
  <node id='322849901' timestamp='2012-08-22T11:18:05Z' uid='697960' user='vkvora' visible='true' version='2' changeset='12818717' lat='23.2430007' lon='72.6858374' />
  <node id='322849902' timestamp='2015-04-16T15:31:19Z' uid='1306' user='PlaneMad' visible='true' version='3' changeset='30267464' lat='23.2449641' lon='72.6851667' />
  <node id='322849903' timestamp='2012-08-22T11:18:06Z' uid='697960' user='vkvora' visible='true' version='2' changeset='12818717' lat='23.2456115' lon='72.6848681' />
  <node id='322849904' timestamp='2012-08-22T11:18:04Z' uid='697960' user='vkvora' visible='true' version='2' changeset='12818717' lat='23.2468857' lon='72.6844196' />
  <node id='322849905' timestamp='2008-12-29T17:21:03Z' uid='56597' user='Oberaffe' visible='true' version='1' changeset='660476' lat='23.2486571' lon='72.683532' />
  <node id='322849906' timestamp='2008-12-29T17:21:03Z' uid='56597' user='Oberaffe' visible='true' version='1' changeset='660476' lat='23.2509441' lon='72.6833517' />
  <node id='322849907' timestamp='2008-12-29T17:21:03Z' uid='56597' user='Oberaffe' visible='true' version='1' changeset='660476' lat='23.2556598' lon='72.6824763' />
  <node id='322849908' timestamp='2008-12-29T17:21:03Z' uid='56597' user='Oberaffe' visible='true' version='1' changeset='660476' lat='23.2579624' lon='72.6823218' />
  <node id='322849909' timestamp='2008-12-29T17:21:03Z' uid='56597' user='Oberaffe' visible='true' version='1' changeset='660476' lat='23.259437' lon='72.6826136' />
  <node id='322849910' timestamp='2008-12-29T17:21:03Z' uid='56597' user='Oberaffe' visible='true' version='1' changeset='660476' lat='23.2605094' lon='72.6832831' />
  <node id='322849911' timestamp='2008-12-29T17:21:03Z' uid='56597' user='Oberaffe' visible='true' version='1' changeset='660476' lat='23.2618421' lon='72.684253' />
  <node id='322849912' timestamp='2008-12-29T17:21:03Z' uid='56597' user='Oberaffe' visible='true' version='1' changeset='660476' lat='23.262875' lon='72.6851027' />
  <node id='322849913' timestamp='2008-12-29T17:21:03Z' uid='56597' user='Oberaffe' visible='true' version='1' changeset='660476' lat='23.2639396' lon='72.686373' />
  <node id='322849914' timestamp='2008-12-29T17:21:04Z' uid='56597' user='Oberaffe' visible='true' version='1' changeset='660476' lat='23.2648779' lon='72.6878922' />
  <node id='322849915' timestamp='2008-12-29T17:21:04Z' uid='56597' user='Oberaffe' visible='true' version='1' changeset='660476' lat='23.266108' lon='72.6905529' />
  <node id='322849916' timestamp='2008-12-29T17:21:04Z' uid='56597' user='Oberaffe' visible='true' version='1' changeset='660476' lat='23.2671646' lon='72.6934626' />
  <node id='322849917' timestamp='2008-12-29T17:21:04Z' uid='56597' user='Oberaffe' visible='true' version='1' changeset='660476' lat='23.2680398' lon='72.6954024' />
  <node id='322849918' timestamp='2008-12-29T17:21:04Z' uid='56597' user='Oberaffe' visible='true' version='1' changeset='660476' lat='23.2688993' lon='72.696398' />
  <node id='322849919' timestamp='2008-12-29T17:21:04Z' uid='56597' user='Oberaffe' visible='true' version='1' changeset='660476' lat='23.2703501' lon='72.6977455' />
  <node id='322849920' timestamp='2008-12-29T17:21:04Z' uid='56597' user='Oberaffe' visible='true' version='1' changeset='660476' lat='23.2719822' lon='72.699136' />
  <node id='322849921' timestamp='2008-12-29T17:21:04Z' uid='56597' user='Oberaffe' visible='true' version='1' changeset='660476' lat='23.2738194' lon='72.7003891' />
  <node id='322849922' timestamp='2008-12-29T17:21:04Z' uid='56597' user='Oberaffe' visible='true' version='1' changeset='660476' lat='23.2751598' lon='72.7011959' />
  <node id='322849925' timestamp='2008-12-29T17:21:04Z' uid='56597' user='Oberaffe' visible='true' version='1' changeset='660476' lat='23.2750809' lon='72.6974022' />
  <node id='322849926' timestamp='2008-12-29T17:21:05Z' uid='56597' user='Oberaffe' visible='true' version='1' changeset='660476' lat='23.2732438' lon='72.696398' />
  <node id='322849927' timestamp='2008-12-29T17:21:05Z' uid='56597' user='Oberaffe' visible='true' version='1' changeset='660476' lat='23.2718403' lon='72.6954453' />
  <node id='322849928' timestamp='2008-12-29T17:21:05Z' uid='56597' user='Oberaffe' visible='true' version='1' changeset='660476' lat='23.2703028' lon='72.6939776' />
  <node id='322849929' timestamp='2008-12-29T17:21:05Z' uid='56597' user='Oberaffe' visible='true' version='1' changeset='660476' lat='23.2690649' lon='72.6923725' />
  <node id='322849930' timestamp='2008-12-29T17:21:05Z' uid='56597' user='Oberaffe' visible='true' version='1' changeset='660476' lat='23.267819' lon='72.6902439' />
  <node id='322849931' timestamp='2008-12-29T17:21:05Z' uid='56597' user='Oberaffe' visible='true' version='1' changeset='660476' lat='23.2670463' lon='72.6885702' />
  <node id='322849932' timestamp='2008-12-29T17:21:05Z' uid='56597' user='Oberaffe' visible='true' version='1' changeset='660476' lat='23.2660922' lon='72.6855318' />
  <node id='322849933' timestamp='2008-12-29T17:21:05Z' uid='56597' user='Oberaffe' visible='true' version='1' changeset='660476' lat='23.2653825' lon='72.6837723' />
  <node id='322849934' timestamp='2008-12-29T17:21:05Z' uid='56597' user='Oberaffe' visible='true' version='1' changeset='660476' lat='23.264665' lon='72.6819956' />
  <node id='322849935' timestamp='2008-12-29T17:21:05Z' uid='56597' user='Oberaffe' visible='true' version='1' changeset='660476' lat='23.2635453' lon='72.680897' />
  <node id='322849936' timestamp='2008-12-29T17:21:05Z' uid='56597' user='Oberaffe' visible='true' version='1' changeset='660476' lat='23.2615897' lon='72.6800473' />
  <node id='322849937' timestamp='2008-12-29T17:21:05Z' uid='56597' user='Oberaffe' visible='true' version='1' changeset='660476' lat='23.260194' lon='72.679558' />
  <node id='322849938' timestamp='2008-12-29T17:21:05Z' uid='56597' user='Oberaffe' visible='true' version='1' changeset='660476' lat='23.2582778' lon='72.6794293' />
  <node id='322849939' timestamp='2008-12-29T17:21:05Z' uid='56597' user='Oberaffe' visible='true' version='1' changeset='660476' lat='23.2564405' lon='72.679558' />
  <node id='322849940' timestamp='2015-04-16T15:31:19Z' uid='1306' user='PlaneMad' visible='true' version='2' changeset='30267464' lat='23.2553665' lon='72.6794533' />
  <node id='322849942' timestamp='2008-12-29T17:21:05Z' uid='56597' user='Oberaffe' visible='true' version='1' changeset='660476' lat='23.2526632' lon='72.680485' />
  <node id='322849943' timestamp='2008-12-29T17:21:05Z' uid='56597' user='Oberaffe' visible='true' version='1' changeset='660476' lat='23.2508968' lon='72.6811974' />
  <node id='322849944' timestamp='2015-04-16T15:31:19Z' uid='1306' user='PlaneMad' visible='true' version='2' changeset='30267464' lat='23.2488527' lon='72.6811614' />
  <node id='322849945' timestamp='2008-12-29T17:21:05Z' uid='56597' user='Oberaffe' visible='true' version='1' changeset='660476' lat='23.2473717' lon='72.6814549' />
  <node id='322849946' timestamp='2012-08-22T11:18:06Z' uid='697960' user='vkvora' visible='true' version='2' changeset='12818717' lat='23.2453602' lon='72.6820587' />
  <node id='322849947' timestamp='2015-04-16T11:36:30Z' uid='1306' user='PlaneMad' visible='true' version='3' changeset='30261103' lat='23.2425289' lon='72.6824931' />
  <node id='322849948' timestamp='2015-04-16T11:36:30Z' uid='1306' user='PlaneMad' visible='true' version='2' changeset='30261103' lat='23.2367173' lon='72.6839036' />
  <node id='322849949' timestamp='2015-04-16T11:36:30Z' uid='1306' user='PlaneMad' visible='true' version='2' changeset='30261103' lat='23.2337306' lon='72.6844628' />
  <node id='322849950' timestamp='2012-08-22T11:18:05Z' uid='697960' user='vkvora' visible='true' version='2' changeset='12818717' lat='23.2314061' lon='72.6851626' />
  <node id='322849951' timestamp='2012-08-22T11:18:05Z' uid='697960' user='vkvora' visible='true' version='2' changeset='12818717' lat='23.2266574' lon='72.6854662' />
  <node id='322849952' timestamp='2012-08-22T11:18:06Z' uid='697960' user='vkvora' visible='true' version='2' changeset='12818717' lat='23.2249242' lon='72.6851926' />
  <node id='322849953' timestamp='2012-08-22T11:18:05Z' uid='697960' user='vkvora' visible='true' version='2' changeset='12818717' lat='23.2218051' lon='72.6838724' />
  <node id='322849954' timestamp='2015-04-16T07:13:19Z' uid='1306' user='PlaneMad' visible='true' version='3' changeset='30256565' lat='23.2192269' lon='72.6822227' />
  <node id='322849955' timestamp='2015-04-16T07:13:19Z' uid='1306' user='PlaneMad' visible='true' version='3' changeset='30256565' lat='23.2172209' lon='72.6811353' />
  <node id='322849956' timestamp='2015-04-16T07:13:19Z' uid='1306' user='PlaneMad' visible='true' version='3' changeset='30256565' lat='23.2158253' lon='72.6800573' />
  <node id='322849957' timestamp='2015-04-16T07:13:19Z' uid='1306' user='PlaneMad' visible='true' version='3' changeset='30256565' lat='23.2139871' lon='72.6779091' />
  <node id='322849958' timestamp='2015-04-16T07:13:19Z' uid='1306' user='PlaneMad' visible='true' version='3' changeset='30256565' lat='23.2125902' lon='72.6761825' />
  <node id='322849959' timestamp='2012-08-22T11:18:04Z' uid='697960' user='vkvora' visible='true' version='2' changeset='12818717' lat='23.2109235' lon='72.674003' />
  <node id='322849960' timestamp='2012-08-22T11:18:06Z' uid='697960' user='vkvora' visible='true' version='2' changeset='12818717' lat='23.2097526' lon='72.6718207' />
  <node id='322849961' timestamp='2012-08-22T11:18:06Z' uid='697960' user='vkvora' visible='true' version='2' changeset='12818717' lat='23.2084737' lon='72.6698986' />
  <node id='322849962' timestamp='2012-08-22T11:18:06Z' uid='697960' user='vkvora' visible='true' version='2' changeset='12818717' lat='23.2068674' lon='72.6675469' />
  <node id='322849963' timestamp='2012-08-22T11:18:06Z' uid='697960' user='vkvora' visible='true' version='2' changeset='12818717' lat='23.2052778' lon='72.6657375' />
  <node id='322849965' timestamp='2017-12-04T09:21:40Z' uid='6581713' user='Rajsamand Local Guide' visible='true' version='3' changeset='54323015' lat='23.200936' lon='72.6619172' />
  <node id='322849967' timestamp='2008-12-29T17:21:06Z' uid='56597' user='Oberaffe' visible='true' version='1' changeset='660476' lat='23.1956913' lon='72.659817' />
  <node id='322849968' timestamp='2008-12-29T17:21:06Z' uid='56597' user='Oberaffe' visible='true' version='1' changeset='660476' lat='23.1943027' lon='72.6590273' />
  <node id='1763813909' timestamp='2012-05-24T04:11:52Z' uid='1306' user='PlaneMad' visible='true' version='1' changeset='11686433' lat='23.1191573' lon='72.6481302' />
  <node id='1763813916' timestamp='2012-05-24T04:11:52Z' uid='1306' user='PlaneMad' visible='true' version='1' changeset='11686433' lat='23.1281481' lon='72.6462284' />
  <node id='1763813917' timestamp='2012-05-24T04:11:52Z' uid='1306' user='PlaneMad' visible='true' version='1' changeset='11686433' lat='23.1339065' lon='72.6456133' />
  <node id='1763813918' timestamp='2012-05-24T04:11:52Z' uid='1306' user='PlaneMad' visible='true' version='1' changeset='11686433' lat='23.1376191' lon='72.6470814' />
  <node id='1763813919' timestamp='2012-05-24T04:11:52Z' uid='1306' user='PlaneMad' visible='true' version='1' changeset='11686433' lat='23.1420491' lon='72.6684504' />
  <node id='1763813920' timestamp='2012-05-24T04:11:52Z' uid='1306' user='PlaneMad' visible='true' version='1' changeset='11686433' lat='23.1430037' lon='72.6632598' />
  <node id='1763813921' timestamp='2012-05-24T04:11:52Z' uid='1306' user='PlaneMad' visible='true' version='1' changeset='11686433' lat='23.1431772' lon='72.6553325' />
  <node id='1763813922' timestamp='2012-05-24T04:11:52Z' uid='1306' user='PlaneMad' visible='true' version='1' changeset='11686433' lat='23.1446524' lon='72.6745846' />
  <node id='1763813923' timestamp='2012-10-11T16:57:51Z' uid='91490' user='Heinz_V' visible='true' version='2' changeset='13456778' lat='23.1503204' lon='72.6763863' />
  <node id='1763813924' timestamp='2012-05-24T04:11:53Z' uid='1306' user='PlaneMad' visible='true' version='1' changeset='11686433' lat='23.1576684' lon='72.6747734' />
  <node id='1763813925' timestamp='2012-05-24T04:11:53Z' uid='1306' user='PlaneMad' visible='true' version='1' changeset='11686433' lat='23.1623539' lon='72.6705266' />
  <node id='1763813926' timestamp='2012-05-24T04:11:53Z' uid='1306' user='PlaneMad' visible='true' version='1' changeset='11686433' lat='23.168948' lon='72.6631655' />
  <node id='1763813927' timestamp='2012-05-24T04:11:53Z' uid='1306' user='PlaneMad' visible='true' version='1' changeset='11686433' lat='23.1780576' lon='72.6587299' />
  <node id='1763813928' timestamp='2012-05-24T04:11:53Z' uid='1306' user='PlaneMad' visible='true' version='1' changeset='11686433' lat='23.1845642' lon='72.6580693' />
  <node id='1763813929' timestamp='2012-05-24T04:11:53Z' uid='1306' user='PlaneMad' visible='true' version='1' changeset='11686433' lat='23.1914174' lon='72.6602399' />
  <node id='1763813930' timestamp='2015-04-16T07:15:56Z' uid='1306' user='PlaneMad' visible='true' version='2' changeset='30256613' lat='23.20314' lon='72.6652251' />
  <node id='1763813931' timestamp='2012-05-24T04:11:53Z' uid='1306' user='PlaneMad' visible='true' version='1' changeset='11686433' lat='23.2153575' lon='72.6826063' />
  <node id='1763813932' timestamp='2012-08-22T11:18:06Z' uid='697960' user='vkvora' visible='true' version='2' changeset='12818717' lat='23.2226555' lon='72.6863277' />
  <node id='1763813933' timestamp='2012-08-22T11:18:06Z' uid='697960' user='vkvora' visible='true' version='2' changeset='12818717' lat='23.2280984' lon='72.6869698' />
  <node id='1763813934' timestamp='2012-08-22T11:18:06Z' uid='697960' user='vkvora' visible='true' version='2' changeset='12818717' lat='23.2391579' lon='72.6852473' />
  <node id='1763813935' timestamp='2012-05-24T04:11:53Z' uid='1306' user='PlaneMad' visible='true' version='1' changeset='11686433' lat='23.2497855' lon='72.6827007' />
  <node id='1763813936' timestamp='2012-10-11T16:57:51Z' uid='91490' user='Heinz_V' visible='true' version='2' changeset='13456778' lat='23.2602388' lon='72.6816045' />
  <node id='1763813937' timestamp='2012-05-24T04:11:53Z' uid='1306' user='PlaneMad' visible='true' version='1' changeset='11686433' lat='23.2647691' lon='72.6842738' />
  <node id='1763813938' timestamp='2012-05-24T04:11:53Z' uid='1306' user='PlaneMad' visible='true' version='1' changeset='11686433' lat='23.2683247' lon='72.6932159' />
  <node id='1763813939' timestamp='2012-05-24T04:11:53Z' uid='1306' user='PlaneMad' visible='true' version='1' changeset='11686433' lat='23.273842' lon='72.6992218' />
  <node id='1763813940' timestamp='2012-05-24T04:11:53Z' uid='1306' user='PlaneMad' visible='true' version='1' changeset='11686433' lat='23.281198' lon='72.7016241' />
  <node id='1763813941' timestamp='2012-05-24T04:11:53Z' uid='1306' user='PlaneMad' visible='true' version='1' changeset='11686433' lat='23.2963991' lon='72.7017576' />
  <node id='1763813942' timestamp='2012-05-24T04:11:53Z' uid='1306' user='PlaneMad' visible='true' version='1' changeset='11686433' lat='23.3115985' lon='72.7053611' />
  <node id='1763813943' timestamp='2012-05-24T04:11:53Z' uid='1306' user='PlaneMad' visible='true' version='1' changeset='11686433' lat='23.328757' lon='72.7151039' />
  <node id='1763813944' timestamp='2012-05-24T04:11:53Z' uid='1306' user='PlaneMad' visible='true' version='1' changeset='11686433' lat='23.3416244' lon='72.722311' />
  <node id='1763813945' timestamp='2012-05-24T04:11:54Z' uid='1306' user='PlaneMad' visible='true' version='1' changeset='11686433' lat='23.3511823' lon='72.7201756' />
  <node id='1763813946' timestamp='2012-10-11T16:57:51Z' uid='91490' user='Heinz_V' visible='true' version='2' changeset='13456778' lat='23.3616218' lon='72.720428' />
  <node id='1763813947' timestamp='2012-10-11T16:57:51Z' uid='91490' user='Heinz_V' visible='true' version='2' changeset='13456778' lat='23.3641149' lon='72.7239839' />
  <node id='1763813948' timestamp='2012-05-24T04:11:54Z' uid='1306' user='PlaneMad' visible='true' version='1' changeset='11686433' lat='23.3687032' lon='72.7319204' />
  <node id='1763813949' timestamp='2012-05-24T04:11:54Z' uid='1306' user='PlaneMad' visible='true' version='1' changeset='11686433' lat='23.3744614' lon='72.7344562' />
  <node id='1763813950' timestamp='2012-10-11T16:57:51Z' uid='91490' user='Heinz_V' visible='true' version='2' changeset='13456778' lat='23.3789118' lon='72.729982' />
  <node id='1763813951' timestamp='2012-05-24T04:11:54Z' uid='1306' user='PlaneMad' visible='true' version='1' changeset='11686433' lat='23.3878143' lon='72.7233787' />
  <node id='1763813952' timestamp='2012-10-11T16:57:51Z' uid='91490' user='Heinz_V' visible='true' version='2' changeset='13456778' lat='23.3945123' lon='72.7242098' />
  <node id='1763813953' timestamp='2012-10-11T16:57:51Z' uid='91490' user='Heinz_V' visible='true' version='2' changeset='13456778' lat='23.4032932' lon='72.7345226' />
  <node id='1763813954' timestamp='2012-05-24T04:11:54Z' uid='1306' user='PlaneMad' visible='true' version='1' changeset='11686433' lat='23.4038606' lon='72.7990527' />
  <node id='1763813955' timestamp='2012-10-11T16:57:51Z' uid='91490' user='Heinz_V' visible='true' version='2' changeset='13456778' lat='23.4058965' lon='72.7434558' />
  <node id='1763813956' timestamp='2012-05-24T04:11:54Z' uid='1306' user='PlaneMad' visible='true' version='1' changeset='11686433' lat='23.4066777' lon='72.7898437' />
  <node id='1763813957' timestamp='2012-10-11T16:57:51Z' uid='91490' user='Heinz_V' visible='true' version='2' changeset='13456778' lat='23.4083944' lon='72.8030671' />
  <node id='1763813958' timestamp='2012-05-24T04:11:54Z' uid='1306' user='PlaneMad' visible='true' version='1' changeset='11686433' lat='23.4104746' lon='72.7837043' />
  <node id='1763813959' timestamp='2012-10-11T16:57:51Z' uid='91490' user='Heinz_V' visible='true' version='2' changeset='13456778' lat='23.4117545' lon='72.7670185' />
  <node id='1763813960' timestamp='2012-10-11T16:57:51Z' uid='91490' user='Heinz_V' visible='true' version='2' changeset='13456778' lat='23.4151047' lon='72.7985852' />
  <node id='1763813961' timestamp='2012-10-11T16:57:51Z' uid='91490' user='Heinz_V' visible='true' version='2' changeset='13456778' lat='23.4159315' lon='72.7759522' />
  <node id='1763813962' timestamp='2012-05-24T04:11:54Z' uid='1306' user='PlaneMad' visible='true' version='1' changeset='11686433' lat='23.4214971' lon='72.7941145' />
  <node id='1763813963' timestamp='2012-10-11T16:57:51Z' uid='91490' user='Heinz_V' visible='true' version='2' changeset='13456778' lat='23.4290418' lon='72.7948242' />
  <node id='1763813964' timestamp='2012-10-11T16:57:51Z' uid='91490' user='Heinz_V' visible='true' version='2' changeset='13456778' lat='23.4349742' lon='72.8024231' />
  <node id='1763813965' timestamp='2012-05-24T04:11:54Z' uid='1306' user='PlaneMad' visible='true' version='1' changeset='11686433' lat='23.4447638' lon='72.8102636' />
  <node id='1763813966' timestamp='2012-10-11T16:57:52Z' uid='91490' user='Heinz_V' visible='true' version='2' changeset='13456778' lat='23.4518718' lon='72.8129267' />
  <node id='1763813967' timestamp='2012-05-24T04:11:54Z' uid='1306' user='PlaneMad' visible='true' version='1' changeset='11686433' lat='23.4686106' lon='72.817982' />
  <node id='1763813968' timestamp='2012-05-24T04:11:54Z' uid='1306' user='PlaneMad' visible='true' version='1' changeset='11686433' lat='23.4814218' lon='72.8138295' />
  <node id='1763813969' timestamp='2012-05-24T04:11:54Z' uid='1306' user='PlaneMad' visible='true' version='1' changeset='11686433' lat='23.4919815' lon='72.8021273' />
  <node id='1763813970' timestamp='2012-10-11T16:57:52Z' uid='91490' user='Heinz_V' visible='true' version='2' changeset='13456778' lat='23.5007313' lon='72.8222145' />
  <node id='1763813971' timestamp='2012-10-11T16:57:52Z' uid='91490' user='Heinz_V' visible='true' version='2' changeset='13456778' lat='23.501501' lon='72.8143174' />
  <node id='1763813972' timestamp='2012-10-11T16:57:52Z' uid='91490' user='Heinz_V' visible='true' version='2' changeset='13456778' lat='23.5050048' lon='72.7985086' />
  <node id='1763813973' timestamp='2012-05-24T04:11:54Z' uid='1306' user='PlaneMad' visible='true' version='1' changeset='11686433' lat='23.5065213' lon='72.8055247' />
  <node id='1763813974' timestamp='2012-05-24T04:11:54Z' uid='1306' user='PlaneMad' visible='true' version='1' changeset='11686433' lat='23.5099829' lon='72.8238331' />
  <node id='1877453055' timestamp='2012-08-22T11:18:02Z' uid='697960' user='vkvora' visible='true' version='1' changeset='12818717' lat='23.2345431' lon='72.6862558' />
  <node id='1958739102' timestamp='2012-10-11T16:56:36Z' uid='91490' user='Heinz_V' visible='true' version='1' changeset='13456778' lat='23.1406973' lon='72.6499571' />
  <node id='1958739103' timestamp='2012-10-11T16:56:36Z' uid='91490' user='Heinz_V' visible='true' version='1' changeset='13456778' lat='23.1426498' lon='72.6714802' />
  <node id='1958739104' timestamp='2012-10-11T16:56:36Z' uid='91490' user='Heinz_V' visible='true' version='1' changeset='13456778' lat='23.1435373' lon='72.6595444' />
  <node id='1958739105' timestamp='2012-10-11T16:56:36Z' uid='91490' user='Heinz_V' visible='true' version='1' changeset='13456778' lat='23.1467026' lon='72.6757269' />
  <node id='1958739106' timestamp='2012-10-11T16:56:36Z' uid='91490' user='Heinz_V' visible='true' version='1' changeset='13456778' lat='23.1548375' lon='72.6760487' />
  <node id='1958739107' timestamp='2012-10-11T16:56:36Z' uid='91490' user='Heinz_V' visible='true' version='1' changeset='13456778' lat='23.1729099' lon='72.6599304' />
  <node id='1958739109' timestamp='2023-01-27T06:24:14Z' uid='18353822' user='futuretale200' visible='true' version='2' changeset='131757824' lat='23.2201211' lon='72.6855901' />
  <node id='1958739112' timestamp='2012-10-11T16:56:36Z' uid='91490' user='Heinz_V' visible='true' version='1' changeset='13456778' lat='23.2560827' lon='72.6811962' />
  <node id='1958739113' timestamp='2012-10-11T16:56:36Z' uid='91490' user='Heinz_V' visible='true' version='1' changeset='13456778' lat='23.2630878' lon='72.6829335' />
  <node id='1958739115' timestamp='2012-10-11T16:56:36Z' uid='91490' user='Heinz_V' visible='true' version='1' changeset='13456778' lat='23.2666641' lon='72.6896253' />
  <node id='1958739125' timestamp='2012-10-11T16:56:36Z' uid='91490' user='Heinz_V' visible='true' version='1' changeset='13456778' lat='23.353305' lon='72.7197607' />
  <node id='1958739129' timestamp='2012-10-11T16:56:36Z' uid='91490' user='Heinz_V' visible='true' version='1' changeset='13456778' lat='23.3561997' lon='72.7196446' />
  <node id='1958739131' timestamp='2012-10-11T16:56:36Z' uid='91490' user='Heinz_V' visible='true' version='1' changeset='13456778' lat='23.3595514' lon='72.7199931' />
  <node id='1958739134' timestamp='2012-10-11T16:56:36Z' uid='91490' user='Heinz_V' visible='true' version='1' changeset='13456778' lat='23.3629335' lon='72.7218351' />
  <node id='1958739139' timestamp='2012-10-11T16:56:36Z' uid='91490' user='Heinz_V' visible='true' version='1' changeset='13456778' lat='23.3668487' lon='72.7300995' />
  <node id='1958739142' timestamp='2012-10-11T16:56:36Z' uid='91490' user='Heinz_V' visible='true' version='1' changeset='13456778' lat='23.3725004' lon='72.734547' />
  <node id='1958739143' timestamp='2012-10-11T16:56:36Z' uid='91490' user='Heinz_V' visible='true' version='1' changeset='13456778' lat='23.3767505' lon='72.7327879' />
  <node id='1958739144' timestamp='2012-10-11T16:56:37Z' uid='91490' user='Heinz_V' visible='true' version='1' changeset='13456778' lat='23.3817772' lon='72.7260005' />
  <node id='1958739146' timestamp='2012-10-11T16:56:37Z' uid='91490' user='Heinz_V' visible='true' version='1' changeset='13456778' lat='23.3911296' lon='72.7233453' />
  <node id='1958739147' timestamp='2012-10-11T16:56:37Z' uid='91490' user='Heinz_V' visible='true' version='1' changeset='13456778' lat='23.3981053' lon='72.72688' />
  <node id='1958739148' timestamp='2012-10-11T16:56:37Z' uid='91490' user='Heinz_V' visible='true' version='1' changeset='13456778' lat='23.4016082' lon='72.7310122' />
  <node id='1958739160' timestamp='2012-10-11T16:56:37Z' uid='91490' user='Heinz_V' visible='true' version='1' changeset='13456778' lat='23.404931' lon='72.791435' />
  <node id='1958739164' timestamp='2012-10-11T16:56:37Z' uid='91490' user='Heinz_V' visible='true' version='1' changeset='13456778' lat='23.4052025' lon='72.7381315' />
  <node id='1958739166' timestamp='2012-10-11T16:56:37Z' uid='91490' user='Heinz_V' visible='true' version='1' changeset='13456778' lat='23.4053574' lon='72.8012261' />
  <node id='1958739168' timestamp='2012-10-11T16:56:37Z' uid='91490' user='Heinz_V' visible='true' version='1' changeset='13456778' lat='23.4062102' lon='72.7485201' />
  <node id='1958739169' timestamp='2012-10-11T16:56:37Z' uid='91490' user='Heinz_V' visible='true' version='1' changeset='13456778' lat='23.4062102' lon='72.7540628' />
  <node id='1958739171' timestamp='2012-10-11T16:56:37Z' uid='91490' user='Heinz_V' visible='true' version='1' changeset='13456778' lat='23.4065758' lon='72.757581' />
  <node id='1958739173' timestamp='2012-10-11T16:56:37Z' uid='91490' user='Heinz_V' visible='true' version='1' changeset='13456778' lat='23.4076723' lon='72.7623936' />
  <node id='1958739176' timestamp='2012-10-11T16:56:37Z' uid='91490' user='Heinz_V' visible='true' version='1' changeset='13456778' lat='23.4116623' lon='72.8027528' />
  <node id='1958739182' timestamp='2012-10-11T16:56:37Z' uid='91490' user='Heinz_V' visible='true' version='1' changeset='13456778' lat='23.4145253' lon='72.7786236' />
  <node id='1958739183' timestamp='2012-10-11T16:56:37Z' uid='91490' user='Heinz_V' visible='true' version='1' changeset='13456778' lat='23.4149517' lon='72.7708239' />
  <node id='1958739185' timestamp='2012-10-11T16:56:37Z' uid='91490' user='Heinz_V' visible='true' version='1' changeset='13456778' lat='23.4160481' lon='72.7736782' />
  <node id='1958739186' timestamp='2012-10-11T16:56:37Z' uid='91490' user='Heinz_V' visible='true' version='1' changeset='13456778' lat='23.417236' lon='72.7962808' />
  <node id='1958739196' timestamp='2012-10-11T16:56:38Z' uid='91490' user='Heinz_V' visible='true' version='1' changeset='13456778' lat='23.4255199' lon='72.7939242' />
  <node id='1958739200' timestamp='2012-10-11T16:56:38Z' uid='91490' user='Heinz_V' visible='true' version='1' changeset='13456778' lat='23.4319761' lon='72.7980066' />
  <node id='1958739205' timestamp='2012-10-11T16:56:38Z' uid='91490' user='Heinz_V' visible='true' version='1' changeset='13456778' lat='23.4394369' lon='72.806271' />
  <node id='1958739226' timestamp='2012-10-11T16:56:38Z' uid='91490' user='Heinz_V' visible='true' version='1' changeset='13456778' lat='23.4962658' lon='72.7980343' />
  <node id='1958739230' timestamp='2012-10-11T16:56:39Z' uid='91490' user='Heinz_V' visible='true' version='1' changeset='13456778' lat='23.5000025' lon='72.8186128' />
  <node id='1958739232' timestamp='2012-10-11T16:56:39Z' uid='91490' user='Heinz_V' visible='true' version='1' changeset='13456778' lat='23.5011643' lon='72.7972467' />
  <node id='1958739234' timestamp='2012-10-11T16:56:39Z' uid='91490' user='Heinz_V' visible='true' version='1' changeset='13456778' lat='23.5028913' lon='72.8243652' />
  <node id='1958739236' timestamp='2012-10-11T16:56:39Z' uid='91490' user='Heinz_V' visible='true' version='1' changeset='13456778' lat='23.5059999' lon='72.8009105' />
  <node id='2394217021' timestamp='2013-07-23T18:06:14Z' uid='91490' user='Heinz_V' visible='true' version='1' changeset='17065345' lat='23.4468299' lon='72.8110377' />
  <node id='2394217022' timestamp='2013-07-23T18:06:14Z' uid='91490' user='Heinz_V' visible='true' version='1' changeset='17065345' lat='23.5069388' lon='72.8240615' />
  <node id='3122732497' timestamp='2019-10-11T04:36:58Z' uid='9086388' user='Kirankumar R H' visible='true' version='2' changeset='75542009' lat='23.1836743' lon='72.67436' />
  <node id='3122732498' timestamp='2019-10-11T04:36:58Z' uid='9086388' user='Kirankumar R H' visible='true' version='2' changeset='75542009' lat='23.1848782' lon='72.6748365' />
  <node id='3122732499' timestamp='2019-10-11T04:36:58Z' uid='9086388' user='Kirankumar R H' visible='true' version='2' changeset='75542009' lat='23.1866832' lon='72.6754357' />
  <node id='3122732500' timestamp='2019-10-11T04:36:58Z' uid='9086388' user='Kirankumar R H' visible='true' version='2' changeset='75542009' lat='23.1872165' lon='72.6756902' />
  <node id='3122732501' timestamp='2019-10-11T04:36:58Z' uid='9086388' user='Kirankumar R H' visible='true' version='2' changeset='75542009' lat='23.1895027' lon='72.6769572' />
  <node id='3122732502' timestamp='2019-10-11T04:36:58Z' uid='9086388' user='Kirankumar R H' visible='true' version='2' changeset='75542009' lat='23.1908508' lon='72.677739' />
  <node id='3122732503' timestamp='2019-10-11T04:36:58Z' uid='9086388' user='Kirankumar R H' visible='true' version='2' changeset='75542009' lat='23.1916863' lon='72.6784018' />
  <node id='3122732504' timestamp='2019-10-11T04:36:58Z' uid='9086388' user='Kirankumar R H' visible='true' version='2' changeset='75542009' lat='23.1935003' lon='72.6800274' />
  <node id='3122732505' timestamp='2019-10-11T04:36:58Z' uid='9086388' user='Kirankumar R H' visible='true' version='2' changeset='75542009' lat='23.194245' lon='72.6805564' />
  <node id='3122732506' timestamp='2019-10-11T04:36:58Z' uid='9086388' user='Kirankumar R H' visible='true' version='2' changeset='75542009' lat='23.195024' lon='72.6809934' />
  <node id='3122732507' timestamp='2019-10-11T04:36:58Z' uid='9086388' user='Kirankumar R H' visible='true' version='2' changeset='75542009' lat='23.1960195' lon='72.6815694' />
  <node id='3122732508' timestamp='2019-10-11T04:36:58Z' uid='9086388' user='Kirankumar R H' visible='true' version='2' changeset='75542009' lat='23.1973821' lon='72.6823535' />
  <node id='3122732509' timestamp='2019-10-11T04:36:58Z' uid='9086388' user='Kirankumar R H' visible='true' version='2' changeset='75542009' lat='23.1982231' lon='72.6828505' />
  <node id='3122732510' timestamp='2019-10-11T04:36:58Z' uid='9086388' user='Kirankumar R H' visible='true' version='2' changeset='75542009' lat='23.1992743' lon='72.6834938' />
  <node id='3122732511' timestamp='2019-10-11T04:36:58Z' uid='9086388' user='Kirankumar R H' visible='true' version='2' changeset='75542009' lat='23.2009176' lon='72.6843516' />
  <node id='3122732512' timestamp='2019-10-11T04:36:58Z' uid='9086388' user='Kirankumar R H' visible='true' version='2' changeset='75542009' lat='23.2023117' lon='72.6851578' />
  <node id='3122732513' timestamp='2019-10-11T04:36:58Z' uid='9086388' user='Kirankumar R H' visible='true' version='2' changeset='75542009' lat='23.2044239' lon='72.6864971' />
  <node id='3122732515' timestamp='2019-10-11T04:36:58Z' uid='9086388' user='Kirankumar R H' visible='true' version='2' changeset='75542009' lat='23.2044828' lon='72.6865453' />
  <node id='3122732516' timestamp='2019-10-11T04:36:58Z' uid='9086388' user='Kirankumar R H' visible='true' version='2' changeset='75542009' lat='23.2047994' lon='72.6868705' />
  <node id='3122732517' timestamp='2019-10-11T04:36:58Z' uid='9086388' user='Kirankumar R H' visible='true' version='2' changeset='75542009' lat='23.2066574' lon='72.688123' />
  <node id='3122732518' timestamp='2019-10-11T04:36:58Z' uid='9086388' user='Kirankumar R H' visible='true' version='2' changeset='75542009' lat='23.2078393' lon='72.6888282' />
  <node id='3122732519' timestamp='2019-10-11T04:36:58Z' uid='9086388' user='Kirankumar R H' visible='true' version='2' changeset='75542009' lat='23.2093604' lon='72.689932' />
  <node id='3458890609' timestamp='2022-01-26T23:46:39Z' uid='13913100' user='rahilarious' visible='true' version='2' changeset='116643168' lat='23.1900159' lon='72.6608173' />
  <node id='3458890613' timestamp='2022-01-26T23:46:39Z' uid='13913100' user='rahilarious' visible='true' version='2' changeset='116643168' lat='23.1952764' lon='72.663299' />
  <node id='3458890615' timestamp='2015-04-16T07:13:15Z' uid='1306' user='PlaneMad' visible='true' version='1' changeset='30256565' lat='23.195128' lon='72.6631696' />
  <node id='3458890622' timestamp='2017-12-04T09:21:40Z' uid='6581713' user='Rajsamand Local Guide' visible='true' version='2' changeset='54323015' lat='23.2043547' lon='72.664512' />
  <node id='3458890637' timestamp='2015-04-16T07:13:15Z' uid='1306' user='PlaneMad' visible='true' version='1' changeset='30256565' lat='23.2073074' lon='72.6735159' />
  <node id='3458890638' timestamp='2015-04-16T07:13:15Z' uid='1306' user='PlaneMad' visible='true' version='1' changeset='30256565' lat='23.2074665' lon='72.6737489' />
  <node id='3458890655' timestamp='2015-04-16T07:13:16Z' uid='1306' user='PlaneMad' visible='true' version='1' changeset='30256565' lat='23.2203869' lon='72.6830348' />
  <node id='3459206805' timestamp='2015-04-16T11:36:28Z' uid='1306' user='PlaneMad' visible='true' version='1' changeset='30261103' lat='23.2387632' lon='72.6834396' />
  <node id='3459206823' timestamp='2015-04-16T11:36:28Z' uid='1306' user='PlaneMad' visible='true' version='1' changeset='30261103' lat='23.2440525' lon='72.6820177' />
  <node id='3459618735' timestamp='2015-04-16T15:31:08Z' uid='1306' user='PlaneMad' visible='true' version='1' changeset='30267464' lat='23.2053301' lon='72.6835179' />
  <node id='3459618736' timestamp='2015-04-16T15:31:08Z' uid='1306' user='PlaneMad' visible='true' version='1' changeset='30267464' lat='23.2057287' lon='72.6815947' />
  <node id='3459618737' timestamp='2015-04-16T15:31:08Z' uid='1306' user='PlaneMad' visible='true' version='1' changeset='30267464' lat='23.206431' lon='72.6758073' />
  <node id='3459618738' timestamp='2015-04-16T15:31:08Z' uid='1306' user='PlaneMad' visible='true' version='1' changeset='30267464' lat='23.2065952' lon='72.6836311' />
  <node id='3459618739' timestamp='2015-04-16T15:31:08Z' uid='1306' user='PlaneMad' visible='true' version='1' changeset='30267464' lat='23.2066038' lon='72.6817078' />
  <node id='3459618740' timestamp='2015-04-16T15:31:08Z' uid='1306' user='PlaneMad' visible='true' version='1' changeset='30267464' lat='23.2067165' lon='72.6841213' />
  <node id='3459618741' timestamp='2015-04-16T15:31:08Z' uid='1306' user='PlaneMad' visible='true' version='1' changeset='30267464' lat='23.2069158' lon='72.680765' />
  <node id='3459618742' timestamp='2015-04-16T15:31:08Z' uid='1306' user='PlaneMad' visible='true' version='1' changeset='30267464' lat='23.2069504' lon='72.679794' />
  <node id='3459618743' timestamp='2015-04-16T15:31:08Z' uid='1306' user='PlaneMad' visible='true' version='1' changeset='30267464' lat='23.2069769' lon='72.6762976' />
  <node id='3459618744' timestamp='2015-04-16T15:31:08Z' uid='1306' user='PlaneMad' visible='true' version='1' changeset='30267464' lat='23.2070116' lon='72.6753218' />
  <node id='3459618745' timestamp='2015-04-16T15:31:08Z' uid='1306' user='PlaneMad' visible='true' version='1' changeset='30267464' lat='23.2071892' lon='72.6775656' />
  <node id='3459618746' timestamp='2015-04-16T15:31:08Z' uid='1306' user='PlaneMad' visible='true' version='1' changeset='30267464' lat='23.2072369' lon='72.6771414' />
  <node id='3459618747' timestamp='2015-04-16T15:31:08Z' uid='1306' user='PlaneMad' visible='true' version='1' changeset='30267464' lat='23.2073577' lon='72.684489' />
  <node id='3459618748' timestamp='2015-04-16T15:31:08Z' uid='1306' user='PlaneMad' visible='true' version='1' changeset='30267464' lat='23.2073928' lon='72.6770895' />
  <node id='3459618749' timestamp='2015-04-16T15:31:08Z' uid='1306' user='PlaneMad' visible='true' version='1' changeset='30267464' lat='23.207427' lon='72.6797374' />
  <node id='3459618750' timestamp='2015-04-16T15:31:08Z' uid='1306' user='PlaneMad' visible='true' version='1' changeset='30267464' lat='23.207453' lon='72.6786909' />
  <node id='3459618751' timestamp='2015-04-16T15:31:08Z' uid='1306' user='PlaneMad' visible='true' version='1' changeset='30267464' lat='23.2076268' lon='72.675303' />
  <node id='3459618752' timestamp='2015-04-16T15:31:09Z' uid='1306' user='PlaneMad' visible='true' version='1' changeset='30267464' lat='23.2076268' lon='72.6780323' />
  <node id='3459618753' timestamp='2015-04-16T15:31:09Z' uid='1306' user='PlaneMad' visible='true' version='1' changeset='30267464' lat='23.208086' lon='72.6788997' />
  <node id='3459618754' timestamp='2015-04-16T15:31:09Z' uid='1306' user='PlaneMad' visible='true' version='1' changeset='30267464' lat='23.208151' lon='72.6781879' />
  <node id='3459618755' timestamp='2015-04-16T15:31:09Z' uid='1306' user='PlaneMad' visible='true' version='1' changeset='30267464' lat='23.2081744' lon='72.6748057' />
  <node id='3459618756' timestamp='2024-05-09T14:25:56Z' uid='18353822' user='futuretale200' visible='true' version='2' changeset='151103252' lat='23.2078464' lon='72.6832717' />
  <node id='3459618757' timestamp='2019-05-30T09:32:02Z' uid='9549262' user='Nipun Batra' visible='true' version='2' changeset='70761922' lat='23.2095372' lon='72.6832857' />
  <node id='3459618759' timestamp='2019-05-30T19:13:51Z' uid='9957476' user='Karan0908' visible='true' version='4' changeset='70783825' lat='23.2099373' lon='72.6832559' />
  <node id='3459618760' timestamp='2024-05-09T14:25:56Z' uid='18353822' user='futuretale200' visible='true' version='2' changeset='151103252' lat='23.2079858' lon='72.6833238' />
  <node id='3459618761' timestamp='2019-05-30T09:32:02Z' uid='9549262' user='Nipun Batra' visible='true' version='2' changeset='70761922' lat='23.2108459' lon='72.6832762' />
  <node id='3459618762' timestamp='2024-05-09T13:58:48Z' uid='18353822' user='futuretale200' visible='true' version='5' changeset='151101924' lat='23.2117734' lon='72.6831787' />
  <node id='3459618763' timestamp='2024-05-09T13:58:48Z' uid='18353822' user='futuretale200' visible='true' version='6' changeset='151101924' lat='23.21235' lon='72.6827221' />
  <node id='3459618764' timestamp='2023-01-25T14:42:34Z' uid='18353822' user='futuretale200' visible='true' version='3' changeset='131698744' lat='23.2135519' lon='72.6831661' />
  <node id='3459618765' timestamp='2023-01-27T06:24:14Z' uid='18353822' user='futuretale200' visible='true' version='3' changeset='131757824' lat='23.2140773' lon='72.6836344' />
  <node id='3459618766' timestamp='2023-01-27T06:24:14Z' uid='18353822' user='futuretale200' visible='true' version='3' changeset='131757824' lat='23.2143635' lon='72.6839397' />
  <node id='3459618767' timestamp='2015-04-16T15:31:09Z' uid='1306' user='PlaneMad' visible='true' version='1' changeset='30267464' lat='23.214308' lon='72.6927204' />
  <node id='3459618768' timestamp='2019-05-30T09:32:02Z' uid='9549262' user='Nipun Batra' visible='true' version='3' changeset='70761922' lat='23.2146436' lon='72.6842041' />
  <node id='3459618769' timestamp='2015-04-16T15:31:09Z' uid='1306' user='PlaneMad' visible='true' version='1' changeset='30267464' lat='23.2144183' lon='72.6904071' />
  <node id='3459618770' timestamp='2015-04-16T15:31:09Z' uid='1306' user='PlaneMad' visible='true' version='1' changeset='30267464' lat='23.2146086' lon='72.6891736' />
  <node id='3459618771' timestamp='2024-05-09T14:25:56Z' uid='18353822' user='futuretale200' visible='true' version='2' changeset='151103252' lat='23.2142994' lon='72.6900959' />
  <node id='3459618772' timestamp='2015-04-16T15:31:09Z' uid='1306' user='PlaneMad' visible='true' version='1' changeset='30267464' lat='23.2147473' lon='72.6888012' />
  <node id='3459618773' timestamp='2024-05-09T14:25:56Z' uid='18353822' user='futuretale200' visible='true' version='2' changeset='151103252' lat='23.2146729' lon='72.6895946' />
  <node id='3459618774' timestamp='2015-04-16T15:31:09Z' uid='1306' user='PlaneMad' visible='true' version='1' changeset='30267464' lat='23.2148901' lon='72.6908338' />
  <node id='3459618775' timestamp='2024-05-09T14:25:56Z' uid='18353822' user='futuretale200' visible='true' version='2' changeset='151103252' lat='23.2146891' lon='72.6894582' />
  <node id='3459618776' timestamp='2015-04-16T15:31:09Z' uid='1306' user='PlaneMad' visible='true' version='1' changeset='30267464' lat='23.2149229' lon='72.6845485' />
  <node id='3459618777' timestamp='2024-05-09T11:52:59Z' uid='18353822' user='futuretale200' visible='true' version='2' changeset='151096112' lat='23.2149338' lon='72.6887877' />
  <node id='3459618779' timestamp='2024-05-09T14:25:56Z' uid='18353822' user='futuretale200' visible='true' version='2' changeset='151103252' lat='23.2144931' lon='72.6899633' />
  <node id='3459618781' timestamp='2015-04-16T15:31:09Z' uid='1306' user='PlaneMad' visible='true' version='1' changeset='30267464' lat='23.2151805' lon='72.6881836' />
  <node id='3459618783' timestamp='2015-04-16T15:31:09Z' uid='1306' user='PlaneMad' visible='true' version='1' changeset='30267464' lat='23.2152281' lon='72.6880139' />
  <node id='3459618787' timestamp='2024-05-09T11:52:59Z' uid='18353822' user='futuretale200' visible='true' version='2' changeset='151096112' lat='23.2150953' lon='72.6886863' />
  <node id='3459618789' timestamp='2023-01-25T16:47:48Z' uid='18353822' user='futuretale200' visible='true' version='2' changeset='131703496' lat='23.2160618' lon='72.6880581' />
  <node id='3459618790' timestamp='2023-01-27T06:24:14Z' uid='18353822' user='futuretale200' visible='true' version='2' changeset='131757824' lat='23.2156618' lon='72.6852306' />
  <node id='3459618791' timestamp='2019-05-30T09:42:23Z' uid='9549262' user='Nipun Batra' visible='true' version='2' changeset='70762170' lat='23.2159342' lon='72.6855362' />
  <node id='3459618792' timestamp='2023-01-25T16:47:48Z' uid='18353822' user='futuretale200' visible='true' version='2' changeset='131703496' lat='23.2165753' lon='72.6880286' />
  <node id='3459621893' timestamp='2015-04-16T15:31:09Z' uid='1306' user='PlaneMad' visible='true' version='1' changeset='30267464' lat='23.2162202' lon='72.6858455' />
  <node id='3459621894' timestamp='2023-01-25T16:47:48Z' uid='18353822' user='futuretale200' visible='true' version='2' changeset='131703496' lat='23.2167865' lon='72.6864835' />
  <node id='3459621895' timestamp='2023-01-25T16:47:48Z' uid='18353822' user='futuretale200' visible='true' version='2' changeset='131703496' lat='23.2165323' lon='72.6861739' />
  <node id='3459621897' timestamp='2023-01-25T16:47:48Z' uid='18353822' user='futuretale200' visible='true' version='2' changeset='131703496' lat='23.2167598' lon='72.686883' />
  <node id='3459621898' timestamp='2023-01-25T16:47:48Z' uid='18353822' user='futuretale200' visible='true' version='2' changeset='131703496' lat='23.2167584' lon='72.6870348' />
  <node id='3459621899' timestamp='2015-04-16T15:31:09Z' uid='1306' user='PlaneMad' visible='true' version='1' changeset='30267464' lat='23.2170405' lon='72.6945003' />
  <node id='3459621900' timestamp='2015-04-16T15:31:09Z' uid='1306' user='PlaneMad' visible='true' version='1' changeset='30267464' lat='23.2184741' lon='72.6926604' />
  <node id='3459621901' timestamp='2015-04-16T15:31:09Z' uid='1306' user='PlaneMad' visible='true' version='1' changeset='30267464' lat='23.2185109' lon='72.6919137' />
  <node id='3459621902' timestamp='2015-04-16T15:31:09Z' uid='1306' user='PlaneMad' visible='true' version='1' changeset='30267464' lat='23.2190194' lon='72.6946803' />
  <node id='3459621903' timestamp='2015-04-16T15:31:09Z' uid='1306' user='PlaneMad' visible='true' version='1' changeset='30267464' lat='23.21905' lon='72.6911738' />
  <node id='3459621904' timestamp='2015-04-16T15:31:09Z' uid='1306' user='PlaneMad' visible='true' version='1' changeset='30267464' lat='23.2191358' lon='72.6929937' />
  <node id='3459621905' timestamp='2015-04-16T15:31:09Z' uid='1306' user='PlaneMad' visible='true' version='1' changeset='30267464' lat='23.2201896' lon='72.6914004' />
  <node id='3459621906' timestamp='2015-04-16T15:31:09Z' uid='1306' user='PlaneMad' visible='true' version='1' changeset='30267464' lat='23.2205204' lon='72.6903671' />
  <node id='3459621907' timestamp='2015-04-16T15:31:09Z' uid='1306' user='PlaneMad' visible='true' version='1' changeset='30267464' lat='23.2218314' lon='72.6902805' />
  <node id='3459621908' timestamp='2015-04-16T15:31:09Z' uid='1306' user='PlaneMad' visible='true' version='1' changeset='30267464' lat='23.2218866' lon='72.6908204' />
  <node id='3459621909' timestamp='2015-04-16T15:31:09Z' uid='1306' user='PlaneMad' visible='true' version='1' changeset='30267464' lat='23.2225482' lon='72.6917738' />
  <node id='3459621910' timestamp='2015-04-16T15:31:09Z' uid='1306' user='PlaneMad' visible='true' version='1' changeset='30267464' lat='23.2226462' lon='72.6909071' />
  <node id='3459621911' timestamp='2015-04-16T15:31:09Z' uid='1306' user='PlaneMad' visible='true' version='1' changeset='30267464' lat='23.2235591' lon='72.6918937' />
  <node id='3459621912' timestamp='2015-04-16T15:31:09Z' uid='1306' user='PlaneMad' visible='true' version='1' changeset='30267464' lat='23.2245454' lon='72.693127' />
  <node id='3459621913' timestamp='2015-04-16T15:31:10Z' uid='1306' user='PlaneMad' visible='true' version='1' changeset='30267464' lat='23.224625' lon='72.6921604' />
  <node id='3459621914' timestamp='2015-04-16T15:31:10Z' uid='1306' user='PlaneMad' visible='true' version='1' changeset='30267464' lat='23.2254031' lon='72.6930137' />
  <node id='3459621915' timestamp='2015-04-16T15:31:10Z' uid='1306' user='PlaneMad' visible='true' version='1' changeset='30267464' lat='23.2256849' lon='72.6944803' />
  <node id='3459621916' timestamp='2015-04-16T15:31:10Z' uid='1306' user='PlaneMad' visible='true' version='1' changeset='30267464' lat='23.2325215' lon='72.6925937' />
  <node id='3459621921' timestamp='2015-04-16T15:31:10Z' uid='1306' user='PlaneMad' visible='true' version='1' changeset='30267464' lat='23.240099' lon='72.6901938' />
  <node id='3459621925' timestamp='2015-04-16T15:31:10Z' uid='1306' user='PlaneMad' visible='true' version='1' changeset='30267464' lat='23.2405768' lon='72.6901271' />
  <node id='3459621935' timestamp='2015-04-16T15:31:10Z' uid='1306' user='PlaneMad' visible='true' version='1' changeset='30267464' lat='23.2453743' lon='72.6849775' />
  <node id='3459621936' timestamp='2015-04-16T15:31:10Z' uid='1306' user='PlaneMad' visible='true' version='1' changeset='30267464' lat='23.2460958' lon='72.6906871' />
  <node id='3459621938' timestamp='2015-04-16T15:31:11Z' uid='1306' user='PlaneMad' visible='true' version='1' changeset='30267464' lat='23.2465491' lon='72.6906138' />
  <node id='3459621947' timestamp='2015-04-16T15:31:11Z' uid='1306' user='PlaneMad' visible='true' version='1' changeset='30267464' lat='23.2481618' lon='72.6814224' />
  <node id='3459621977' timestamp='2015-04-16T15:31:11Z' uid='1306' user='PlaneMad' visible='true' version='1' changeset='30267464' lat='23.2576299' lon='72.6823441' />
  <node id='5216737197' timestamp='2023-10-09T19:18:01Z' uid='12500589' user='tg4567' visible='true' version='5' changeset='142363408' lat='23.2127589' lon='72.6847766'>
    <tag k='amenity' v='college' />
    <tag k='name' v='IIT Gandhinagar' />
    <tag k='wikidata' v='Q3440920' />
    <tag k='wikimedia_commons' v='Category:IIT Gandhinagar' />
    <tag k='wikipedia' v='en:IIT Gandhinagar' />
  </node>
  <node id='5263406086' timestamp='2017-12-04T09:21:39Z' uid='6581713' user='Rajsamand Local Guide' visible='true' version='1' changeset='54323015' lat='23.2009792' lon='72.661813' />
  <node id='5263406087' timestamp='2017-12-04T09:21:39Z' uid='6581713' user='Rajsamand Local Guide' visible='true' version='1' changeset='54323015' lat='23.2012525' lon='72.6618892' />
  <node id='5263406088' timestamp='2017-12-04T09:21:39Z' uid='6581713' user='Rajsamand Local Guide' visible='true' version='1' changeset='54323015' lat='23.1985398' lon='72.66539' />
  <node id='5263406089' timestamp='2017-12-04T09:21:39Z' uid='6581713' user='Rajsamand Local Guide' visible='true' version='1' changeset='54323015' lat='23.1992393' lon='72.6658665' />
  <node id='5263406090' timestamp='2017-12-04T09:21:39Z' uid='6581713' user='Rajsamand Local Guide' visible='true' version='1' changeset='54323015' lat='23.1994421' lon='72.6660078' />
  <node id='5263406091' timestamp='2017-12-04T09:21:39Z' uid='6581713' user='Rajsamand Local Guide' visible='true' version='1' changeset='54323015' lat='23.2024179' lon='72.6624811' />
  <node id='6350037292' timestamp='2019-05-31T11:42:02Z' uid='9957476' user='Karan0908' visible='true' version='3' changeset='70805806' lat='23.2109045' lon='72.6893052' />
  <node id='6350037293' timestamp='2019-05-31T11:42:02Z' uid='9957476' user='Karan0908' visible='true' version='3' changeset='70805806' lat='23.2103655' lon='72.6902101' />
  <node id='6350037294' timestamp='2024-05-09T14:25:56Z' uid='18353822' user='futuretale200' visible='true' version='4' changeset='151103252' lat='23.2060119' lon='72.6872609' />
  <node id='6350037295' timestamp='2024-05-09T14:25:56Z' uid='18353822' user='futuretale200' visible='true' version='4' changeset='151103252' lat='23.2066272' lon='72.6862303' />
  <node id='6497616481' timestamp='2024-05-09T13:22:15Z' uid='18353822' user='futuretale200' visible='true' version='3' changeset='151100055' lat='23.2105299' lon='72.6851513' />
  <node id='6497616482' timestamp='2024-05-09T13:22:15Z' uid='18353822' user='futuretale200' visible='true' version='2' changeset='151100055' lat='23.2106175' lon='72.6854331' />
  <node id='6497616483' timestamp='2024-05-09T13:22:15Z' uid='18353822' user='futuretale200' visible='true' version='2' changeset='151100055' lat='23.2104202' lon='72.685566' />
  <node id='6497616484' timestamp='2024-05-09T13:22:15Z' uid='18353822' user='futuretale200' visible='true' version='3' changeset='151100055' lat='23.2104721' lon='72.6852405' />
  <node id='6497616685' timestamp='2024-05-09T13:22:15Z' uid='18353822' user='futuretale200' visible='true' version='3' changeset='151100055' lat='23.2102786' lon='72.6852524' />
  <node id='6497616686' timestamp='2024-05-09T13:22:15Z' uid='18353822' user='futuretale200' visible='true' version='2' changeset='151100055' lat='23.2102957' lon='72.6855799' />
  <node id='6497616687' timestamp='2024-05-09T13:22:15Z' uid='18353822' user='futuretale200' visible='true' version='2' changeset='151100055' lat='23.2103453' lon='72.6856314' />
  <node id='6497616688' timestamp='2024-05-09T13:22:15Z' uid='18353822' user='futuretale200' visible='true' version='3' changeset='151100055' lat='23.2102286' lon='72.6857645' />
  <node id='6497616689' timestamp='2024-05-09T13:22:15Z' uid='18353822' user='futuretale200' visible='true' version='3' changeset='151100055' lat='23.2102047' lon='72.6857001' />
  <node id='6497616690' timestamp='2024-05-09T13:22:15Z' uid='18353822' user='futuretale200' visible='true' version='2' changeset='151100055' lat='23.2101997' lon='72.6854484' />
  <node id='6497616691' timestamp='2024-05-09T13:22:15Z' uid='18353822' user='futuretale200' visible='true' version='3' changeset='151100055' lat='23.2101952' lon='72.6851591' />
  <node id='6497616692' timestamp='2024-05-09T13:01:29Z' uid='18353822' user='futuretale200' visible='true' version='2' changeset='151099153' lat='23.2110725' lon='72.6851138' />
  <node id='6497616693' timestamp='2024-05-09T13:01:29Z' uid='18353822' user='futuretale200' visible='true' version='2' changeset='151099153' lat='23.2107897' lon='72.6851305' />
  <node id='6497616694' timestamp='2024-05-09T13:01:29Z' uid='18353822' user='futuretale200' visible='true' version='2' changeset='151099153' lat='23.2107948' lon='72.685283' />
  <node id='6497616695' timestamp='2024-05-09T13:01:29Z' uid='18353822' user='futuretale200' visible='true' version='2' changeset='151099153' lat='23.2108661' lon='72.6853717' />
  <node id='6497616696' timestamp='2024-05-09T13:01:29Z' uid='18353822' user='futuretale200' visible='true' version='2' changeset='151099153' lat='23.2110827' lon='72.6853551' />
  <node id='6497616697' timestamp='2024-05-09T13:01:29Z' uid='18353822' user='futuretale200' visible='true' version='2' changeset='151099153' lat='23.2110827' lon='72.685466' />
  <node id='6497616698' timestamp='2024-05-09T13:01:29Z' uid='18353822' user='futuretale200' visible='true' version='2' changeset='151099153' lat='23.2108279' lon='72.6854771' />
  <node id='6497616699' timestamp='2024-05-09T13:01:29Z' uid='18353822' user='futuretale200' visible='true' version='2' changeset='151099153' lat='23.2106877' lon='72.6853329' />
  <node id='6497616700' timestamp='2024-05-09T13:01:29Z' uid='18353822' user='futuretale200' visible='true' version='2' changeset='151099153' lat='23.2106776' lon='72.6849946' />
  <node id='6497616701' timestamp='2024-05-09T13:01:29Z' uid='18353822' user='futuretale200' visible='true' version='2' changeset='151099153' lat='23.21107' lon='72.6849974' />
  <node id='6497616702' timestamp='2024-05-09T13:01:29Z' uid='18353822' user='futuretale200' visible='true' version='4' changeset='151099153' lat='23.2110582' lon='72.6845863' />
  <node id='6497616703' timestamp='2024-05-09T13:01:29Z' uid='18353822' user='futuretale200' visible='true' version='3' changeset='151099153' lat='23.2107449' lon='72.6846003' />
  <node id='6497616704' timestamp='2024-05-09T13:01:29Z' uid='18353822' user='futuretale200' visible='true' version='2' changeset='151099153' lat='23.2107383' lon='72.684691' />
  <node id='6497616705' timestamp='2024-05-09T13:01:29Z' uid='18353822' user='futuretale200' visible='true' version='2' changeset='151099153' lat='23.2107691' lon='72.6846918' />
  <node id='6497616706' timestamp='2024-05-09T13:01:29Z' uid='18353822' user='futuretale200' visible='true' version='3' changeset='151099153' lat='23.2107668' lon='72.6848174' />
  <node id='6497616707' timestamp='2024-05-09T13:01:29Z' uid='18353822' user='futuretale200' visible='true' version='3' changeset='151099153' lat='23.211016' lon='72.6848355' />
  <node id='6497616708' timestamp='2024-05-09T13:01:29Z' uid='18353822' user='futuretale200' visible='true' version='3' changeset='151099153' lat='23.2110161' lon='72.6849029' />
  <node id='6497616709' timestamp='2024-05-09T13:01:29Z' uid='18353822' user='futuretale200' visible='true' version='3' changeset='151099153' lat='23.2109437' lon='72.6849344' />
  <node id='6497616711' timestamp='2024-05-09T13:01:29Z' uid='18353822' user='futuretale200' visible='true' version='3' changeset='151099153' lat='23.2106656' lon='72.6848921' />
  <node id='6497616712' timestamp='2024-05-09T13:01:29Z' uid='18353822' user='futuretale200' visible='true' version='4' changeset='151099153' lat='23.21068' lon='72.6846084' />
  <node id='6497616713' timestamp='2024-05-09T13:01:29Z' uid='18353822' user='futuretale200' visible='true' version='3' changeset='151099153' lat='23.2106503' lon='72.6845976' />
  <node id='6497616714' timestamp='2024-05-09T13:01:29Z' uid='18353822' user='futuretale200' visible='true' version='3' changeset='151099153' lat='23.2106548' lon='72.6845079' />
  <node id='6497616716' timestamp='2024-05-09T13:01:29Z' uid='18353822' user='futuretale200' visible='true' version='3' changeset='151099153' lat='23.2105561' lon='72.6847217' />
  <node id='6497616717' timestamp='2024-05-09T13:01:29Z' uid='18353822' user='futuretale200' visible='true' version='4' changeset='151099153' lat='23.2105684' lon='72.6850681' />
  <node id='6497616718' timestamp='2024-05-09T13:01:29Z' uid='18353822' user='futuretale200' visible='true' version='4' changeset='151099153' lat='23.2101744' lon='72.6850848' />
  <node id='6497616722' timestamp='2024-05-09T13:01:29Z' uid='18353822' user='futuretale200' visible='true' version='3' changeset='151099153' lat='23.2104701' lon='72.6849721' />
  <node id='6497616723' timestamp='2024-05-09T13:01:29Z' uid='18353822' user='futuretale200' visible='true' version='3' changeset='151099153' lat='23.210463' lon='72.684768' />
  <node id='6497616724' timestamp='2024-05-09T13:01:29Z' uid='18353822' user='futuretale200' visible='true' version='3' changeset='151099153' lat='23.2103476' lon='72.6846576' />
  <node id='6497616726' timestamp='2024-05-09T13:01:29Z' uid='18353822' user='futuretale200' visible='true' version='3' changeset='151099153' lat='23.2101564' lon='72.6845421' />
  <node id='6497616731' timestamp='2024-05-09T13:01:29Z' uid='18353822' user='futuretale200' visible='true' version='3' changeset='151099153' lat='23.2104083' lon='72.6842508' />
  <node id='6497616732' timestamp='2024-05-09T13:01:29Z' uid='18353822' user='futuretale200' visible='true' version='3' changeset='151099153' lat='23.2102657' lon='72.6842231' />
  <node id='6497616733' timestamp='2024-05-09T13:01:29Z' uid='18353822' user='futuretale200' visible='true' version='3' changeset='151099153' lat='23.2102558' lon='72.6839809' />
  <node id='6497616734' timestamp='2024-05-09T13:01:29Z' uid='18353822' user='futuretale200' visible='true' version='3' changeset='151099153' lat='23.2104485' lon='72.6839715' />
  <node id='6497616735' timestamp='2024-05-09T13:01:29Z' uid='18353822' user='futuretale200' visible='true' version='3' changeset='151099153' lat='23.2104563' lon='72.6841616' />
  <node id='6497616736' timestamp='2024-05-09T13:01:29Z' uid='18353822' user='futuretale200' visible='true' version='3' changeset='151099153' lat='23.2105667' lon='72.6842658' />
  <node id='6497616737' timestamp='2024-05-09T13:01:29Z' uid='18353822' user='futuretale200' visible='true' version='3' changeset='151099153' lat='23.2105532' lon='72.6841542' />
  <node id='6497616739' timestamp='2024-05-09T13:01:29Z' uid='18353822' user='futuretale200' visible='true' version='3' changeset='151099153' lat='23.210548' lon='72.6838427' />
  <node id='6497616741' timestamp='2024-05-09T13:01:29Z' uid='18353822' user='futuretale200' visible='true' version='3' changeset='151099153' lat='23.2101601' lon='72.684335' />
  <node id='6497616742' timestamp='2024-05-09T13:01:29Z' uid='18353822' user='futuretale200' visible='true' version='3' changeset='151099153' lat='23.2105153' lon='72.6843279' />
  <node id='6497616743' timestamp='2024-05-09T13:01:29Z' uid='18353822' user='futuretale200' visible='true' version='2' changeset='151099153' lat='23.2107682' lon='72.6842252' />
  <node id='6497616744' timestamp='2024-05-09T13:01:29Z' uid='18353822' user='futuretale200' visible='true' version='2' changeset='151099153' lat='23.2107839' lon='72.6842074' />
  <node id='6497616745' timestamp='2024-05-09T13:01:29Z' uid='18353822' user='futuretale200' visible='true' version='2' changeset='151099153' lat='23.2107739' lon='72.6839603' />
  <node id='6497616746' timestamp='2024-05-09T13:01:29Z' uid='18353822' user='futuretale200' visible='true' version='2' changeset='151099153' lat='23.2109671' lon='72.6839567' />
  <node id='6497616747' timestamp='2024-05-09T13:01:29Z' uid='18353822' user='futuretale200' visible='true' version='2' changeset='151099153' lat='23.2109719' lon='72.6842681' />
  <node id='6497616748' timestamp='2024-05-09T13:01:29Z' uid='18353822' user='futuretale200' visible='true' version='2' changeset='151099153' lat='23.211009' lon='72.6842988' />
  <node id='6497616749' timestamp='2024-05-09T13:01:29Z' uid='18353822' user='futuretale200' visible='true' version='3' changeset='151099153' lat='23.2108517' lon='72.6844065' />
  <node id='6497616750' timestamp='2024-05-09T13:01:29Z' uid='18353822' user='futuretale200' visible='true' version='3' changeset='151099153' lat='23.2110664' lon='72.684401' />
  <node id='6497616751' timestamp='2024-05-09T13:01:29Z' uid='18353822' user='futuretale200' visible='true' version='2' changeset='151099153' lat='23.2110542' lon='72.6838372' />
  <node id='6497616752' timestamp='2024-05-09T13:01:29Z' uid='18353822' user='futuretale200' visible='true' version='3' changeset='151099153' lat='23.2107181' lon='72.6838459' />
  <node id='6497616753' timestamp='2024-05-09T13:01:29Z' uid='18353822' user='futuretale200' visible='true' version='3' changeset='151099153' lat='23.2106839' lon='72.6839124' />
  <node id='6497616755' timestamp='2024-05-09T13:01:29Z' uid='18353822' user='futuretale200' visible='true' version='2' changeset='151099153' lat='23.2106846' lon='72.6841398' />
  <node id='6497616756' timestamp='2024-05-09T13:01:29Z' uid='18353822' user='futuretale200' visible='true' version='2' changeset='151099153' lat='23.2106444' lon='72.6841854' />
  <node id='6497616757' timestamp='2024-05-09T13:01:29Z' uid='18353822' user='futuretale200' visible='true' version='3' changeset='151099153' lat='23.2107955' lon='72.6843432' />
  <node id='6497616758' timestamp='2024-05-09T13:01:29Z' uid='18353822' user='futuretale200' visible='true' version='2' changeset='151099153' lat='23.2108366' lon='72.6842967' />
  <node id='6497616759' timestamp='2024-05-09T13:43:16Z' uid='18353822' user='futuretale200' visible='true' version='2' changeset='151101124' lat='23.2136976' lon='72.6850768' />
  <node id='6497616760' timestamp='2024-05-09T13:43:16Z' uid='18353822' user='futuretale200' visible='true' version='2' changeset='151101124' lat='23.213699' lon='72.685507' />
  <node id='6497616761' timestamp='2024-05-09T13:43:16Z' uid='18353822' user='futuretale200' visible='true' version='2' changeset='151101124' lat='23.2135299' lon='72.6855076' />
  <node id='6497616762' timestamp='2024-05-09T13:43:16Z' uid='18353822' user='futuretale200' visible='true' version='2' changeset='151101124' lat='23.2135289' lon='72.6852228' />
  <node id='6497616763' timestamp='2024-05-09T13:43:16Z' uid='18353822' user='futuretale200' visible='true' version='2' changeset='151101124' lat='23.2135039' lon='72.685223' />
  <node id='6497616764' timestamp='2024-05-09T13:43:16Z' uid='18353822' user='futuretale200' visible='true' version='2' changeset='151101124' lat='23.2135071' lon='72.6858636' />
  <node id='6497616765' timestamp='2024-05-09T13:43:16Z' uid='18353822' user='futuretale200' visible='true' version='2' changeset='151101124' lat='23.2132226' lon='72.6858653' />
  <node id='6497616766' timestamp='2024-05-09T13:43:16Z' uid='18353822' user='futuretale200' visible='true' version='2' changeset='151101124' lat='23.2132185' lon='72.6850372' />
  <node id='6497616767' timestamp='2019-05-24T12:11:40Z' uid='9957476' user='Karan0908' visible='true' version='1' changeset='70584355' lat='23.2133117' lon='72.6850367' />
  <node id='6497616768' timestamp='2019-05-24T12:11:40Z' uid='9957476' user='Karan0908' visible='true' version='1' changeset='70584355' lat='23.2133879' lon='72.6851423' />
  <node id='6497616769' timestamp='2024-05-09T13:43:16Z' uid='18353822' user='futuretale200' visible='true' version='2' changeset='151101124' lat='23.2133877' lon='72.685078' />
  <node id='6497616771' timestamp='2024-05-09T13:43:16Z' uid='18353822' user='futuretale200' visible='true' version='3' changeset='151101124' lat='23.2137717' lon='72.6857973' />
  <node id='6497616772' timestamp='2024-02-29T06:46:33Z' uid='16275581' user='ompatekar' visible='true' version='2' changeset='148038251' lat='23.2136527' lon='72.6857947' />
  <node id='6497616773' timestamp='2024-02-29T06:46:33Z' uid='16275581' user='ompatekar' visible='true' version='3' changeset='148038251' lat='23.2137005' lon='72.6858776' />
  <node id='6497616774' timestamp='2024-05-09T13:43:16Z' uid='18353822' user='futuretale200' visible='true' version='3' changeset='151101124' lat='23.21426' lon='72.6858717' />
  <node id='6497616775' timestamp='2024-05-09T13:43:16Z' uid='18353822' user='futuretale200' visible='true' version='3' changeset='151101124' lat='23.2142589' lon='72.6857489' />
  <node id='6497616776' timestamp='2024-05-09T13:43:16Z' uid='18353822' user='futuretale200' visible='true' version='3' changeset='151101124' lat='23.2140302' lon='72.6857513' />
  <node id='6497616777' timestamp='2024-05-09T13:43:16Z' uid='18353822' user='futuretale200' visible='true' version='3' changeset='151101124' lat='23.2140255' lon='72.6852039' />
  <node id='6497616778' timestamp='2024-05-09T13:43:16Z' uid='18353822' user='futuretale200' visible='true' version='3' changeset='151101124' lat='23.2140691' lon='72.6852035' />
  <node id='6497616779' timestamp='2024-05-09T13:43:16Z' uid='18353822' user='futuretale200' visible='true' version='3' changeset='151101124' lat='23.2140905' lon='72.6854496' />
  <node id='6497616780' timestamp='2024-05-09T13:43:16Z' uid='18353822' user='futuretale200' visible='true' version='3' changeset='151101124' lat='23.2142119' lon='72.6854437' />
  <node id='6497616781' timestamp='2024-02-29T06:46:33Z' uid='16275581' user='ompatekar' visible='true' version='2' changeset='148038251' lat='23.2142106' lon='72.6850747' />
  <node id='6497616782' timestamp='2024-02-29T06:46:33Z' uid='16275581' user='ompatekar' visible='true' version='2' changeset='148038251' lat='23.214142' lon='72.6850107' />
  <node id='6497616783' timestamp='2024-05-09T13:43:16Z' uid='18353822' user='futuretale200' visible='true' version='3' changeset='151101124' lat='23.21391' lon='72.6850371' />
  <node id='6497616784' timestamp='2024-02-29T06:46:33Z' uid='16275581' user='ompatekar' visible='true' version='2' changeset='148038251' lat='23.2138479' lon='72.6849467' />
  <node id='6497616885' timestamp='2024-05-09T13:43:16Z' uid='18353822' user='futuretale200' visible='true' version='3' changeset='151101124' lat='23.2137778' lon='72.6849546' />
  <node id='6510771981' timestamp='2023-01-25T17:31:23Z' uid='18353822' user='futuretale200' visible='true' version='2' changeset='131704821' lat='23.213261' lon='72.6838845' />
  <node id='6510771982' timestamp='2023-01-25T17:31:23Z' uid='18353822' user='futuretale200' visible='true' version='2' changeset='131704821' lat='23.2132595' lon='72.6839383' />
  <node id='6510771983' timestamp='2023-01-25T17:31:23Z' uid='18353822' user='futuretale200' visible='true' version='2' changeset='131704821' lat='23.2131499' lon='72.6839827' />
  <node id='6510771984' timestamp='2019-05-30T09:41:13Z' uid='9549262' user='Nipun Batra' visible='true' version='1' changeset='70762139' lat='23.2131483' lon='72.6838554' />
  <node id='6511996897' timestamp='2019-05-30T18:48:02Z' uid='9957476' user='Karan0908' visible='true' version='1' changeset='70783068' lat='23.2110912' lon='72.6855639' />
  <node id='6511996898' timestamp='2019-05-30T18:48:02Z' uid='9957476' user='Karan0908' visible='true' version='1' changeset='70783068' lat='23.2110912' lon='72.6857945' />
  <node id='6511996899' timestamp='2019-05-30T18:48:02Z' uid='9957476' user='Karan0908' visible='true' version='1' changeset='70783068' lat='23.2104601' lon='72.6858053' />
  <node id='6511996900' timestamp='2019-05-30T18:48:02Z' uid='9957476' user='Karan0908' visible='true' version='1' changeset='70783068' lat='23.2106869' lon='72.6855156' />
  <node id='6511996901' timestamp='2019-05-30T18:48:02Z' uid='9957476' user='Karan0908' visible='true' version='1' changeset='70783068' lat='23.2107362' lon='72.6855585' />
  <node id='6512005821' timestamp='2024-05-09T13:43:16Z' uid='18353822' user='futuretale200' visible='true' version='2' changeset='151101124' lat='23.2127383' lon='72.6833193' />
  <node id='6512005822' timestamp='2024-05-09T13:43:16Z' uid='18353822' user='futuretale200' visible='true' version='3' changeset='151101124' lat='23.21275' lon='72.6838741' />
  <node id='6512005823' timestamp='2024-05-09T13:43:16Z' uid='18353822' user='futuretale200' visible='true' version='3' changeset='151101124' lat='23.212272' lon='72.683886' />
  <node id='6512005824' timestamp='2024-05-09T13:43:16Z' uid='18353822' user='futuretale200' visible='true' version='3' changeset='151101124' lat='23.2122603' lon='72.6833312' />
  <node id='6512017285' timestamp='2024-05-09T13:43:16Z' uid='18353822' user='futuretale200' visible='true' version='2' changeset='151101124' lat='23.2159597' lon='72.685687' />
  <node id='6512017286' timestamp='2024-05-09T13:43:16Z' uid='18353822' user='futuretale200' visible='true' version='3' changeset='151101124' lat='23.2154972' lon='72.6856895' />
  <node id='6512017287' timestamp='2024-05-09T11:52:59Z' uid='18353822' user='futuretale200' visible='true' version='2' changeset='151096112' lat='23.2151754' lon='72.6863006' />
  <node id='6512017288' timestamp='2024-05-09T13:43:16Z' uid='18353822' user='futuretale200' visible='true' version='4' changeset='151101124' lat='23.2133333' lon='72.6878583' />
  <node id='6512017291' timestamp='2019-05-30T19:03:12Z' uid='9957476' user='Karan0908' visible='true' version='1' changeset='70783544' lat='23.2129178' lon='72.6856031' />
  <node id='6512017292' timestamp='2019-05-30T19:03:12Z' uid='9957476' user='Karan0908' visible='true' version='1' changeset='70783544' lat='23.2130015' lon='72.6853603' />
  <node id='6512017293' timestamp='2019-05-30T19:03:12Z' uid='9957476' user='Karan0908' visible='true' version='1' changeset='70783544' lat='23.2129876' lon='72.6843893' />
  <node id='6512017294' timestamp='2024-05-09T13:43:16Z' uid='18353822' user='futuretale200' visible='true' version='2' changeset='151101124' lat='23.213064' lon='72.6842002' />
  <node id='6512017295' timestamp='2024-05-09T13:43:16Z' uid='18353822' user='futuretale200' visible='true' version='2' changeset='151101124' lat='23.213052' lon='72.6832737' />
  <node id='6512017296' timestamp='2024-05-09T13:43:16Z' uid='18353822' user='futuretale200' visible='true' version='2' changeset='151101124' lat='23.2135446' lon='72.683269' />
  <node id='6512017384' timestamp='2024-05-09T13:43:16Z' uid='18353822' user='futuretale200' visible='true' version='2' changeset='151101124' lat='23.2123578' lon='72.6831665' />
  <node id='6512018386' timestamp='2024-05-09T13:43:16Z' uid='18353822' user='futuretale200' visible='true' version='2' changeset='151101124' lat='23.2117511' lon='72.682952' />
  <node id='6512018387' timestamp='2024-05-09T13:58:48Z' uid='18353822' user='futuretale200' visible='true' version='5' changeset='151101924' lat='23.2117559' lon='72.6829604' />
  <node id='6512018388' timestamp='2024-05-09T13:58:48Z' uid='18353822' user='futuretale200' visible='true' version='5' changeset='151101924' lat='23.2116211' lon='72.6829547' />
  <node id='6512027049' timestamp='2024-05-09T13:01:29Z' uid='18353822' user='futuretale200' visible='true' version='3' changeset='151099153' lat='23.20926' lon='72.6833063' />
  <node id='6512029456' timestamp='2019-05-30T19:13:51Z' uid='9957476' user='Karan0908' visible='true' version='1' changeset='70783825' lat='23.2103799' lon='72.6832278' />
  <node id='6512035037' timestamp='2019-05-30T19:18:48Z' uid='9957476' user='Karan0908' visible='true' version='1' changeset='70783951' lat='23.2133366' lon='72.6842177' />
  <node id='6512035038' timestamp='2019-05-30T19:18:48Z' uid='9957476' user='Karan0908' visible='true' version='1' changeset='70783951' lat='23.213612' lon='72.684506' />
  <node id='6512035039' timestamp='2019-05-30T19:18:48Z' uid='9957476' user='Karan0908' visible='true' version='1' changeset='70783951' lat='23.2138769' lon='72.6848322' />
  <node id='6512035040' timestamp='2019-05-30T19:18:48Z' uid='9957476' user='Karan0908' visible='true' version='1' changeset='70783951' lat='23.2139013' lon='72.6848663' />
  <node id='6512035041' timestamp='2019-05-30T19:18:48Z' uid='9957476' user='Karan0908' visible='true' version='1' changeset='70783951' lat='23.2132424' lon='72.6848739' />
  <node id='6512035042' timestamp='2019-05-30T19:18:48Z' uid='9957476' user='Karan0908' visible='true' version='1' changeset='70783951' lat='23.2132285' lon='72.6842101' />
  <node id='6512052374' timestamp='2024-05-09T13:43:16Z' uid='18353822' user='futuretale200' visible='true' version='3' changeset='151101124' lat='23.2133685' lon='72.6833812' />
  <node id='6512052375' timestamp='2024-05-09T13:43:16Z' uid='18353822' user='futuretale200' visible='true' version='3' changeset='151101124' lat='23.213273' lon='72.6833808' />
  <node id='6512052376' timestamp='2024-05-09T13:43:16Z' uid='18353822' user='futuretale200' visible='true' version='3' changeset='151101124' lat='23.2132733' lon='72.6833164' />
  <node id='6512052377' timestamp='2024-05-09T13:43:16Z' uid='18353822' user='futuretale200' visible='true' version='3' changeset='151101124' lat='23.2131085' lon='72.6833157' />
  <node id='6512052378' timestamp='2024-05-09T13:43:16Z' uid='18353822' user='futuretale200' visible='true' version='3' changeset='151101124' lat='23.2131077' lon='72.6835529' />
  <node id='6512052379' timestamp='2024-05-09T13:43:16Z' uid='18353822' user='futuretale200' visible='true' version='3' changeset='151101124' lat='23.2131321' lon='72.683553' />
  <node id='6512052380' timestamp='2024-05-09T13:43:16Z' uid='18353822' user='futuretale200' visible='true' version='3' changeset='151101124' lat='23.2131316' lon='72.6837121' />
  <node id='6512052381' timestamp='2024-05-09T13:43:16Z' uid='18353822' user='futuretale200' visible='true' version='3' changeset='151101124' lat='23.2132738' lon='72.6837127' />
  <node id='6512052382' timestamp='2024-05-09T13:43:16Z' uid='18353822' user='futuretale200' visible='true' version='3' changeset='151101124' lat='23.2132924' lon='72.6837397' />
  <node id='6512052383' timestamp='2024-05-09T13:43:16Z' uid='18353822' user='futuretale200' visible='true' version='3' changeset='151101124' lat='23.2132565' lon='72.683769' />
  <node id='6512053285' timestamp='2024-05-09T13:43:16Z' uid='18353822' user='futuretale200' visible='true' version='3' changeset='151101124' lat='23.213402' lon='72.6837583' />
  <node id='6512053286' timestamp='2024-05-09T13:43:16Z' uid='18353822' user='futuretale200' visible='true' version='3' changeset='151101124' lat='23.2133674' lon='72.6836966' />
  <node id='6512054488' timestamp='2019-05-30T19:35:47Z' uid='9957476' user='Karan0908' visible='true' version='1' changeset='70784414' lat='23.2134562' lon='72.6838193' />
  <node id='6512054489' timestamp='2019-05-30T19:35:47Z' uid='9957476' user='Karan0908' visible='true' version='1' changeset='70784414' lat='23.2135893' lon='72.6839748' />
  <node id='6512054490' timestamp='2019-05-30T19:35:47Z' uid='9957476' user='Karan0908' visible='true' version='1' changeset='70784414' lat='23.2136362' lon='72.6839775' />
  <node id='6512054491' timestamp='2019-05-30T19:35:47Z' uid='9957476' user='Karan0908' visible='true' version='1' changeset='70784414' lat='23.213895' lon='72.6839909' />
  <node id='6512054492' timestamp='2019-05-30T19:35:47Z' uid='9957476' user='Karan0908' visible='true' version='1' changeset='70784414' lat='23.2138975' lon='72.6840419' />
  <node id='6512054493' timestamp='2024-05-09T13:43:16Z' uid='18353822' user='futuretale200' visible='true' version='3' changeset='151101124' lat='23.2142786' lon='72.6840038' />
  <node id='6512054495' timestamp='2019-05-30T19:35:47Z' uid='9957476' user='Karan0908' visible='true' version='1' changeset='70784414' lat='23.2134784' lon='72.6835832' />
  <node id='6512054496' timestamp='2019-05-30T19:35:47Z' uid='9957476' user='Karan0908' visible='true' version='1' changeset='70784414' lat='23.2134488' lon='72.6836262' />
  <node id='6512058130' timestamp='2019-05-30T19:40:14Z' uid='9957476' user='Karan0908' visible='true' version='1' changeset='70784510' lat='23.214176' lon='72.6845622' />
  <node id='6512058131' timestamp='2019-05-30T19:40:14Z' uid='9957476' user='Karan0908' visible='true' version='1' changeset='70784510' lat='23.214107' lon='72.6845622' />
  <node id='6512058132' timestamp='2019-05-30T19:40:14Z' uid='9957476' user='Karan0908' visible='true' version='1' changeset='70784510' lat='23.2141021' lon='72.6845944' />
  <node id='6512058133' timestamp='2019-05-30T19:40:14Z' uid='9957476' user='Karan0908' visible='true' version='1' changeset='70784510' lat='23.2139961' lon='72.6845944' />
  <node id='6512058134' timestamp='2019-05-30T19:40:14Z' uid='9957476' user='Karan0908' visible='true' version='1' changeset='70784510' lat='23.2139911' lon='72.6845569' />
  <node id='6512058135' timestamp='2019-05-30T19:40:14Z' uid='9957476' user='Karan0908' visible='true' version='1' changeset='70784510' lat='23.2139246' lon='72.6845596' />
  <node id='6512058136' timestamp='2019-05-30T19:40:14Z' uid='9957476' user='Karan0908' visible='true' version='1' changeset='70784510' lat='23.2139221' lon='72.6846347' />
  <node id='6512058137' timestamp='2019-05-30T19:40:14Z' uid='9957476' user='Karan0908' visible='true' version='1' changeset='70784510' lat='23.2139024' lon='72.6846347' />
  <node id='6512058138' timestamp='2019-05-30T19:40:15Z' uid='9957476' user='Karan0908' visible='true' version='1' changeset='70784510' lat='23.2138334' lon='72.684581' />
  <node id='6512058139' timestamp='2019-05-30T19:40:15Z' uid='9957476' user='Karan0908' visible='true' version='1' changeset='70784510' lat='23.2137989' lon='72.6846078' />
  <node id='6512058140' timestamp='2019-05-30T19:40:15Z' uid='9957476' user='Karan0908' visible='true' version='1' changeset='70784510' lat='23.2137471' lon='72.6845542' />
  <node id='6512058141' timestamp='2019-05-30T19:40:15Z' uid='9957476' user='Karan0908' visible='true' version='1' changeset='70784510' lat='23.2137668' lon='72.6845354' />
  <node id='6512058142' timestamp='2019-05-30T19:40:15Z' uid='9957476' user='Karan0908' visible='true' version='1' changeset='70784510' lat='23.2136953' lon='72.6844576' />
  <node id='6512058143' timestamp='2019-05-30T19:40:15Z' uid='9957476' user='Karan0908' visible='true' version='1' changeset='70784510' lat='23.2136485' lon='72.6844281' />
  <node id='6512058144' timestamp='2019-05-30T19:40:15Z' uid='9957476' user='Karan0908' visible='true' version='1' changeset='70784510' lat='23.213646' lon='72.6843557' />
  <node id='6512058145' timestamp='2019-05-30T19:40:15Z' uid='9957476' user='Karan0908' visible='true' version='1' changeset='70784510' lat='23.213646' lon='72.6843343' />
  <node id='6512058146' timestamp='2019-05-30T19:40:15Z' uid='9957476' user='Karan0908' visible='true' version='1' changeset='70784510' lat='23.213609' lon='72.6843369' />
  <node id='6512058147' timestamp='2019-05-30T19:40:15Z' uid='9957476' user='Karan0908' visible='true' version='1' changeset='70784510' lat='23.2136066' lon='72.6841975' />
  <node id='6512058148' timestamp='2019-05-30T19:40:15Z' uid='9957476' user='Karan0908' visible='true' version='1' changeset='70784510' lat='23.2135622' lon='72.6841975' />
  <node id='6512058149' timestamp='2019-05-30T19:40:15Z' uid='9957476' user='Karan0908' visible='true' version='1' changeset='70784510' lat='23.2135622' lon='72.6840821' />
  <node id='6512058150' timestamp='2019-05-30T19:40:15Z' uid='9957476' user='Karan0908' visible='true' version='1' changeset='70784510' lat='23.213651' lon='72.6840795' />
  <node id='6512058151' timestamp='2019-05-30T19:40:15Z' uid='9957476' user='Karan0908' visible='true' version='1' changeset='70784510' lat='23.2136485' lon='72.6840151' />
  <node id='6512058152' timestamp='2019-05-30T19:40:15Z' uid='9957476' user='Karan0908' visible='true' version='1' changeset='70784510' lat='23.2138161' lon='72.6840204' />
  <node id='6512058153' timestamp='2019-05-30T19:40:15Z' uid='9957476' user='Karan0908' visible='true' version='1' changeset='70784510' lat='23.2138235' lon='72.6841653' />
  <node id='6512058154' timestamp='2019-05-30T19:40:15Z' uid='9957476' user='Karan0908' visible='true' version='1' changeset='70784510' lat='23.2139147' lon='72.6841572' />
  <node id='6512058155' timestamp='2019-05-30T19:40:15Z' uid='9957476' user='Karan0908' visible='true' version='1' changeset='70784510' lat='23.2139098' lon='72.6842431' />
  <node id='6512058156' timestamp='2019-05-30T19:40:15Z' uid='9957476' user='Karan0908' visible='true' version='1' changeset='70784510' lat='23.214001' lon='72.6842323' />
  <node id='6512058157' timestamp='2019-05-30T19:40:15Z' uid='9957476' user='Karan0908' visible='true' version='1' changeset='70784510' lat='23.2139985' lon='72.6841304' />
  <node id='6512058158' timestamp='2019-05-30T19:40:15Z' uid='9957476' user='Karan0908' visible='true' version='1' changeset='70784510' lat='23.2140454' lon='72.6841277' />
  <node id='6512058159' timestamp='2019-05-30T19:40:15Z' uid='9957476' user='Karan0908' visible='true' version='1' changeset='70784510' lat='23.2140429' lon='72.6840419' />
  <node id='6512058160' timestamp='2019-05-30T19:40:15Z' uid='9957476' user='Karan0908' visible='true' version='1' changeset='70784510' lat='23.214107' lon='72.6840526' />
  <node id='6512058161' timestamp='2019-05-30T19:40:15Z' uid='9957476' user='Karan0908' visible='true' version='1' changeset='70784510' lat='23.2141119' lon='72.6844228' />
  <node id='6512058162' timestamp='2019-05-30T19:40:15Z' uid='9957476' user='Karan0908' visible='true' version='1' changeset='70784510' lat='23.214176' lon='72.6844174' />
  <node id='6512062756' timestamp='2019-05-30T19:43:44Z' uid='9957476' user='Karan0908' visible='true' version='1' changeset='70784593' lat='23.2144812' lon='72.6844381' />
  <node id='6512062757' timestamp='2019-05-30T19:43:44Z' uid='9957476' user='Karan0908' visible='true' version='1' changeset='70784593' lat='23.2144886' lon='72.6851597' />
  <node id='6512062758' timestamp='2019-05-30T19:43:44Z' uid='9957476' user='Karan0908' visible='true' version='1' changeset='70784593' lat='23.2144023' lon='72.6850765' />
  <node id='6512062759' timestamp='2019-05-30T19:43:44Z' uid='9957476' user='Karan0908' visible='true' version='1' changeset='70784593' lat='23.2143506' lon='72.6851221' />
  <node id='6512062760' timestamp='2019-05-30T19:43:44Z' uid='9957476' user='Karan0908' visible='true' version='1' changeset='70784593' lat='23.2142889' lon='72.6850524' />
  <node id='6512062761' timestamp='2019-05-30T19:43:44Z' uid='9957476' user='Karan0908' visible='true' version='1' changeset='70784593' lat='23.2142495' lon='72.685098' />
  <node id='6512062762' timestamp='2019-05-30T19:43:44Z' uid='9957476' user='Karan0908' visible='true' version='1' changeset='70784593' lat='23.21421' lon='72.6850524' />
  <node id='6512062763' timestamp='2019-05-30T19:43:44Z' uid='9957476' user='Karan0908' visible='true' version='1' changeset='70784593' lat='23.2142569' lon='72.6849934' />
  <node id='6512062764' timestamp='2019-05-30T19:43:44Z' uid='9957476' user='Karan0908' visible='true' version='1' changeset='70784593' lat='23.2142199' lon='72.6849612' />
  <node id='6512062765' timestamp='2019-05-30T19:43:44Z' uid='9957476' user='Karan0908' visible='true' version='1' changeset='70784593' lat='23.2142224' lon='72.6845642' />
  <node id='6512062766' timestamp='2019-05-30T19:43:44Z' uid='9957476' user='Karan0908' visible='true' version='1' changeset='70784593' lat='23.2141953' lon='72.6845615' />
  <node id='6512062767' timestamp='2019-05-30T19:43:44Z' uid='9957476' user='Karan0908' visible='true' version='1' changeset='70784593' lat='23.2141928' lon='72.684414' />
  <node id='6512062768' timestamp='2019-05-30T19:43:44Z' uid='9957476' user='Karan0908' visible='true' version='1' changeset='70784593' lat='23.2142421' lon='72.6844086' />
  <node id='6512062769' timestamp='2019-05-30T19:43:44Z' uid='9957476' user='Karan0908' visible='true' version='1' changeset='70784593' lat='23.2141731' lon='72.6843389' />
  <node id='6512062770' timestamp='2019-05-30T19:43:44Z' uid='9957476' user='Karan0908' visible='true' version='1' changeset='70784593' lat='23.2142692' lon='72.6842236' />
  <node id='6512062771' timestamp='2019-05-30T19:43:44Z' uid='9957476' user='Karan0908' visible='true' version='1' changeset='70784593' lat='23.2143111' lon='72.684178' />
  <node id='6512062772' timestamp='2019-05-30T19:43:44Z' uid='9957476' user='Karan0908' visible='true' version='1' changeset='70784593' lat='23.214528' lon='72.6844006' />
  <node id='6512066277' timestamp='2024-05-09T13:43:16Z' uid='18353822' user='futuretale200' visible='true' version='2' changeset='151101124' lat='23.2146397' lon='72.6845367' />
  <node id='6512066278' timestamp='2019-05-30T19:48:04Z' uid='9957476' user='Karan0908' visible='true' version='1' changeset='70784683' lat='23.2145754' lon='72.6846087' />
  <node id='6512066279' timestamp='2024-05-09T13:43:16Z' uid='18353822' user='futuretale200' visible='true' version='2' changeset='151101124' lat='23.2145757' lon='72.6846367' />
  <node id='6512066280' timestamp='2024-05-09T13:43:16Z' uid='18353822' user='futuretale200' visible='true' version='2' changeset='151101124' lat='23.2144966' lon='72.6846379' />
  <node id='6512066281' timestamp='2024-05-09T13:43:16Z' uid='18353822' user='futuretale200' visible='true' version='2' changeset='151101124' lat='23.214497' lon='72.6846738' />
  <node id='6512066282' timestamp='2024-05-09T13:43:16Z' uid='18353822' user='futuretale200' visible='true' version='2' changeset='151101124' lat='23.2146122' lon='72.6846722' />
  <node id='6512066283' timestamp='2019-05-30T19:48:04Z' uid='9957476' user='Karan0908' visible='true' version='1' changeset='70784683' lat='23.2146128' lon='72.6847237' />
  <node id='6512066284' timestamp='2019-05-30T19:48:04Z' uid='9957476' user='Karan0908' visible='true' version='1' changeset='70784683' lat='23.2146003' lon='72.684753' />
  <node id='6512067685' timestamp='2024-05-09T13:43:16Z' uid='18353822' user='futuretale200' visible='true' version='2' changeset='151101124' lat='23.214795' lon='72.6849582' />
  <node id='6512067687' timestamp='2019-05-30T19:48:04Z' uid='9957476' user='Karan0908' visible='true' version='1' changeset='70784683' lat='23.2147247' lon='72.6850372' />
  <node id='6512067688' timestamp='2024-05-09T13:43:16Z' uid='18353822' user='futuretale200' visible='true' version='2' changeset='151101124' lat='23.2147234' lon='72.6849778' />
  <node id='6512067689' timestamp='2024-05-09T13:43:16Z' uid='18353822' user='futuretale200' visible='true' version='2' changeset='151101124' lat='23.2145159' lon='72.6849833' />
  <node id='6512067690' timestamp='2024-05-09T13:43:16Z' uid='18353822' user='futuretale200' visible='true' version='2' changeset='151101124' lat='23.2145201' lon='72.6851714' />
  <node id='6512067691' timestamp='2024-05-09T13:43:16Z' uid='18353822' user='futuretale200' visible='true' version='2' changeset='151101124' lat='23.214688' lon='72.6851669' />
  <node id='6512067692' timestamp='2019-05-30T19:48:04Z' uid='9957476' user='Karan0908' visible='true' version='1' changeset='70784683' lat='23.2146915' lon='72.6853236' />
  <node id='6512067693' timestamp='2019-05-30T19:48:04Z' uid='9957476' user='Karan0908' visible='true' version='1' changeset='70784683' lat='23.2146604' lon='72.6853778' />
  <node id='6512067694' timestamp='2024-05-09T13:43:16Z' uid='18353822' user='futuretale200' visible='true' version='2' changeset='151101124' lat='23.2147023' lon='72.6854238' />
  <node id='6512067695' timestamp='2024-05-09T13:43:16Z' uid='18353822' user='futuretale200' visible='true' version='2' changeset='151101124' lat='23.2147124' lon='72.685413' />
  <node id='6512067696' timestamp='2019-05-30T19:48:04Z' uid='9957476' user='Karan0908' visible='true' version='1' changeset='70784683' lat='23.2148076' lon='72.6855176' />
  <node id='6512067697' timestamp='2019-05-30T19:48:04Z' uid='9957476' user='Karan0908' visible='true' version='1' changeset='70784683' lat='23.2147869' lon='72.6855605' />
  <node id='6512067698' timestamp='2024-05-09T13:43:16Z' uid='18353822' user='futuretale200' visible='true' version='2' changeset='151101124' lat='23.2149459' lon='72.68556' />
  <node id='6512067699' timestamp='2024-05-09T13:43:16Z' uid='18353822' user='futuretale200' visible='true' version='2' changeset='151101124' lat='23.2149458' lon='72.6855077' />
  <node id='6512067700' timestamp='2024-05-09T13:43:16Z' uid='18353822' user='futuretale200' visible='true' version='2' changeset='151101124' lat='23.2150222' lon='72.6855074' />
  <node id='6512067701' timestamp='2024-05-09T13:43:16Z' uid='18353822' user='futuretale200' visible='true' version='2' changeset='151101124' lat='23.2150219' lon='72.6854129' />
  <node id='6512067702' timestamp='2024-05-09T13:43:16Z' uid='18353822' user='futuretale200' visible='true' version='2' changeset='151101124' lat='23.2149845' lon='72.685413' />
  <node id='6512067703' timestamp='2019-05-30T19:48:05Z' uid='9957476' user='Karan0908' visible='true' version='1' changeset='70784683' lat='23.2149838' lon='72.6851725' />
  <node id='6512067704' timestamp='2024-05-09T13:43:16Z' uid='18353822' user='futuretale200' visible='true' version='2' changeset='151101124' lat='23.215016' lon='72.6851364' />
  <node id='6512067705' timestamp='2024-05-09T13:43:16Z' uid='18353822' user='futuretale200' visible='true' version='2' changeset='151101124' lat='23.2149478' lon='72.6850642' />
  <node id='6512067706' timestamp='2024-05-09T13:43:16Z' uid='18353822' user='futuretale200' visible='true' version='2' changeset='151101124' lat='23.2150066' lon='72.6849984' />
  <node id='6512067707' timestamp='2024-05-09T13:43:16Z' uid='18353822' user='futuretale200' visible='true' version='2' changeset='151101124' lat='23.215098' lon='72.685095' />
  <node id='6512067708' timestamp='2024-05-09T13:43:16Z' uid='18353822' user='futuretale200' visible='true' version='2' changeset='151101124' lat='23.2151799' lon='72.6850033' />
  <node id='6512067709' timestamp='2024-05-09T13:43:16Z' uid='18353822' user='futuretale200' visible='true' version='2' changeset='151101124' lat='23.2147248' lon='72.6845223' />
  <node id='6512067710' timestamp='2024-05-09T13:43:16Z' uid='18353822' user='futuretale200' visible='true' version='2' changeset='151101124' lat='23.2146768' lon='72.684576' />
  <node id='6512068890' timestamp='2024-05-09T13:43:16Z' uid='18353822' user='futuretale200' visible='true' version='2' changeset='151101124' lat='23.2147331' lon='72.6856383' />
  <node id='6512068891' timestamp='2024-05-09T13:43:16Z' uid='18353822' user='futuretale200' visible='true' version='2' changeset='151101124' lat='23.214754' lon='72.6856159' />
  <node id='6512068892' timestamp='2024-05-09T13:43:16Z' uid='18353822' user='futuretale200' visible='true' version='2' changeset='151101124' lat='23.2149653' lon='72.6858492' />
  <node id='6512068893' timestamp='2024-05-09T13:43:16Z' uid='18353822' user='futuretale200' visible='true' version='2' changeset='151101124' lat='23.2147166' lon='72.6861159' />
  <node id='6512068894' timestamp='2019-05-30T19:50:03Z' uid='9957476' user='Karan0908' visible='true' version='1' changeset='70784736' lat='23.2145506' lon='72.6859326' />
  <node id='6512068895' timestamp='2024-05-09T13:43:16Z' uid='18353822' user='futuretale200' visible='true' version='2' changeset='151101124' lat='23.2143469' lon='72.6859308' />
  <node id='6512068897' timestamp='2024-05-09T13:43:16Z' uid='18353822' user='futuretale200' visible='true' version='2' changeset='151101124' lat='23.2143503' lon='72.6854737' />
  <node id='6512068898' timestamp='2024-05-09T13:43:16Z' uid='18353822' user='futuretale200' visible='true' version='2' changeset='151101124' lat='23.2142702' lon='72.6854729' />
  <node id='6512068899' timestamp='2024-05-09T13:43:16Z' uid='18353822' user='futuretale200' visible='true' version='2' changeset='151101124' lat='23.2142707' lon='72.6854138' />
  <node id='6512068900' timestamp='2019-05-30T19:50:03Z' uid='9957476' user='Karan0908' visible='true' version='1' changeset='70784736' lat='23.2145319' lon='72.6854161' />
  <node id='6512100464' timestamp='2024-05-09T13:43:16Z' uid='18353822' user='futuretale200' visible='true' version='2' changeset='151101124' lat='23.2118283' lon='72.6849571' />
  <node id='6512100465' timestamp='2019-05-30T20:19:35Z' uid='9957476' user='Karan0908' visible='true' version='1' changeset='70785448' lat='23.212369' lon='72.6849448' />
  <node id='6512100466' timestamp='2024-05-09T13:43:16Z' uid='18353822' user='futuretale200' visible='true' version='2' changeset='151101124' lat='23.2130625' lon='72.6842771' />
  <node id='6512100467' timestamp='2019-05-30T20:19:35Z' uid='9957476' user='Karan0908' visible='true' version='1' changeset='70785448' lat='23.2129686' lon='72.6841937' />
  <node id='6512100468' timestamp='2024-05-09T13:43:16Z' uid='18353822' user='futuretale200' visible='true' version='2' changeset='151101124' lat='23.2118141' lon='72.6842201' />
  <node id='6512107851' timestamp='2024-05-09T13:01:29Z' uid='18353822' user='futuretale200' visible='true' version='3' changeset='151099153' lat='23.2116553' lon='72.6844033' />
  <node id='6512107852' timestamp='2024-05-09T13:01:29Z' uid='18353822' user='futuretale200' visible='true' version='3' changeset='151099153' lat='23.2114408' lon='72.6844052' />
  <node id='6512107853' timestamp='2024-05-09T13:01:29Z' uid='18353822' user='futuretale200' visible='true' version='3' changeset='151099153' lat='23.2114432' lon='72.6847217' />
  <node id='6512107854' timestamp='2024-05-09T13:01:29Z' uid='18353822' user='futuretale200' visible='true' version='2' changeset='151099153' lat='23.2116577' lon='72.6847198' />
  <node id='6512108985' timestamp='2024-05-09T13:01:29Z' uid='18353822' user='futuretale200' visible='true' version='2' changeset='151099153' lat='23.2113935' lon='72.6834339' />
  <node id='6512108986' timestamp='2024-05-09T13:01:29Z' uid='18353822' user='futuretale200' visible='true' version='2' changeset='151099153' lat='23.2114037' lon='72.6837981' />
  <node id='6512108987' timestamp='2024-05-09T13:01:29Z' uid='18353822' user='futuretale200' visible='true' version='2' changeset='151099153' lat='23.2111734' lon='72.6838057' />
  <node id='6512108988' timestamp='2024-05-09T13:01:29Z' uid='18353822' user='futuretale200' visible='true' version='2' changeset='151099153' lat='23.2111632' lon='72.6834415' />
  <node id='6512109597' timestamp='2024-05-09T13:01:29Z' uid='18353822' user='futuretale200' visible='true' version='2' changeset='151099153' lat='23.2117028' lon='72.6849416' />
  <node id='6512109598' timestamp='2024-05-09T13:01:29Z' uid='18353822' user='futuretale200' visible='true' version='2' changeset='151099153' lat='23.211172' lon='72.6849635' />
  <node id='6512109599' timestamp='2024-05-09T13:01:29Z' uid='18353822' user='futuretale200' visible='true' version='2' changeset='151099153' lat='23.2111644' lon='72.6847456' />
  <node id='6512109600' timestamp='2024-05-09T13:01:29Z' uid='18353822' user='futuretale200' visible='true' version='2' changeset='151099153' lat='23.2116952' lon='72.6847236' />
  <node id='6512110625' timestamp='2024-05-09T13:43:16Z' uid='18353822' user='futuretale200' visible='true' version='2' changeset='151101124' lat='23.2114818' lon='72.6840299' />
  <node id='6512110627' timestamp='2024-05-09T13:43:16Z' uid='18353822' user='futuretale200' visible='true' version='2' changeset='151101124' lat='23.2113905' lon='72.6841224' />
  <node id='6512110630' timestamp='2024-05-09T13:43:16Z' uid='18353822' user='futuretale200' visible='true' version='2' changeset='151101124' lat='23.2113724' lon='72.6842799' />
  <node id='6512110639' timestamp='2024-05-09T13:43:16Z' uid='18353822' user='futuretale200' visible='true' version='3' changeset='151101124' lat='23.2115794' lon='72.6842116' />
  <node id='6512110641' timestamp='2024-05-09T13:43:16Z' uid='18353822' user='futuretale200' visible='true' version='3' changeset='151101124' lat='23.2116082' lon='72.6841521' />
  <node id='6512110642' timestamp='2024-05-09T13:43:16Z' uid='18353822' user='futuretale200' visible='true' version='3' changeset='151101124' lat='23.2116044' lon='72.6841003' />
  <node id='6512110643' timestamp='2024-05-09T13:43:16Z' uid='18353822' user='futuretale200' visible='true' version='2' changeset='151101124' lat='23.2116014' lon='72.6840686' />
  <node id='6512110644' timestamp='2024-05-09T13:43:16Z' uid='18353822' user='futuretale200' visible='true' version='2' changeset='151101124' lat='23.2115682' lon='72.6840402' />
  <node id='6512111225' timestamp='2024-05-09T13:43:16Z' uid='18353822' user='futuretale200' visible='true' version='2' changeset='151101124' lat='23.2119669' lon='72.6859333' />
  <node id='6512111227' timestamp='2019-05-30T20:28:39Z' uid='9957476' user='Karan0908' visible='true' version='1' changeset='70785653' lat='23.2117456' lon='72.68586' />
  <node id='6512111229' timestamp='2024-05-09T13:43:16Z' uid='18353822' user='futuretale200' visible='true' version='2' changeset='151101124' lat='23.2116348' lon='72.6858881' />
  <node id='6512111230' timestamp='2019-05-30T20:28:40Z' uid='9957476' user='Karan0908' visible='true' version='1' changeset='70785653' lat='23.2116669' lon='72.6860381' />
  <node id='6512111231' timestamp='2019-05-30T20:28:40Z' uid='9957476' user='Karan0908' visible='true' version='1' changeset='70785653' lat='23.2116921' lon='72.6860826' />
  <node id='6512111234' timestamp='2024-05-09T13:43:16Z' uid='18353822' user='futuretale200' visible='true' version='2' changeset='151101124' lat='23.2119717' lon='72.686071' />
  <node id='6512112877' timestamp='2024-05-09T13:01:29Z' uid='18353822' user='futuretale200' visible='true' version='2' changeset='151099153' lat='23.2114104' lon='72.684572' />
  <node id='6512112878' timestamp='2024-05-09T13:01:29Z' uid='18353822' user='futuretale200' visible='true' version='2' changeset='151099153' lat='23.2111625' lon='72.6845761' />
  <node id='6512112879' timestamp='2024-05-09T13:01:29Z' uid='18353822' user='futuretale200' visible='true' version='2' changeset='151099153' lat='23.2111652' lon='72.6847674' />
  <node id='6512112880' timestamp='2024-05-09T13:01:29Z' uid='18353822' user='futuretale200' visible='true' version='2' changeset='151099153' lat='23.2114131' lon='72.6847633' />
  <node id='6512120741' timestamp='2019-05-30T20:38:17Z' uid='9957476' user='Karan0908' visible='true' version='1' changeset='70785838' lat='23.2131996' lon='72.6860626' />
  <node id='6512120742' timestamp='2024-05-09T13:43:16Z' uid='18353822' user='futuretale200' visible='true' version='2' changeset='151101124' lat='23.213201' lon='72.6863899' />
  <node id='6512120744' timestamp='2024-05-09T13:43:16Z' uid='18353822' user='futuretale200' visible='true' version='2' changeset='151101124' lat='23.2112948' lon='72.6863997' />
  <node id='6512120747' timestamp='2024-05-09T13:43:16Z' uid='18353822' user='futuretale200' visible='true' version='2' changeset='151101124' lat='23.2112895' lon='72.6851833' />
  <node id='6512120748' timestamp='2024-05-09T13:43:16Z' uid='18353822' user='futuretale200' visible='true' version='2' changeset='151101124' lat='23.2113778' lon='72.6850972' />
  <node id='6512120750' timestamp='2019-05-30T20:38:17Z' uid='9957476' user='Karan0908' visible='true' version='1' changeset='70785838' lat='23.2123162' lon='72.6850885' />
  <node id='6512123064' timestamp='2024-05-09T13:43:16Z' uid='18353822' user='futuretale200' visible='true' version='3' changeset='151101124' lat='23.2150406' lon='72.6863188' />
  <node id='6512123065' timestamp='2024-05-09T13:43:16Z' uid='18353822' user='futuretale200' visible='true' version='2' changeset='151101124' lat='23.2133291' lon='72.6863578' />
  <node id='6512123068' timestamp='2024-05-09T11:52:59Z' uid='18353822' user='futuretale200' visible='true' version='3' changeset='151096112' lat='23.2144797' lon='72.6860169' />
  <node id='6512123069' timestamp='2023-01-25T13:58:34Z' uid='18353822' user='futuretale200' visible='true' version='2' changeset='131696951' lat='23.2145402' lon='72.6860354' />
  <node id='6512123072' timestamp='2024-05-09T11:52:59Z' uid='18353822' user='futuretale200' visible='true' version='2' changeset='151096112' lat='23.2150318' lon='72.6858638' />
  <node id='6512123073' timestamp='2024-05-09T13:43:16Z' uid='18353822' user='futuretale200' visible='true' version='3' changeset='151101124' lat='23.2155014' lon='72.6858272' />
  <node id='6512123676' timestamp='2024-05-09T13:58:48Z' uid='18353822' user='futuretale200' visible='true' version='3' changeset='151101924' lat='23.2117332' lon='72.6832956' />
  <node id='6512123677' timestamp='2024-05-09T13:43:16Z' uid='18353822' user='futuretale200' visible='true' version='3' changeset='151101124' lat='23.2117245' lon='72.6844058' />
  <node id='6512123678' timestamp='2024-05-09T13:58:48Z' uid='18353822' user='futuretale200' visible='true' version='3' changeset='151101924' lat='23.2111348' lon='72.6844452' />
  <node id='6512123679' timestamp='2024-05-09T13:58:48Z' uid='18353822' user='futuretale200' visible='true' version='3' changeset='151101924' lat='23.2111408' lon='72.6833118' />
  <node id='6512767604' timestamp='2024-05-09T13:43:16Z' uid='18353822' user='futuretale200' visible='true' version='2' changeset='151101124' lat='23.2127558' lon='72.6841139' />
  <node id='6512767605' timestamp='2024-05-09T13:43:16Z' uid='18353822' user='futuretale200' visible='true' version='2' changeset='151101124' lat='23.2118187' lon='72.6841363' />
  <node id='6512767606' timestamp='2024-05-09T13:43:16Z' uid='18353822' user='futuretale200' visible='true' version='2' changeset='151101124' lat='23.2118025' lon='72.6833346' />
  <node id='6512767607' timestamp='2024-05-09T13:43:16Z' uid='18353822' user='futuretale200' visible='true' version='2' changeset='151101124' lat='23.2122365' lon='72.6833243' />
  <node id='6512767608' timestamp='2024-05-09T13:43:16Z' uid='18353822' user='futuretale200' visible='true' version='2' changeset='151101124' lat='23.2122481' lon='72.6839048' />
  <node id='6512767609' timestamp='2024-05-09T13:43:16Z' uid='18353822' user='futuretale200' visible='true' version='2' changeset='151101124' lat='23.2127514' lon='72.6838928' />
  <node id='6512900382' timestamp='2019-05-31T11:42:02Z' uid='9957476' user='Karan0908' visible='true' version='2' changeset='70805806' lat='23.2078066' lon='72.6883868' />
  <node id='6512900383' timestamp='2019-05-31T10:13:42Z' uid='9957476' user='Karan0908' visible='true' version='1' changeset='70803059' lat='23.2106781' lon='72.6891924' />
  <node id='6512900384' timestamp='2019-05-31T10:13:42Z' uid='9957476' user='Karan0908' visible='true' version='1' changeset='70803059' lat='23.2106077' lon='72.6893008' />
  <node id='6512906966' timestamp='2019-05-31T10:21:46Z' uid='9957476' user='Karan0908' visible='true' version='1' changeset='70803305' lat='23.2083152' lon='72.6879516' />
  <node id='6512906967' timestamp='2019-05-31T10:21:46Z' uid='9957476' user='Karan0908' visible='true' version='1' changeset='70803305' lat='23.2082595' lon='72.6880441' />
  <node id='6512906968' timestamp='2019-05-31T10:21:46Z' uid='9957476' user='Karan0908' visible='true' version='1' changeset='70803305' lat='23.2081598' lon='72.6879803' />
  <node id='6512906969' timestamp='2019-05-31T10:21:46Z' uid='9957476' user='Karan0908' visible='true' version='1' changeset='70803305' lat='23.208069' lon='72.6881207' />
  <node id='6512906970' timestamp='2019-05-31T10:21:46Z' uid='9957476' user='Karan0908' visible='true' version='1' changeset='70803305' lat='23.2079869' lon='72.6880601' />
  <node id='6512906971' timestamp='2019-05-31T10:21:46Z' uid='9957476' user='Karan0908' visible='true' version='1' changeset='70803305' lat='23.2080748' lon='72.6879325' />
  <node id='6512906972' timestamp='2019-05-31T10:21:46Z' uid='9957476' user='Karan0908' visible='true' version='1' changeset='70803305' lat='23.2079869' lon='72.6878655' />
  <node id='6512906973' timestamp='2019-05-31T10:21:46Z' uid='9957476' user='Karan0908' visible='true' version='1' changeset='70803305' lat='23.2080514' lon='72.6877634' />
  <node id='6512914937' timestamp='2019-05-31T10:17:40Z' uid='9957476' user='Karan0908' visible='true' version='1' changeset='70803183' lat='23.209781' lon='72.6887044' />
  <node id='6512914938' timestamp='2019-05-31T10:17:40Z' uid='9957476' user='Karan0908' visible='true' version='1' changeset='70803183' lat='23.2097224' lon='72.6888033' />
  <node id='6512914939' timestamp='2019-05-31T10:17:40Z' uid='9957476' user='Karan0908' visible='true' version='1' changeset='70803183' lat='23.2096901' lon='72.6887618' />
  <node id='6512914940' timestamp='2019-05-31T10:17:40Z' uid='9957476' user='Karan0908' visible='true' version='1' changeset='70803183' lat='23.2096725' lon='72.6887809' />
  <node id='6512914941' timestamp='2019-05-31T10:17:40Z' uid='9957476' user='Karan0908' visible='true' version='1' changeset='70803183' lat='23.2096022' lon='72.6887331' />
  <node id='6512914942' timestamp='2019-05-31T10:17:40Z' uid='9957476' user='Karan0908' visible='true' version='1' changeset='70803183' lat='23.2095787' lon='72.6887809' />
  <node id='6512914943' timestamp='2019-05-31T10:17:40Z' uid='9957476' user='Karan0908' visible='true' version='1' changeset='70803183' lat='23.2095729' lon='72.6888256' />
  <node id='6512914944' timestamp='2019-05-31T10:17:40Z' uid='9957476' user='Karan0908' visible='true' version='1' changeset='70803183' lat='23.2095377' lon='72.6888766' />
  <node id='6512914945' timestamp='2019-05-31T10:17:40Z' uid='9957476' user='Karan0908' visible='true' version='1' changeset='70803183' lat='23.2094468' lon='72.6888096' />
  <node id='6512914946' timestamp='2019-05-31T10:17:40Z' uid='9957476' user='Karan0908' visible='true' version='1' changeset='70803183' lat='23.2095377' lon='72.6886789' />
  <node id='6512914947' timestamp='2019-05-31T10:17:40Z' uid='9957476' user='Karan0908' visible='true' version='1' changeset='70803183' lat='23.209438' lon='72.6886087' />
  <node id='6512914948' timestamp='2019-05-31T10:17:40Z' uid='9957476' user='Karan0908' visible='true' version='1' changeset='70803183' lat='23.2095054' lon='72.6885098' />
  <node id='6512914949' timestamp='2019-05-31T10:21:08Z' uid='9957476' user='Karan0908' visible='true' version='1' changeset='70803284' lat='23.2086494' lon='72.688025' />
  <node id='6512914950' timestamp='2019-05-31T10:21:08Z' uid='9957476' user='Karan0908' visible='true' version='1' changeset='70803284' lat='23.2085468' lon='72.6879644' />
  <node id='6512914951' timestamp='2019-05-31T10:21:08Z' uid='9957476' user='Karan0908' visible='true' version='1' changeset='70803284' lat='23.2084677' lon='72.6881047' />
  <node id='6512914952' timestamp='2019-05-31T10:21:08Z' uid='9957476' user='Karan0908' visible='true' version='1' changeset='70803284' lat='23.2083709' lon='72.6880409' />
  <node id='6512914953' timestamp='2019-05-31T10:21:08Z' uid='9957476' user='Karan0908' visible='true' version='1' changeset='70803284' lat='23.208453' lon='72.6878974' />
  <node id='6512914954' timestamp='2019-05-31T10:21:08Z' uid='9957476' user='Karan0908' visible='true' version='1' changeset='70803284' lat='23.2083592' lon='72.6878304' />
  <node id='6512914955' timestamp='2019-05-31T10:21:08Z' uid='9957476' user='Karan0908' visible='true' version='1' changeset='70803284' lat='23.2084149' lon='72.6877251' />
  <node id='6512914956' timestamp='2019-05-31T10:21:08Z' uid='9957476' user='Karan0908' visible='true' version='1' changeset='70803284' lat='23.2087122' lon='72.6879331' />
  <node id='6512914957' timestamp='2019-05-31T10:23:00Z' uid='9957476' user='Karan0908' visible='true' version='1' changeset='70803351' lat='23.2079488' lon='72.6872818' />
  <node id='6512914958' timestamp='2019-05-31T10:23:00Z' uid='9957476' user='Karan0908' visible='true' version='1' changeset='70803351' lat='23.2078931' lon='72.6873647' />
  <node id='6512914959' timestamp='2019-05-31T10:23:00Z' uid='9957476' user='Karan0908' visible='true' version='1' changeset='70803351' lat='23.2078579' lon='72.6873264' />
  <node id='6512914960' timestamp='2019-05-31T10:23:00Z' uid='9957476' user='Karan0908' visible='true' version='1' changeset='70803351' lat='23.2078403' lon='72.6873424' />
  <node id='6512914961' timestamp='2019-05-31T10:23:00Z' uid='9957476' user='Karan0908' visible='true' version='1' changeset='70803351' lat='23.2077905' lon='72.6873169' />
  <node id='6512914962' timestamp='2019-05-31T10:23:00Z' uid='9957476' user='Karan0908' visible='true' version='1' changeset='70803351' lat='23.2077054' lon='72.687454' />
  <node id='6512914963' timestamp='2019-05-31T10:23:00Z' uid='9957476' user='Karan0908' visible='true' version='1' changeset='70803351' lat='23.2076204' lon='72.6873902' />
  <node id='6512914964' timestamp='2019-05-31T10:23:00Z' uid='9957476' user='Karan0908' visible='true' version='1' changeset='70803351' lat='23.2076967' lon='72.6872531' />
  <node id='6512914965' timestamp='2019-05-31T10:23:00Z' uid='9957476' user='Karan0908' visible='true' version='1' changeset='70803351' lat='23.2076175' lon='72.6871829' />
  <node id='6512914966' timestamp='2019-05-31T10:23:00Z' uid='9957476' user='Karan0908' visible='true' version='1' changeset='70803351' lat='23.2076761' lon='72.6870712' />
  <node id='6512915885' timestamp='2019-05-31T10:13:42Z' uid='9957476' user='Karan0908' visible='true' version='1' changeset='70803059' lat='23.2104553' lon='72.6891892' />
  <node id='6512915886' timestamp='2019-05-31T10:13:42Z' uid='9957476' user='Karan0908' visible='true' version='1' changeset='70803059' lat='23.2103614' lon='72.6893583' />
  <node id='6512915887' timestamp='2019-05-31T10:13:42Z' uid='9957476' user='Karan0908' visible='true' version='1' changeset='70803059' lat='23.2102501' lon='72.6892881' />
  <node id='6512915888' timestamp='2019-05-31T10:13:42Z' uid='9957476' user='Karan0908' visible='true' version='1' changeset='70803059' lat='23.2103468' lon='72.6891254' />
  <node id='6512915889' timestamp='2019-05-31T10:13:42Z' uid='9957476' user='Karan0908' visible='true' version='1' changeset='70803059' lat='23.2102266' lon='72.689017' />
  <node id='6512915890' timestamp='2019-05-31T10:13:42Z' uid='9957476' user='Karan0908' visible='true' version='1' changeset='70803059' lat='23.2102823' lon='72.6889021' />
  <node id='6512915891' timestamp='2019-05-31T10:13:42Z' uid='9957476' user='Karan0908' visible='true' version='1' changeset='70803059' lat='23.2104289' lon='72.689001' />
  <node id='6512915892' timestamp='2019-05-31T10:13:42Z' uid='9957476' user='Karan0908' visible='true' version='1' changeset='70803059' lat='23.2105285' lon='72.6890935' />
  <node id='6512919391' timestamp='2019-05-31T10:20:13Z' uid='9957476' user='Karan0908' visible='true' version='1' changeset='70803257' lat='23.2090305' lon='72.6880377' />
  <node id='6512919392' timestamp='2019-05-31T10:20:13Z' uid='9957476' user='Karan0908' visible='true' version='1' changeset='70803257' lat='23.208969' lon='72.6881302' />
  <node id='6512919393' timestamp='2019-05-31T10:20:13Z' uid='9957476' user='Karan0908' visible='true' version='1' changeset='70803257' lat='23.2088752' lon='72.6880569' />
  <node id='6512919394' timestamp='2019-05-31T10:20:13Z' uid='9957476' user='Karan0908' visible='true' version='1' changeset='70803257' lat='23.2087901' lon='72.6882004' />
  <node id='6512919395' timestamp='2019-05-31T10:20:13Z' uid='9957476' user='Karan0908' visible='true' version='1' changeset='70803257' lat='23.2086934' lon='72.6881462' />
  <node id='6512919396' timestamp='2019-05-31T10:20:13Z' uid='9957476' user='Karan0908' visible='true' version='1' changeset='70803257' lat='23.2087813' lon='72.688009' />
  <node id='6512919397' timestamp='2019-05-31T10:20:13Z' uid='9957476' user='Karan0908' visible='true' version='1' changeset='70803257' lat='23.2087022' lon='72.6879548' />
  <node id='6512919398' timestamp='2019-05-31T10:20:13Z' uid='9957476' user='Karan0908' visible='true' version='1' changeset='70803257' lat='23.208752' lon='72.6878463' />
  <node id='6512920250' timestamp='2019-05-31T10:16:17Z' uid='9957476' user='Karan0908' visible='true' version='1' changeset='70803133' lat='23.2101562' lon='72.6891286' />
  <node id='6512920251' timestamp='2019-05-31T10:16:17Z' uid='9957476' user='Karan0908' visible='true' version='1' changeset='70803133' lat='23.2100097' lon='72.6890265' />
  <node id='6512920252' timestamp='2019-05-31T10:16:17Z' uid='9957476' user='Karan0908' visible='true' version='1' changeset='70803133' lat='23.2099041' lon='72.6891892' />
  <node id='6512920253' timestamp='2019-05-31T10:16:17Z' uid='9957476' user='Karan0908' visible='true' version='1' changeset='70803133' lat='23.2098074' lon='72.689119' />
  <node id='6512920254' timestamp='2019-05-31T10:16:17Z' uid='9957476' user='Karan0908' visible='true' version='1' changeset='70803133' lat='23.2098953' lon='72.6889659' />
  <node id='6512920255' timestamp='2019-05-31T10:16:17Z' uid='9957476' user='Karan0908' visible='true' version='1' changeset='70803133' lat='23.2097546' lon='72.6888543' />
  <node id='6512920256' timestamp='2019-05-31T10:16:17Z' uid='9957476' user='Karan0908' visible='true' version='1' changeset='70803133' lat='23.209825' lon='72.6887331' />
  <node id='6512920569' timestamp='2019-05-31T10:18:56Z' uid='9957476' user='Karan0908' visible='true' version='1' changeset='70803214' lat='23.2094028' lon='72.6887076' />
  <node id='6512920570' timestamp='2019-05-31T10:18:56Z' uid='9957476' user='Karan0908' visible='true' version='1' changeset='70803214' lat='23.2093442' lon='72.6888033' />
  <node id='6512920571' timestamp='2019-05-31T10:18:56Z' uid='9957476' user='Karan0908' visible='true' version='1' changeset='70803214' lat='23.2092328' lon='72.6887299' />
  <node id='6512920572' timestamp='2019-05-31T10:18:56Z' uid='9957476' user='Karan0908' visible='true' version='1' changeset='70803214' lat='23.2091595' lon='72.6888734' />
  <node id='6512920573' timestamp='2019-05-31T10:18:56Z' uid='9957476' user='Karan0908' visible='true' version='1' changeset='70803214' lat='23.2090745' lon='72.6888128' />
  <node id='6512920574' timestamp='2019-05-31T10:18:56Z' uid='9957476' user='Karan0908' visible='true' version='1' changeset='70803214' lat='23.2091507' lon='72.688682' />
  <node id='6512920575' timestamp='2019-05-31T10:18:56Z' uid='9957476' user='Karan0908' visible='true' version='1' changeset='70803214' lat='23.2090657' lon='72.6886183' />
  <node id='6512920576' timestamp='2019-05-31T10:18:56Z' uid='9957476' user='Karan0908' visible='true' version='1' changeset='70803214' lat='23.2091273' lon='72.6885066' />
  <node id='6512924206' timestamp='2019-05-31T10:19:34Z' uid='9957476' user='Karan0908' visible='true' version='1' changeset='70803235' lat='23.209309' lon='72.68821' />
  <node id='6512924207' timestamp='2019-05-31T10:19:34Z' uid='9957476' user='Karan0908' visible='true' version='1' changeset='70803235' lat='23.2092211' lon='72.6881494' />
  <node id='6512924208' timestamp='2019-05-31T10:19:34Z' uid='9957476' user='Karan0908' visible='true' version='1' changeset='70803235' lat='23.2091419' lon='72.6882514' />
  <node id='6512924209' timestamp='2019-05-31T10:19:34Z' uid='9957476' user='Karan0908' visible='true' version='1' changeset='70803235' lat='23.2090335' lon='72.6881589' />
  <node id='6512924210' timestamp='2019-05-31T10:19:34Z' uid='9957476' user='Karan0908' visible='true' version='1' changeset='70803235' lat='23.2089778' lon='72.6882355' />
  <node id='6512924211' timestamp='2019-05-31T10:19:34Z' uid='9957476' user='Karan0908' visible='true' version='1' changeset='70803235' lat='23.2091038' lon='72.6883471' />
  <node id='6512924212' timestamp='2019-05-31T10:19:34Z' uid='9957476' user='Karan0908' visible='true' version='1' changeset='70803235' lat='23.2090422' lon='72.6884524' />
  <node id='6512924406' timestamp='2019-05-31T10:22:21Z' uid='9957476' user='Karan0908' visible='true' version='1' changeset='70803326' lat='23.2082331' lon='72.687454' />
  <node id='6512924407' timestamp='2019-05-31T10:22:21Z' uid='9957476' user='Karan0908' visible='true' version='1' changeset='70803326' lat='23.2079605' lon='72.68769' />
  <node id='6512924408' timestamp='2019-05-31T10:22:21Z' uid='9957476' user='Karan0908' visible='true' version='1' changeset='70803326' lat='23.2080279' lon='72.6875784' />
  <node id='6512924409' timestamp='2019-05-31T10:22:21Z' uid='9957476' user='Karan0908' visible='true' version='1' changeset='70803326' lat='23.2078901' lon='72.6874891' />
  <node id='6512924410' timestamp='2019-05-31T10:22:21Z' uid='9957476' user='Karan0908' visible='true' version='1' changeset='70803326' lat='23.2079341' lon='72.6873934' />
  <node id='6512924411' timestamp='2019-05-31T10:22:21Z' uid='9957476' user='Karan0908' visible='true' version='1' changeset='70803326' lat='23.208069' lon='72.6874987' />
  <node id='6512924412' timestamp='2019-05-31T10:22:21Z' uid='9957476' user='Karan0908' visible='true' version='1' changeset='70803326' lat='23.2081452' lon='72.6873902' />
  <node id='6512924422' timestamp='2019-05-31T10:31:35Z' uid='9957476' user='Karan0908' visible='true' version='1' changeset='70803611' lat='23.2073449' lon='72.6875497' />
  <node id='6512924423' timestamp='2019-05-31T10:31:35Z' uid='9957476' user='Karan0908' visible='true' version='1' changeset='70803611' lat='23.2074328' lon='72.6876167' />
  <node id='6512924424' timestamp='2019-05-31T10:31:35Z' uid='9957476' user='Karan0908' visible='true' version='1' changeset='70803611' lat='23.2073478' lon='72.6877538' />
  <node id='6512924425' timestamp='2019-05-31T10:31:35Z' uid='9957476' user='Karan0908' visible='true' version='1' changeset='70803611' lat='23.2074357' lon='72.6878336' />
  <node id='6512924426' timestamp='2019-05-31T10:31:35Z' uid='9957476' user='Karan0908' visible='true' version='1' changeset='70803611' lat='23.2073771' lon='72.6879357' />
  <node id='6512924427' timestamp='2019-05-31T10:31:35Z' uid='9957476' user='Karan0908' visible='true' version='1' changeset='70803611' lat='23.2071074' lon='72.6877379' />
  <node id='6512924428' timestamp='2019-05-31T10:31:35Z' uid='9957476' user='Karan0908' visible='true' version='1' changeset='70803611' lat='23.207251' lon='72.6877124' />
  <node id='6512937468' timestamp='2019-05-31T10:23:38Z' uid='9957476' user='Karan0908' visible='true' version='1' changeset='70803369' lat='23.2075677' lon='72.6872977' />
  <node id='6512937469' timestamp='2019-05-31T10:23:38Z' uid='9957476' user='Karan0908' visible='true' version='1' changeset='70803369' lat='23.2075178' lon='72.6873838' />
  <node id='6512937470' timestamp='2019-05-31T10:23:38Z' uid='9957476' user='Karan0908' visible='true' version='1' changeset='70803369' lat='23.2074445' lon='72.6873296' />
  <node id='6512937471' timestamp='2019-05-31T10:23:38Z' uid='9957476' user='Karan0908' visible='true' version='1' changeset='70803369' lat='23.2073624' lon='72.6874636' />
  <node id='6512937472' timestamp='2019-05-31T10:23:38Z' uid='9957476' user='Karan0908' visible='true' version='1' changeset='70803369' lat='23.2072921' lon='72.6874157' />
  <node id='6512937473' timestamp='2019-05-31T10:23:38Z' uid='9957476' user='Karan0908' visible='true' version='1' changeset='70803369' lat='23.2073771' lon='72.6872945' />
  <node id='6512937474' timestamp='2019-05-31T10:23:38Z' uid='9957476' user='Karan0908' visible='true' version='1' changeset='70803369' lat='23.2073126' lon='72.6872467' />
  <node id='6512937475' timestamp='2019-05-31T10:23:38Z' uid='9957476' user='Karan0908' visible='true' version='1' changeset='70803369' lat='23.2073595' lon='72.687151' />
  <node id='6512939696' timestamp='2019-05-31T10:27:04Z' uid='9957476' user='Karan0908' visible='true' version='1' changeset='70803473' lat='23.2064859' lon='72.6870106' />
  <node id='6512939697' timestamp='2019-05-31T10:27:04Z' uid='9957476' user='Karan0908' visible='true' version='1' changeset='70803473' lat='23.2065944' lon='72.6870936' />
  <node id='6512939698' timestamp='2019-05-31T10:27:04Z' uid='9957476' user='Karan0908' visible='true' version='1' changeset='70803473' lat='23.2065357' lon='72.6871797' />
  <node id='6512939699' timestamp='2019-05-31T10:27:04Z' uid='9957476' user='Karan0908' visible='true' version='1' changeset='70803473' lat='23.2064302' lon='72.6871' />
  <node id='6512939700' timestamp='2019-05-31T10:27:04Z' uid='9957476' user='Karan0908' visible='true' version='1' changeset='70803473' lat='23.2063716' lon='72.6871669' />
  <node id='6512939701' timestamp='2019-05-31T10:27:04Z' uid='9957476' user='Karan0908' visible='true' version='1' changeset='70803473' lat='23.2063071' lon='72.6871223' />
  <node id='6512939702' timestamp='2019-05-31T10:27:04Z' uid='9957476' user='Karan0908' visible='true' version='1' changeset='70803473' lat='23.2064449' lon='72.6868894' />
  <node id='6512939703' timestamp='2019-05-31T10:27:04Z' uid='9957476' user='Karan0908' visible='true' version='1' changeset='70803473' lat='23.206524' lon='72.6869437' />
  <node id='6512940893' timestamp='2019-05-31T10:24:09Z' uid='9957476' user='Karan0908' visible='true' version='1' changeset='70803384' lat='23.2074914' lon='72.6869277' />
  <node id='6512940894' timestamp='2019-05-31T10:24:09Z' uid='9957476' user='Karan0908' visible='true' version='1' changeset='70803384' lat='23.2072862' lon='72.6871031' />
  <node id='6512940895' timestamp='2019-05-31T10:24:09Z' uid='9957476' user='Karan0908' visible='true' version='1' changeset='70803384' lat='23.2073302' lon='72.687017' />
  <node id='6512940896' timestamp='2019-05-31T10:24:09Z' uid='9957476' user='Karan0908' visible='true' version='1' changeset='70803384' lat='23.2072041' lon='72.6869341' />
  <node id='6512940897' timestamp='2019-05-31T10:24:09Z' uid='9957476' user='Karan0908' visible='true' version='1' changeset='70803384' lat='23.207254' lon='72.6868575' />
  <node id='6512940898' timestamp='2019-05-31T10:24:09Z' uid='9957476' user='Karan0908' visible='true' version='1' changeset='70803384' lat='23.2073624' lon='72.6869405' />
  <node id='6512940899' timestamp='2019-05-31T10:24:09Z' uid='9957476' user='Karan0908' visible='true' version='1' changeset='70803384' lat='23.2074064' lon='72.6868639' />
  <node id='6512941223' timestamp='2019-05-31T10:26:28Z' uid='9957476' user='Karan0908' visible='true' version='1' changeset='70803457' lat='23.2068377' lon='72.6868607' />
  <node id='6512941224' timestamp='2019-05-31T10:26:28Z' uid='9957476' user='Karan0908' visible='true' version='1' changeset='70803457' lat='23.2067146' lon='72.6867746' />
  <node id='6512941225' timestamp='2019-05-31T10:26:28Z' uid='9957476' user='Karan0908' visible='true' version='1' changeset='70803457' lat='23.2067439' lon='72.6867172' />
  <node id='6512941226' timestamp='2019-05-31T10:26:28Z' uid='9957476' user='Karan0908' visible='true' version='1' changeset='70803457' lat='23.2065357' lon='72.6868703' />
  <node id='6512941227' timestamp='2019-05-31T10:26:28Z' uid='9957476' user='Karan0908' visible='true' version='1' changeset='70803457' lat='23.206609' lon='72.6869309' />
  <node id='6512941228' timestamp='2019-05-31T10:26:28Z' uid='9957476' user='Karan0908' visible='true' version='1' changeset='70803457' lat='23.2066677' lon='72.6868543' />
  <node id='6512941229' timestamp='2019-05-31T10:26:28Z' uid='9957476' user='Karan0908' visible='true' version='1' changeset='70803457' lat='23.2067879' lon='72.6869468' />
  <node id='6512942106' timestamp='2019-05-31T10:28:12Z' uid='9957476' user='Karan0908' visible='true' version='1' changeset='70803501' lat='23.2065504' lon='72.6872722' />
  <node id='6512942107' timestamp='2019-05-31T10:28:12Z' uid='9957476' user='Karan0908' visible='true' version='1' changeset='70803501' lat='23.2066149' lon='72.6873296' />
  <node id='6512942108' timestamp='2019-05-31T10:28:12Z' uid='9957476' user='Karan0908' visible='true' version='1' changeset='70803501' lat='23.2065387' lon='72.6874508' />
  <node id='6512942109' timestamp='2019-05-31T10:28:12Z' uid='9957476' user='Karan0908' visible='true' version='1' changeset='70803501' lat='23.2066061' lon='72.6874955' />
  <node id='6512942110' timestamp='2019-05-31T10:28:12Z' uid='9957476' user='Karan0908' visible='true' version='1' changeset='70803501' lat='23.2065475' lon='72.6875975' />
  <node id='6512942111' timestamp='2019-05-31T10:28:12Z' uid='9957476' user='Karan0908' visible='true' version='1' changeset='70803501' lat='23.2063422' lon='72.6874508' />
  <node id='6512942112' timestamp='2019-05-31T10:28:12Z' uid='9957476' user='Karan0908' visible='true' version='1' changeset='70803501' lat='23.2063862' lon='72.6873647' />
  <node id='6512942113' timestamp='2019-05-31T10:28:12Z' uid='9957476' user='Karan0908' visible='true' version='1' changeset='70803501' lat='23.2064654' lon='72.6873998' />
  <node id='6512944274' timestamp='2019-05-31T10:24:46Z' uid='9957476' user='Karan0908' visible='true' version='1' changeset='70803399' lat='23.207254' lon='72.6867618' />
  <node id='6512944275' timestamp='2019-05-31T10:24:46Z' uid='9957476' user='Karan0908' visible='true' version='1' changeset='70803399' lat='23.2071953' lon='72.6868448' />
  <node id='6512944276' timestamp='2019-05-31T10:24:46Z' uid='9957476' user='Karan0908' visible='true' version='1' changeset='70803399' lat='23.2071191' lon='72.6867969' />
  <node id='6512944277' timestamp='2019-05-31T10:24:46Z' uid='9957476' user='Karan0908' visible='true' version='1' changeset='70803399' lat='23.20704' lon='72.6869213' />
  <node id='6512944278' timestamp='2019-05-31T10:24:46Z' uid='9957476' user='Karan0908' visible='true' version='1' changeset='70803399' lat='23.2069608' lon='72.6868703' />
  <node id='6512944279' timestamp='2019-05-31T10:24:46Z' uid='9957476' user='Karan0908' visible='true' version='1' changeset='70803399' lat='23.2070458' lon='72.6867427' />
  <node id='6512944280' timestamp='2019-05-31T10:24:46Z' uid='9957476' user='Karan0908' visible='true' version='1' changeset='70803399' lat='23.2069872' lon='72.6866949' />
  <node id='6512944281' timestamp='2019-05-31T10:24:46Z' uid='9957476' user='Karan0908' visible='true' version='1' changeset='70803399' lat='23.20704' lon='72.6866087' />
  <node id='6512946118' timestamp='2019-05-31T10:25:40Z' uid='9957476' user='Karan0908' visible='true' version='1' changeset='70803433' lat='23.2068963' lon='72.6865896' />
  <node id='6512946119' timestamp='2019-05-31T10:25:40Z' uid='9957476' user='Karan0908' visible='true' version='1' changeset='70803433' lat='23.2068465' lon='72.6866789' />
  <node id='6512946120' timestamp='2019-05-31T10:25:40Z' uid='9957476' user='Karan0908' visible='true' version='1' changeset='70803433' lat='23.2067263' lon='72.6865992' />
  <node id='6512946121' timestamp='2019-05-31T10:25:40Z' uid='9957476' user='Karan0908' visible='true' version='1' changeset='70803433' lat='23.2066794' lon='72.6866598' />
  <node id='6512946122' timestamp='2019-05-31T10:25:40Z' uid='9957476' user='Karan0908' visible='true' version='1' changeset='70803433' lat='23.2066032' lon='72.6866024' />
  <node id='6512946123' timestamp='2019-05-31T10:25:40Z' uid='9957476' user='Karan0908' visible='true' version='1' changeset='70803433' lat='23.206738' lon='72.6863855' />
  <node id='6512946124' timestamp='2019-05-31T10:25:40Z' uid='9957476' user='Karan0908' visible='true' version='1' changeset='70803433' lat='23.2068113' lon='72.6864301' />
  <node id='6512946125' timestamp='2019-05-31T10:25:40Z' uid='9957476' user='Karan0908' visible='true' version='1' changeset='70803433' lat='23.2067703' lon='72.6865226' />
  <node id='6512946442' timestamp='2019-05-31T10:28:43Z' uid='9957476' user='Karan0908' visible='true' version='1' changeset='70803517' lat='23.2066706' lon='72.687505' />
  <node id='6512946443' timestamp='2019-05-31T10:28:43Z' uid='9957476' user='Karan0908' visible='true' version='1' changeset='70803517' lat='23.2067673' lon='72.687588' />
  <node id='6512946444' timestamp='2019-05-31T10:28:43Z' uid='9957476' user='Karan0908' visible='true' version='1' changeset='70803517' lat='23.2067409' lon='72.6876709' />
  <node id='6512946445' timestamp='2019-05-31T10:28:43Z' uid='9957476' user='Karan0908' visible='true' version='1' changeset='70803517' lat='23.2068289' lon='72.6877347' />
  <node id='6512946446' timestamp='2019-05-31T10:28:43Z' uid='9957476' user='Karan0908' visible='true' version='1' changeset='70803517' lat='23.206952' lon='72.6875082' />
  <node id='6512946447' timestamp='2019-05-31T10:28:43Z' uid='9957476' user='Karan0908' visible='true' version='1' changeset='70803517' lat='23.2068699' lon='72.6874572' />
  <node id='6512946448' timestamp='2019-05-31T10:28:43Z' uid='9957476' user='Karan0908' visible='true' version='1' changeset='70803517' lat='23.206823' lon='72.6875178' />
  <node id='6512946449' timestamp='2019-05-31T10:28:43Z' uid='9957476' user='Karan0908' visible='true' version='1' changeset='70803517' lat='23.2067087' lon='72.6874285' />
  <node id='6512946931' timestamp='2019-05-31T10:27:42Z' uid='9957476' user='Karan0908' visible='true' version='1' changeset='70803491' lat='23.2062895' lon='72.6871701' />
  <node id='6512946932' timestamp='2019-05-31T10:27:42Z' uid='9957476' user='Karan0908' visible='true' version='1' changeset='70803491' lat='23.2063862' lon='72.6872531' />
  <node id='6512946933' timestamp='2019-05-31T10:27:42Z' uid='9957476' user='Karan0908' visible='true' version='1' changeset='70803491' lat='23.2063393' lon='72.6873551' />
  <node id='6512946934' timestamp='2019-05-31T10:27:42Z' uid='9957476' user='Karan0908' visible='true' version='1' changeset='70803491' lat='23.2062191' lon='72.6872658' />
  <node id='6512946935' timestamp='2019-05-31T10:27:42Z' uid='9957476' user='Karan0908' visible='true' version='1' changeset='70803491' lat='23.2061751' lon='72.6873264' />
  <node id='6512946936' timestamp='2019-05-31T10:27:42Z' uid='9957476' user='Karan0908' visible='true' version='1' changeset='70803491' lat='23.2061077' lon='72.6872881' />
  <node id='6512946937' timestamp='2019-05-31T10:27:42Z' uid='9957476' user='Karan0908' visible='true' version='1' changeset='70803491' lat='23.2062308' lon='72.6870489' />
  <node id='6512946938' timestamp='2019-05-31T10:27:42Z' uid='9957476' user='Karan0908' visible='true' version='1' changeset='70803491' lat='23.2063178' lon='72.6871043' />
  <node id='6512947145' timestamp='2019-05-31T10:34:32Z' uid='9957476' user='Karan0908' visible='true' version='1' changeset='70803688' lat='23.2089162' lon='72.6883439' />
  <node id='6512947146' timestamp='2019-05-31T10:34:32Z' uid='9957476' user='Karan0908' visible='true' version='1' changeset='70803688' lat='23.2088312' lon='72.6884843' />
  <node id='6512947147' timestamp='2019-05-31T10:34:32Z' uid='9957476' user='Karan0908' visible='true' version='1' changeset='70803688' lat='23.208925' lon='72.6885481' />
  <node id='6512947148' timestamp='2019-05-31T10:34:32Z' uid='9957476' user='Karan0908' visible='true' version='1' changeset='70803688' lat='23.2088605' lon='72.6886533' />
  <node id='6512947149' timestamp='2019-05-31T10:34:32Z' uid='9957476' user='Karan0908' visible='true' version='1' changeset='70803688' lat='23.2085879' lon='72.688462' />
  <node id='6512947150' timestamp='2019-05-31T10:34:32Z' uid='9957476' user='Karan0908' visible='true' version='1' changeset='70803688' lat='23.2086377' lon='72.6883663' />
  <node id='6512947151' timestamp='2019-05-31T10:34:32Z' uid='9957476' user='Karan0908' visible='true' version='1' changeset='70803688' lat='23.2087344' lon='72.6884301' />
  <node id='6512947152' timestamp='2019-05-31T10:34:32Z' uid='9957476' user='Karan0908' visible='true' version='1' changeset='70803688' lat='23.2088253' lon='72.6882801' />
  <node id='6512949412' timestamp='2019-05-31T10:32:42Z' uid='9957476' user='Karan0908' visible='true' version='1' changeset='70803646' lat='23.2075794' lon='72.6882195' />
  <node id='6512949413' timestamp='2019-05-31T10:32:42Z' uid='9957476' user='Karan0908' visible='true' version='1' changeset='70803646' lat='23.2076673' lon='72.688277' />
  <node id='6512949414' timestamp='2019-05-31T10:32:42Z' uid='9957476' user='Karan0908' visible='true' version='1' changeset='70803646' lat='23.2077318' lon='72.6881717' />
  <node id='6512949415' timestamp='2019-05-31T10:32:42Z' uid='9957476' user='Karan0908' visible='true' version='1' changeset='70803646' lat='23.2078696' lon='72.688261' />
  <node id='6512949416' timestamp='2019-05-31T10:32:42Z' uid='9957476' user='Karan0908' visible='true' version='1' changeset='70803646' lat='23.2079253' lon='72.6881749' />
  <node id='6512949417' timestamp='2019-05-31T10:32:42Z' uid='9957476' user='Karan0908' visible='true' version='1' changeset='70803646' lat='23.2077875' lon='72.6880824' />
  <node id='6512949418' timestamp='2019-05-31T10:32:42Z' uid='9957476' user='Karan0908' visible='true' version='1' changeset='70803646' lat='23.2078462' lon='72.6879771' />
  <node id='6512953594' timestamp='2019-05-31T10:30:55Z' uid='9957476' user='Karan0908' visible='true' version='1' changeset='70803595' lat='23.2072247' lon='72.6873902' />
  <node id='6512953595' timestamp='2019-05-31T10:30:55Z' uid='9957476' user='Karan0908' visible='true' version='1' changeset='70803595' lat='23.2071543' lon='72.687505' />
  <node id='6512953596' timestamp='2019-05-31T10:30:55Z' uid='9957476' user='Karan0908' visible='true' version='1' changeset='70803595' lat='23.20721' lon='72.6875688' />
  <node id='6512953597' timestamp='2019-05-31T10:30:55Z' uid='9957476' user='Karan0908' visible='true' version='1' changeset='70803595' lat='23.2071631' lon='72.6876486' />
  <node id='6512953598' timestamp='2019-05-31T10:30:55Z' uid='9957476' user='Karan0908' visible='true' version='1' changeset='70803595' lat='23.2069989' lon='72.6874157' />
  <node id='6512953599' timestamp='2019-05-31T10:30:55Z' uid='9957476' user='Karan0908' visible='true' version='1' changeset='70803595' lat='23.2070752' lon='72.68747' />
  <node id='6512953600' timestamp='2019-05-31T10:30:55Z' uid='9957476' user='Karan0908' visible='true' version='1' changeset='70803595' lat='23.2071484' lon='72.6873392' />
  <node id='6512954154' timestamp='2019-05-31T10:35:18Z' uid='9957476' user='Karan0908' visible='true' version='1' changeset='70803720' lat='23.2090217' lon='72.6889181' />
  <node id='6512954155' timestamp='2019-05-31T10:35:18Z' uid='9957476' user='Karan0908' visible='true' version='1' changeset='70803720' lat='23.2089631' lon='72.6890106' />
  <node id='6512954156' timestamp='2019-05-31T10:35:18Z' uid='9957476' user='Karan0908' visible='true' version='1' changeset='70803720' lat='23.20884' lon='72.6889245' />
  <node id='6512954157' timestamp='2019-05-31T10:35:18Z' uid='9957476' user='Karan0908' visible='true' version='1' changeset='70803720' lat='23.2087638' lon='72.6890233' />
  <node id='6512954158' timestamp='2019-05-31T10:35:18Z' uid='9957476' user='Karan0908' visible='true' version='1' changeset='70803720' lat='23.2086641' lon='72.6889404' />
  <node id='6512954159' timestamp='2019-05-31T10:35:18Z' uid='9957476' user='Karan0908' visible='true' version='1' changeset='70803720' lat='23.2089309' lon='72.6887076' />
  <node id='6512954160' timestamp='2019-05-31T10:35:18Z' uid='9957476' user='Karan0908' visible='true' version='1' changeset='70803720' lat='23.2088752' lon='72.6888192' />
  <node id='6512956046' timestamp='2019-05-31T10:33:23Z' uid='9957476' user='Karan0908' visible='true' version='1' changeset='70803659' lat='23.2081921' lon='72.6882546' />
  <node id='6512956047' timestamp='2019-05-31T10:33:23Z' uid='9957476' user='Karan0908' visible='true' version='1' changeset='70803659' lat='23.20811' lon='72.6882068' />
  <node id='6512956048' timestamp='2019-05-31T10:33:23Z' uid='9957476' user='Karan0908' visible='true' version='1' changeset='70803659' lat='23.2080338' lon='72.6883376' />
  <node id='6512956049' timestamp='2019-05-31T10:33:23Z' uid='9957476' user='Karan0908' visible='true' version='1' changeset='70803659' lat='23.2079341' lon='72.6882738' />
  <node id='6512956050' timestamp='2019-05-31T10:33:23Z' uid='9957476' user='Karan0908' visible='true' version='1' changeset='70803659' lat='23.2078667' lon='72.6883726' />
  <node id='6512956051' timestamp='2019-05-31T10:33:23Z' uid='9957476' user='Karan0908' visible='true' version='1' changeset='70803659' lat='23.2081481' lon='72.688564' />
  <node id='6512956052' timestamp='2019-05-31T10:33:23Z' uid='9957476' user='Karan0908' visible='true' version='1' changeset='70803659' lat='23.208198' lon='72.6884843' />
  <node id='6512956053' timestamp='2019-05-31T10:33:23Z' uid='9957476' user='Karan0908' visible='true' version='1' changeset='70803659' lat='23.2080924' lon='72.6884077' />
  <node id='6512956280' timestamp='2019-05-31T10:32:10Z' uid='9957476' user='Karan0908' visible='true' version='1' changeset='70803632' lat='23.2074973' lon='72.6877092' />
  <node id='6512956281' timestamp='2019-05-31T10:32:10Z' uid='9957476' user='Karan0908' visible='true' version='1' changeset='70803632' lat='23.2075383' lon='72.6876294' />
  <node id='6512956282' timestamp='2019-05-31T10:32:10Z' uid='9957476' user='Karan0908' visible='true' version='1' changeset='70803632' lat='23.2076351' lon='72.6876932' />
  <node id='6512956283' timestamp='2019-05-31T10:32:10Z' uid='9957476' user='Karan0908' visible='true' version='1' changeset='70803632' lat='23.2077142' lon='72.6875401' />
  <node id='6512956284' timestamp='2019-05-31T10:32:10Z' uid='9957476' user='Karan0908' visible='true' version='1' changeset='70803632' lat='23.2078198' lon='72.6876167' />
  <node id='6512956285' timestamp='2019-05-31T10:32:10Z' uid='9957476' user='Karan0908' visible='true' version='1' changeset='70803632' lat='23.2077465' lon='72.6877443' />
  <node id='6512956286' timestamp='2019-05-31T10:32:10Z' uid='9957476' user='Karan0908' visible='true' version='1' changeset='70803632' lat='23.2078374' lon='72.6878144' />
  <node id='6512956287' timestamp='2019-05-31T10:32:10Z' uid='9957476' user='Karan0908' visible='true' version='1' changeset='70803632' lat='23.2077758' lon='72.6879165' />
  <node id='6512957595' timestamp='2019-05-31T10:34:00Z' uid='9957476' user='Karan0908' visible='true' version='1' changeset='70803675' lat='23.2084589' lon='72.6883184' />
  <node id='6512957596' timestamp='2019-05-31T10:34:00Z' uid='9957476' user='Karan0908' visible='true' version='1' changeset='70803675' lat='23.2085322' lon='72.6883726' />
  <node id='6512957597' timestamp='2019-05-31T10:34:00Z' uid='9957476' user='Karan0908' visible='true' version='1' changeset='70803675' lat='23.2084501' lon='72.6885162' />
  <node id='6512957598' timestamp='2019-05-31T10:34:00Z' uid='9957476' user='Karan0908' visible='true' version='1' changeset='70803675' lat='23.2085497' lon='72.6885832' />
  <node id='6512957599' timestamp='2019-05-31T10:34:00Z' uid='9957476' user='Karan0908' visible='true' version='1' changeset='70803675' lat='23.2084882' lon='72.6886916' />
  <node id='6512957600' timestamp='2019-05-31T10:34:00Z' uid='9957476' user='Karan0908' visible='true' version='1' changeset='70803675' lat='23.2082478' lon='72.6883886' />
  <node id='6512957601' timestamp='2019-05-31T10:34:00Z' uid='9957476' user='Karan0908' visible='true' version='1' changeset='70803675' lat='23.2083533' lon='72.688462' />
  <node id='6513047071' timestamp='2019-05-31T11:37:56Z' uid='9957476' user='Karan0908' visible='true' version='1' changeset='70805680' lat='23.2098015' lon='72.6893646' />
  <node id='6513047072' timestamp='2019-05-31T11:37:56Z' uid='9957476' user='Karan0908' visible='true' version='1' changeset='70805680' lat='23.2097077' lon='72.6895337' />
  <node id='6513047073' timestamp='2019-05-31T11:37:56Z' uid='9957476' user='Karan0908' visible='true' version='1' changeset='70805680' lat='23.2098367' lon='72.6896421' />
  <node id='6513047074' timestamp='2019-05-31T11:37:56Z' uid='9957476' user='Karan0908' visible='true' version='1' changeset='70805680' lat='23.2097693' lon='72.6897538' />
  <node id='6513047075' timestamp='2019-05-31T11:37:56Z' uid='9957476' user='Karan0908' visible='true' version='1' changeset='70805680' lat='23.2093794' lon='72.6894635' />
  <node id='6513047076' timestamp='2019-05-31T11:37:56Z' uid='9957476' user='Karan0908' visible='true' version='1' changeset='70805680' lat='23.2094468' lon='72.6893583' />
  <node id='6513047077' timestamp='2019-05-31T11:37:56Z' uid='9957476' user='Karan0908' visible='true' version='1' changeset='70805680' lat='23.2095963' lon='72.6894731' />
  <node id='6513047078' timestamp='2019-05-31T11:37:56Z' uid='9957476' user='Karan0908' visible='true' version='1' changeset='70805680' lat='23.2096989' lon='72.6892849' />
  <node id='6513062436' timestamp='2019-05-31T11:37:12Z' uid='9957476' user='Karan0908' visible='true' version='1' changeset='70805654' lat='23.2094351' lon='72.6889404' />
  <node id='6513062437' timestamp='2019-05-31T11:37:12Z' uid='9957476' user='Karan0908' visible='true' version='1' changeset='70805654' lat='23.2093383' lon='72.6891063' />
  <node id='6513062438' timestamp='2019-05-31T11:37:12Z' uid='9957476' user='Karan0908' visible='true' version='1' changeset='70805654' lat='23.2094673' lon='72.6892211' />
  <node id='6513062439' timestamp='2019-05-31T11:37:12Z' uid='9957476' user='Karan0908' visible='true' version='1' changeset='70805654' lat='23.2094028' lon='72.6893264' />
  <node id='6513062440' timestamp='2019-05-31T11:37:12Z' uid='9957476' user='Karan0908' visible='true' version='1' changeset='70805654' lat='23.2090129' lon='72.6890361' />
  <node id='6513062441' timestamp='2019-05-31T11:37:12Z' uid='9957476' user='Karan0908' visible='true' version='1' changeset='70805654' lat='23.2090716' lon='72.6889404' />
  <node id='6513062442' timestamp='2019-05-31T11:37:12Z' uid='9957476' user='Karan0908' visible='true' version='1' changeset='70805654' lat='23.2092123' lon='72.6890393' />
  <node id='6513062443' timestamp='2019-05-31T11:37:12Z' uid='9957476' user='Karan0908' visible='true' version='1' changeset='70805654' lat='23.2093149' lon='72.6888639' />
  <node id='6513068424' timestamp='2019-05-31T11:42:02Z' uid='9957476' user='Karan0908' visible='true' version='1' changeset='70805806' lat='23.209108' lon='72.6879856' />
  <node id='6513069286' timestamp='2019-05-31T11:40:29Z' uid='9957476' user='Karan0908' visible='true' version='1' changeset='70805747' lat='23.2102471' lon='72.6895305' />
  <node id='6513069287' timestamp='2019-05-31T11:40:29Z' uid='9957476' user='Karan0908' visible='true' version='1' changeset='70805747' lat='23.2101474' lon='72.6896932' />
  <node id='6513069288' timestamp='2019-05-31T11:40:29Z' uid='9957476' user='Karan0908' visible='true' version='1' changeset='70805747' lat='23.210294' lon='72.6898112' />
  <node id='6513069289' timestamp='2019-05-31T11:40:29Z' uid='9957476' user='Karan0908' visible='true' version='1' changeset='70805747' lat='23.2102325' lon='72.6899228' />
  <node id='6513069290' timestamp='2019-05-31T11:40:29Z' uid='9957476' user='Karan0908' visible='true' version='1' changeset='70805747' lat='23.2098953' lon='72.6895401' />
  <node id='6513069291' timestamp='2019-05-31T11:40:29Z' uid='9957476' user='Karan0908' visible='true' version='1' changeset='70805747' lat='23.210036' lon='72.6896421' />
  <node id='6513069292' timestamp='2019-05-31T11:40:29Z' uid='9957476' user='Karan0908' visible='true' version='1' changeset='70805747' lat='23.2101445' lon='72.6894667' />
  <node id='6621549786' timestamp='2019-09-05T08:12:56Z' uid='554234' user='TheHammer' visible='true' version='2' changeset='74118119' lat='23.1306227' lon='72.6459641' />
  <node id='6868876829' timestamp='2024-04-16T06:02:33Z' uid='21016669' user='apurvawagh' visible='true' version='4' changeset='150066989' lat='23.2199781' lon='72.694882' />
  <node id='6868876830' timestamp='2024-04-16T06:02:33Z' uid='21016669' user='apurvawagh' visible='true' version='3' changeset='150066989' lat='23.2202606' lon='72.6949538' />
  <node id='6868876833' timestamp='2021-01-30T11:09:59Z' uid='11631029' user='VLD264' visible='true' version='2' changeset='98409523' lat='23.2055141' lon='72.687647' />
  <node id='6868876834' timestamp='2024-04-16T06:10:57Z' uid='21016669' user='apurvawagh' visible='true' version='2' changeset='150067228' lat='23.2192946' lon='72.6947803' />
  <node id='6868876835' timestamp='2024-04-16T06:10:57Z' uid='21016669' user='apurvawagh' visible='true' version='3' changeset='150067228' lat='23.2189201' lon='72.6947311' />
  <node id='6868876836' timestamp='2024-04-16T06:10:57Z' uid='21016669' user='apurvawagh' visible='true' version='3' changeset='150067228' lat='23.2186403' lon='72.694694' />
  <node id='6868876837' timestamp='2024-04-16T06:10:57Z' uid='21016669' user='apurvawagh' visible='true' version='2' changeset='150067228' lat='23.2183132' lon='72.6946809' />
  <node id='6868876838' timestamp='2024-04-16T06:10:57Z' uid='21016669' user='apurvawagh' visible='true' version='2' changeset='150067228' lat='23.2180734' lon='72.6946755' />
  <node id='6868876839' timestamp='2024-04-16T06:10:57Z' uid='21016669' user='apurvawagh' visible='true' version='2' changeset='150067228' lat='23.2177306' lon='72.694664' />
  <node id='6868876840' timestamp='2019-10-11T04:36:58Z' uid='9086388' user='Kirankumar R H' visible='true' version='1' changeset='75542009' lat='23.2173439' lon='72.6946182' />
  <node id='6868876841' timestamp='2019-10-11T04:36:58Z' uid='9086388' user='Kirankumar R H' visible='true' version='1' changeset='75542009' lat='23.2171589' lon='72.6945708' />
  <node id='6868876842' timestamp='2019-10-11T04:36:58Z' uid='9086388' user='Kirankumar R H' visible='true' version='1' changeset='75542009' lat='23.2169836' lon='72.6944993' />
  <node id='6868876843' timestamp='2019-10-11T04:36:58Z' uid='9086388' user='Kirankumar R H' visible='true' version='1' changeset='75542009' lat='23.2167124' lon='72.6943568' />
  <node id='6868876844' timestamp='2019-10-11T04:36:58Z' uid='9086388' user='Kirankumar R H' visible='true' version='1' changeset='75542009' lat='23.2156648' lon='72.6936763' />
  <node id='6868876845' timestamp='2019-10-11T04:36:58Z' uid='9086388' user='Kirankumar R H' visible='true' version='1' changeset='75542009' lat='23.2140732' lon='72.6926394' />
  <node id='6868876846' timestamp='2019-10-11T04:36:58Z' uid='9086388' user='Kirankumar R H' visible='true' version='1' changeset='75542009' lat='23.2130368' lon='72.6920151' />
  <node id='6868876847' timestamp='2019-10-11T04:36:58Z' uid='9086388' user='Kirankumar R H' visible='true' version='1' changeset='75542009' lat='23.2125387' lon='72.6916983' />
  <node id='6868876848' timestamp='2019-10-11T04:36:58Z' uid='9086388' user='Kirankumar R H' visible='true' version='1' changeset='75542009' lat='23.2123723' lon='72.6915928' />
  <node id='6868876849' timestamp='2019-10-11T04:36:58Z' uid='9086388' user='Kirankumar R H' visible='true' version='1' changeset='75542009' lat='23.2122331' lon='72.6915293' />
  <node id='6868876850' timestamp='2019-10-11T04:36:58Z' uid='9086388' user='Kirankumar R H' visible='true' version='1' changeset='75542009' lat='23.2119614' lon='72.6914197' />
  <node id='6868876851' timestamp='2019-10-11T04:36:58Z' uid='9086388' user='Kirankumar R H' visible='true' version='1' changeset='75542009' lat='23.2116852' lon='72.691353' />
  <node id='6868876852' timestamp='2019-10-11T04:36:58Z' uid='9086388' user='Kirankumar R H' visible='true' version='1' changeset='75542009' lat='23.2113727' lon='72.6912842' />
  <node id='6868876853' timestamp='2019-10-11T04:36:58Z' uid='9086388' user='Kirankumar R H' visible='true' version='1' changeset='75542009' lat='23.2108583' lon='72.6911583' />
  <node id='6868876854' timestamp='2019-10-11T04:36:58Z' uid='9086388' user='Kirankumar R H' visible='true' version='1' changeset='75542009' lat='23.2106382' lon='72.6910899' />
  <node id='6868876855' timestamp='2019-10-11T04:36:58Z' uid='9086388' user='Kirankumar R H' visible='true' version='1' changeset='75542009' lat='23.2104256' lon='72.6909974' />
  <node id='6868876856' timestamp='2024-02-29T06:46:33Z' uid='16275581' user='ompatekar' visible='true' version='2' changeset='148038251' lat='23.2101568' lon='72.6908244' />
  <node id='6868876857' timestamp='2019-10-11T04:36:58Z' uid='9086388' user='Kirankumar R H' visible='true' version='1' changeset='75542009' lat='23.2092558' lon='72.6900787' />
  <node id='6868876858' timestamp='2019-10-11T04:36:58Z' uid='9086388' user='Kirankumar R H' visible='true' version='1' changeset='75542009' lat='23.2089831' lon='72.6898463' />
  <node id='6868876859' timestamp='2019-10-11T04:36:58Z' uid='9086388' user='Kirankumar R H' visible='true' version='1' changeset='75542009' lat='23.2087124' lon='72.6896465' />
  <node id='6868876860' timestamp='2019-10-11T04:36:58Z' uid='9086388' user='Kirankumar R H' visible='true' version='1' changeset='75542009' lat='23.2083314' lon='72.6893701' />
  <node id='6868876861' timestamp='2019-10-11T04:36:58Z' uid='9086388' user='Kirankumar R H' visible='true' version='1' changeset='75542009' lat='23.2077515' lon='72.6889874' />
  <node id='6868876862' timestamp='2019-10-11T04:36:58Z' uid='9086388' user='Kirankumar R H' visible='true' version='1' changeset='75542009' lat='23.207175' lon='72.6886146' />
  <node id='6868876863' timestamp='2021-01-30T11:09:59Z' uid='11631029' user='VLD264' visible='true' version='2' changeset='98409523' lat='23.2066752' lon='72.688331' />
  <node id='6868876864' timestamp='2021-01-30T11:09:59Z' uid='11631029' user='VLD264' visible='true' version='2' changeset='98409523' lat='23.2058617' lon='72.6878697' />
  <node id='6868876865' timestamp='2021-01-30T11:09:59Z' uid='11631029' user='VLD264' visible='true' version='2' changeset='98409523' lat='23.2052799' lon='72.6874888' />
  <node id='6868876866' timestamp='2021-01-30T11:09:59Z' uid='11631029' user='VLD264' visible='true' version='2' changeset='98409523' lat='23.2051' lon='72.6873574' />
  <node id='6868876867' timestamp='2021-01-30T11:09:59Z' uid='11631029' user='VLD264' visible='true' version='2' changeset='98409523' lat='23.2049323' lon='72.6872125' />
  <node id='6868876868' timestamp='2021-01-30T11:09:59Z' uid='11631029' user='VLD264' visible='true' version='2' changeset='98409523' lat='23.2047006' lon='72.6869872' />
  <node id='6868876869' timestamp='2019-10-11T04:36:58Z' uid='9086388' user='Kirankumar R H' visible='true' version='1' changeset='75542009' lat='23.2044872' lon='72.6867906' />
  <node id='6868876870' timestamp='2019-10-11T04:36:58Z' uid='9086388' user='Kirankumar R H' visible='true' version='1' changeset='75542009' lat='23.2044082' lon='72.6867078' />
  <node id='6868876871' timestamp='2019-10-11T04:36:58Z' uid='9086388' user='Kirankumar R H' visible='true' version='1' changeset='75542009' lat='23.2043332' lon='72.6866544' />
  <node id='6868876872' timestamp='2019-10-11T04:36:58Z' uid='9086388' user='Kirankumar R H' visible='true' version='1' changeset='75542009' lat='23.2029958' lon='72.6857802' />
  <node id='6868876873' timestamp='2019-10-11T04:36:58Z' uid='9086388' user='Kirankumar R H' visible='true' version='1' changeset='75542009' lat='23.2022304' lon='72.685321' />
  <node id='6868876874' timestamp='2019-10-11T04:36:58Z' uid='9086388' user='Kirankumar R H' visible='true' version='1' changeset='75542009' lat='23.2015069' lon='72.6849008' />
  <node id='6868876875' timestamp='2019-10-11T04:36:58Z' uid='9086388' user='Kirankumar R H' visible='true' version='1' changeset='75542009' lat='23.2008388' lon='72.6845164' />
  <node id='6868876876' timestamp='2019-10-11T04:36:58Z' uid='9086388' user='Kirankumar R H' visible='true' version='1' changeset='75542009' lat='23.2004985' lon='72.6843269' />
  <node id='6868876877' timestamp='2019-10-11T04:36:58Z' uid='9086388' user='Kirankumar R H' visible='true' version='1' changeset='75542009' lat='23.1999562' lon='72.6840492' />
  <node id='6868876878' timestamp='2019-10-11T04:36:58Z' uid='9086388' user='Kirankumar R H' visible='true' version='1' changeset='75542009' lat='23.1991959' lon='72.6836589' />
  <node id='6868876879' timestamp='2019-10-11T04:36:58Z' uid='9086388' user='Kirankumar R H' visible='true' version='1' changeset='75542009' lat='23.1981405' lon='72.683013' />
  <node id='6868876880' timestamp='2019-10-11T04:36:58Z' uid='9086388' user='Kirankumar R H' visible='true' version='1' changeset='75542009' lat='23.1973' lon='72.6825163' />
  <node id='6868876881' timestamp='2019-10-11T04:36:58Z' uid='9086388' user='Kirankumar R H' visible='true' version='1' changeset='75542009' lat='23.1968101' lon='72.6822211' />
  <node id='6868876882' timestamp='2019-10-11T04:36:58Z' uid='9086388' user='Kirankumar R H' visible='true' version='1' changeset='75542009' lat='23.1959414' lon='72.6817344' />
  <node id='6868876883' timestamp='2019-10-11T04:36:58Z' uid='9086388' user='Kirankumar R H' visible='true' version='1' changeset='75542009' lat='23.1953777' lon='72.6814191' />
  <node id='6868876884' timestamp='2019-10-11T04:36:58Z' uid='9086388' user='Kirankumar R H' visible='true' version='1' changeset='75542009' lat='23.1949435' lon='72.6811572' />
  <node id='6868879085' timestamp='2019-10-11T04:36:58Z' uid='9086388' user='Kirankumar R H' visible='true' version='1' changeset='75542009' lat='23.1941616' lon='72.6807185' />
  <node id='6868879086' timestamp='2019-10-11T04:36:58Z' uid='9086388' user='Kirankumar R H' visible='true' version='1' changeset='75542009' lat='23.1937221' lon='72.6804287' />
  <node id='6868879087' timestamp='2019-10-11T04:36:58Z' uid='9086388' user='Kirankumar R H' visible='true' version='1' changeset='75542009' lat='23.1933959' lon='72.6801745' />
  <node id='6868879088' timestamp='2019-10-11T04:36:58Z' uid='9086388' user='Kirankumar R H' visible='true' version='1' changeset='75542009' lat='23.1921498' lon='72.6790493' />
  <node id='6868879089' timestamp='2019-10-11T04:36:58Z' uid='9086388' user='Kirankumar R H' visible='true' version='1' changeset='75542009' lat='23.1915763' lon='72.6785437' />
  <node id='6868879090' timestamp='2019-10-11T04:36:58Z' uid='9086388' user='Kirankumar R H' visible='true' version='1' changeset='75542009' lat='23.191221' lon='72.6782048' />
  <node id='6868879091' timestamp='2019-10-11T04:36:58Z' uid='9086388' user='Kirankumar R H' visible='true' version='1' changeset='75542009' lat='23.1909975' lon='72.6780369' />
  <node id='6868879092' timestamp='2019-10-11T04:36:58Z' uid='9086388' user='Kirankumar R H' visible='true' version='1' changeset='75542009' lat='23.190772' lon='72.6779037' />
  <node id='6868879093' timestamp='2019-10-11T04:36:58Z' uid='9086388' user='Kirankumar R H' visible='true' version='1' changeset='75542009' lat='23.1901737' lon='72.6775786' />
  <node id='6868879094' timestamp='2019-10-11T04:36:58Z' uid='9086388' user='Kirankumar R H' visible='true' version='1' changeset='75542009' lat='23.1894209' lon='72.6771202' />
  <node id='6868879095' timestamp='2019-10-11T04:36:58Z' uid='9086388' user='Kirankumar R H' visible='true' version='1' changeset='75542009' lat='23.188263' lon='72.6764493' />
  <node id='6868879096' timestamp='2019-10-11T04:36:58Z' uid='9086388' user='Kirankumar R H' visible='true' version='1' changeset='75542009' lat='23.1877062' lon='72.6761305' />
  <node id='6868879097' timestamp='2019-10-11T04:36:58Z' uid='9086388' user='Kirankumar R H' visible='true' version='1' changeset='75542009' lat='23.1871475' lon='72.67586' />
  <node id='6868879098' timestamp='2019-10-11T04:36:58Z' uid='9086388' user='Kirankumar R H' visible='true' version='1' changeset='75542009' lat='23.1866589' lon='72.6756548' />
  <node id='6868879099' timestamp='2019-10-11T04:36:58Z' uid='9086388' user='Kirankumar R H' visible='true' version='1' changeset='75542009' lat='23.1859623' lon='72.6753521' />
  <node id='6868879100' timestamp='2019-10-11T04:36:58Z' uid='9086388' user='Kirankumar R H' visible='true' version='1' changeset='75542009' lat='23.1848302' lon='72.6749461' />
  <node id='6868879101' timestamp='2019-10-11T04:36:58Z' uid='9086388' user='Kirankumar R H' visible='true' version='1' changeset='75542009' lat='23.1836446' lon='72.6744607' />
  <node id='6868879211' timestamp='2024-02-29T06:46:33Z' uid='16275581' user='ompatekar' visible='true' version='3' changeset='148038251' lat='23.2102611' lon='72.6906574' />
  <node id='6868879212' timestamp='2019-10-11T04:36:58Z' uid='9086388' user='Kirankumar R H' visible='true' version='1' changeset='75542009' lat='23.2090837' lon='72.6896962' />
  <node id='6868879213' timestamp='2019-10-11T04:36:58Z' uid='9086388' user='Kirankumar R H' visible='true' version='1' changeset='75542009' lat='23.2088076' lon='72.6894924' />
  <node id='6868879214' timestamp='2019-10-11T04:36:58Z' uid='9086388' user='Kirankumar R H' visible='true' version='1' changeset='75542009' lat='23.2084231' lon='72.6892135' />
  <node id='6868879215' timestamp='2019-10-11T04:36:58Z' uid='9086388' user='Kirankumar R H' visible='true' version='1' changeset='75542009' lat='23.207257' lon='72.6884517' />
  <node id='6868879216' timestamp='2019-10-11T04:36:58Z' uid='9086388' user='Kirankumar R H' visible='true' version='1' changeset='75542009' lat='23.205911' lon='72.6877034' />
  <node id='6868879217' timestamp='2019-10-11T04:36:58Z' uid='9086388' user='Kirankumar R H' visible='true' version='1' changeset='75542009' lat='23.2051468' lon='72.6872259' />
  <node id='6868879218' timestamp='2019-10-11T04:36:58Z' uid='9086388' user='Kirankumar R H' visible='true' version='1' changeset='75542009' lat='23.2053292' lon='72.68736' />
  <node id='6868879219' timestamp='2019-10-11T04:36:58Z' uid='9086388' user='Kirankumar R H' visible='true' version='1' changeset='75542009' lat='23.2049964' lon='72.6870918' />
  <node id='6868879220' timestamp='2019-10-11T04:36:58Z' uid='9086388' user='Kirankumar R H' visible='true' version='1' changeset='75542009' lat='23.2030809' lon='72.6856193' />
  <node id='6868879221' timestamp='2019-10-11T04:36:58Z' uid='9086388' user='Kirankumar R H' visible='true' version='1' changeset='75542009' lat='23.201587' lon='72.6847368' />
  <node id='6868879222' timestamp='2019-10-11T04:36:58Z' uid='9086388' user='Kirankumar R H' visible='true' version='1' changeset='75542009' lat='23.2005738' lon='72.6841602' />
  <node id='6868879224' timestamp='2019-10-11T04:36:58Z' uid='9086388' user='Kirankumar R H' visible='true' version='1' changeset='75542009' lat='23.1968905' lon='72.6820573' />
  <node id='6868879225' timestamp='2019-10-11T04:36:58Z' uid='9086388' user='Kirankumar R H' visible='true' version='1' changeset='75542009' lat='23.1954582' lon='72.6812553' />
  <node id='6868879226' timestamp='2019-10-11T04:36:58Z' uid='9086388' user='Kirankumar R H' visible='true' version='1' changeset='75542009' lat='23.1938162' lon='72.6802736' />
  <node id='6868879227' timestamp='2019-10-11T04:36:58Z' uid='9086388' user='Kirankumar R H' visible='true' version='1' changeset='75542009' lat='23.192258' lon='72.6789057' />
  <node id='6868879228' timestamp='2019-10-11T04:36:58Z' uid='9086388' user='Kirankumar R H' visible='true' version='1' changeset='75542009' lat='23.1910869' lon='72.6778784' />
  <node id='6868879229' timestamp='2019-10-11T04:36:58Z' uid='9086388' user='Kirankumar R H' visible='true' version='1' changeset='75542009' lat='23.1913261' lon='72.6780581' />
  <node id='6868879230' timestamp='2019-10-11T04:36:58Z' uid='9086388' user='Kirankumar R H' visible='true' version='1' changeset='75542009' lat='23.1902536' lon='72.6774144' />
  <node id='6868879231' timestamp='2019-10-11T04:36:58Z' uid='9086388' user='Kirankumar R H' visible='true' version='1' changeset='75542009' lat='23.1877807' lon='72.6759633' />
  <node id='6868879232' timestamp='2019-10-11T04:36:58Z' uid='9086388' user='Kirankumar R H' visible='true' version='1' changeset='75542009' lat='23.1883428' lon='72.6762852' />
  <node id='6868879233' timestamp='2019-10-11T04:36:58Z' uid='9086388' user='Kirankumar R H' visible='true' version='1' changeset='75542009' lat='23.1860178' lon='72.6751962' />
  <node id='6868998026' timestamp='2021-01-30T12:45:32Z' uid='11631029' user='VLD264' visible='true' version='2' changeset='98412913' lat='23.2108487' lon='72.6891491' />
  <node id='6868998027' timestamp='2024-02-29T06:46:33Z' uid='16275581' user='ompatekar' visible='true' version='2' changeset='148038251' lat='23.2127062' lon='72.6910979' />
  <node id='6868998028' timestamp='2021-01-30T12:32:59Z' uid='11631029' user='VLD264' visible='true' version='3' changeset='98412503' lat='23.213214' lon='72.689947' />
  <node id='6868998029' timestamp='2021-01-30T12:32:59Z' uid='11631029' user='VLD264' visible='true' version='2' changeset='98412503' lat='23.2130488' lon='72.6897834' />
  <node id='6868998030' timestamp='2021-01-30T12:32:59Z' uid='11631029' user='VLD264' visible='true' version='2' changeset='98412503' lat='23.212631' lon='72.6895125' />
  <node id='6868998031' timestamp='2021-01-30T12:32:59Z' uid='11631029' user='VLD264' visible='true' version='2' changeset='98412503' lat='23.212228' lon='72.6895192' />
  <node id='6868998032' timestamp='2021-01-30T12:32:59Z' uid='11631029' user='VLD264' visible='true' version='2' changeset='98412503' lat='23.2113874' lon='72.6894937' />
  <node id='6868998033' timestamp='2021-01-30T12:32:59Z' uid='11631029' user='VLD264' visible='true' version='3' changeset='98412503' lat='23.211205' lon='72.6893958' />
  <node id='6868998034' timestamp='2019-10-17T01:18:55Z' uid='9086408' user='gowtham@gis' visible='true' version='2' changeset='75805853' lat='23.2110201' lon='72.6893476' />
  <node id='6868998035' timestamp='2021-01-30T12:45:32Z' uid='11631029' user='VLD264' visible='true' version='2' changeset='98412913' lat='23.2093253' lon='72.6880628' />
  <node id='6868998036' timestamp='2021-01-30T12:45:32Z' uid='11631029' user='VLD264' visible='true' version='2' changeset='98412913' lat='23.2086523' lon='72.68758' />
  <node id='6868998037' timestamp='2021-01-30T12:45:32Z' uid='11631029' user='VLD264' visible='true' version='2' changeset='98412913' lat='23.2075134' lon='72.6867941' />
  <node id='6868998038' timestamp='2021-01-30T12:45:32Z' uid='11631029' user='VLD264' visible='true' version='3' changeset='98412913' lat='23.2066136' lon='72.6861611' />
  <node id='6868998039' timestamp='2021-01-30T12:45:32Z' uid='11631029' user='VLD264' visible='true' version='2' changeset='98412913' lat='23.2059924' lon='72.687175' />
  <node id='6868998040' timestamp='2021-01-30T12:45:32Z' uid='11631029' user='VLD264' visible='true' version='2' changeset='98412913' lat='23.2066062' lon='72.6876846' />
  <node id='6868998041' timestamp='2021-01-30T12:45:32Z' uid='11631029' user='VLD264' visible='true' version='2' changeset='98412913' lat='23.208603' lon='72.688964' />
  <node id='6868998042' timestamp='2021-01-30T12:45:32Z' uid='11631029' user='VLD264' visible='true' version='2' changeset='98412913' lat='23.2090098' lon='72.6892564' />
  <node id='6868998043' timestamp='2021-01-30T12:45:32Z' uid='11631029' user='VLD264' visible='true' version='2' changeset='98412913' lat='23.209419' lon='72.6895702' />
  <node id='6868998044' timestamp='2021-01-30T12:45:32Z' uid='11631029' user='VLD264' visible='true' version='2' changeset='98412913' lat='23.2100993' lon='72.690061' />
  <node id='6868998045' timestamp='2021-01-30T12:45:32Z' uid='11631029' user='VLD264' visible='true' version='2' changeset='98412913' lat='23.2101733' lon='72.6900905' />
  <node id='6868998046' timestamp='2019-10-11T06:03:30Z' uid='10285127' user='mounika rasetty' visible='true' version='1' changeset='75543955' lat='23.2102768' lon='72.690116' />
  <node id='6868998047' timestamp='2019-10-14T00:52:01Z' uid='8782065' user='vinay gowda' visible='true' version='3' changeset='75637558' lat='23.2104302' lon='72.6901891' />
  <node id='6868998048' timestamp='2019-10-17T01:18:55Z' uid='9086408' user='gowtham@gis' visible='true' version='2' changeset='75805853' lat='23.2109548' lon='72.6893771' />
  <node id='6868998050' timestamp='2019-10-17T01:18:55Z' uid='9086408' user='gowtham@gis' visible='true' version='2' changeset='75805853' lat='23.2110176' lon='72.6894254' />
  <node id='6869340508' timestamp='2021-01-30T12:32:59Z' uid='11631029' user='VLD264' visible='true' version='2' changeset='98412503' lat='23.2130981' lon='72.6898357' />
  <node id='6869340511' timestamp='2019-10-11T08:37:28Z' uid='10285111' user='Anushad' visible='true' version='1' changeset='75551068' lat='23.2133212' lon='72.6894844' />
  <node id='6869340516' action='modify' timestamp='2024-05-09T13:43:16Z' uid='18353822' user='futuretale200' visible='true' version='3' changeset='151101124' lat='23.21323853158' lon='72.68600152777' />
  <node id='6869340519' timestamp='2019-10-11T08:37:28Z' uid='10285111' user='Anushad' visible='true' version='1' changeset='75551068' lat='23.2123746' lon='72.6850104' />
  <node id='6869340520' timestamp='2019-10-11T08:37:28Z' uid='10285111' user='Anushad' visible='true' version='1' changeset='75551068' lat='23.2123216' lon='72.6849957' />
  <node id='6869340523' timestamp='2024-05-09T13:43:16Z' uid='18353822' user='futuretale200' visible='true' version='2' changeset='151101124' lat='23.2113768' lon='72.6850284' />
  <node id='6869340524' timestamp='2024-05-09T13:43:16Z' uid='18353822' user='futuretale200' visible='true' version='2' changeset='151101124' lat='23.2113254' lon='72.685051' />
  <node id='6869340525' timestamp='2024-05-09T13:43:16Z' uid='18353822' user='futuretale200' visible='true' version='2' changeset='151101124' lat='23.2112821' lon='72.685092' />
  <node id='6869340526' timestamp='2024-05-09T13:43:16Z' uid='18353822' user='futuretale200' visible='true' version='2' changeset='151101124' lat='23.2112474' lon='72.6851611' />
  <node id='6869340528' action='modify' timestamp='2024-05-09T13:43:16Z' uid='18353822' user='futuretale200' visible='true' version='3' changeset='151101124' lat='23.2112361' lon='72.6864089'>
    <tag k='name:en' v='central arcade turn' />
  </node>
  <node id='6876496106' timestamp='2019-10-14T00:52:01Z' uid='8782065' user='vinay gowda' visible='true' version='1' changeset='75637558' lat='23.2105101' lon='72.6902504' />
  <node id='6877028810' timestamp='2021-01-30T11:09:59Z' uid='11631029' user='VLD264' visible='true' version='2' changeset='98409523' lat='23.2060466' lon='72.6879635' />
  <node id='6877028811' timestamp='2019-10-14T05:39:41Z' uid='10285135' user='Sarathv' visible='true' version='1' changeset='75642075' lat='23.2060982' lon='72.6878087' />
  <node id='6877036646' timestamp='2019-10-14T06:04:24Z' uid='10285125' user='Manisha_mohanan' visible='true' version='1' changeset='75642621' lat='23.2012674' lon='72.6845529' />
  <node id='6877102347' timestamp='2024-05-09T13:43:16Z' uid='18353822' user='futuretale200' visible='true' version='2' changeset='151101124' lat='23.2111613' lon='72.6864274' />
  <node id='6877102348' timestamp='2019-10-14T06:24:11Z' uid='10285127' user='mounika rasetty' visible='true' version='1' changeset='75643114' lat='23.2111741' lon='72.6888835' />
  <node id='6877102349' timestamp='2019-10-14T06:24:11Z' uid='10285127' user='mounika rasetty' visible='true' version='1' changeset='75643114' lat='23.2111347' lon='72.6889881' />
  <node id='6877102350' timestamp='2019-10-14T06:24:11Z' uid='10285127' user='mounika rasetty' visible='true' version='1' changeset='75643114' lat='23.2110262' lon='72.6891625' />
  <node id='6877102351' timestamp='2019-10-14T06:24:11Z' uid='10285127' user='mounika rasetty' visible='true' version='1' changeset='75643114' lat='23.2109905' lon='72.6891839' />
  <node id='6877102352' timestamp='2019-10-14T06:24:11Z' uid='10285127' user='mounika rasetty' visible='true' version='1' changeset='75643114' lat='23.2109461' lon='72.6891853' />
  <node id='6877102353' timestamp='2019-10-14T06:24:11Z' uid='10285127' user='mounika rasetty' visible='true' version='1' changeset='75643114' lat='23.2108931' lon='72.6891477' />
  <node id='6877102354' timestamp='2019-10-14T06:24:11Z' uid='10285127' user='mounika rasetty' visible='true' version='1' changeset='75643114' lat='23.2101832' lon='72.6886126' />
  <node id='6877102355' timestamp='2019-10-14T06:24:11Z' uid='10285127' user='mounika rasetty' visible='true' version='1' changeset='75643114' lat='23.2088668' lon='72.6876926' />
  <node id='6877102356' timestamp='2019-10-14T06:24:11Z' uid='10285127' user='mounika rasetty' visible='true' version='1' changeset='75643114' lat='23.2068503' lon='72.686263' />
  <node id='6877102357' timestamp='2019-10-14T06:24:11Z' uid='10285127' user='mounika rasetty' visible='true' version='1' changeset='75643114' lat='23.2067073' lon='72.6861651' />
  <node id='6877102359' timestamp='2019-10-16T04:44:40Z' uid='9086408' user='gowtham@gis' visible='true' version='2' changeset='75752546' lat='23.2075011' lon='72.6867096' />
  <node id='6877102362' timestamp='2019-10-14T06:24:11Z' uid='10285127' user='mounika rasetty' visible='true' version='1' changeset='75643114' lat='23.2107526' lon='72.6864159' />
  <node id='6877142009' timestamp='2021-01-30T08:54:01Z' uid='11631029' user='VLD264' visible='true' version='2' changeset='98404775' lat='23.1998563' lon='72.6839992' />
  <node id='6877142010' timestamp='2021-01-30T08:54:01Z' uid='11631029' user='VLD264' visible='true' version='2' changeset='98404775' lat='23.1999296' lon='72.6838289' />
  <node id='6877309148' timestamp='2019-10-14T08:00:02Z' uid='10287759' user='Rajyalakshmi' visible='true' version='1' changeset='75648012' lat='23.215266' lon='72.6854717' />
  <node id='6877309149' timestamp='2019-10-14T08:00:02Z' uid='10287759' user='Rajyalakshmi' visible='true' version='1' changeset='75648012' lat='23.2156689' lon='72.6854727' />
  <node id='6877309150' timestamp='2019-10-14T08:00:02Z' uid='10287759' user='Rajyalakshmi' visible='true' version='1' changeset='75648012' lat='23.215763' lon='72.6856087' />
  <node id='6877309151' timestamp='2021-01-30T12:45:32Z' uid='11631029' user='VLD264' visible='true' version='2' changeset='98412913' lat='23.2154621' lon='72.6852988' />
  <node id='6877309152' timestamp='2021-01-30T12:45:32Z' uid='11631029' user='VLD264' visible='true' version='2' changeset='98412913' lat='23.2152994' lon='72.6853001' />
  <node id='6877309153' timestamp='2021-01-30T12:45:32Z' uid='11631029' user='VLD264' visible='true' version='2' changeset='98412913' lat='23.2152748' lon='72.6855858' />
  <node id='6877309154' timestamp='2019-10-14T08:00:02Z' uid='10287759' user='Rajyalakshmi' visible='true' version='1' changeset='75648012' lat='23.2159638' lon='72.6856033' />
  <node id='6877309155' timestamp='2024-05-09T13:43:16Z' uid='18353822' user='futuretale200' visible='true' version='2' changeset='151101124' lat='23.2128949' lon='72.6855698' />
  <node id='6877309156' timestamp='2021-01-30T12:45:32Z' uid='11631029' user='VLD264' visible='true' version='2' changeset='98412913' lat='23.2130402' lon='72.6853484' />
  <node id='6877309157' timestamp='2019-10-14T08:00:02Z' uid='10287759' user='Rajyalakshmi' visible='true' version='1' changeset='75648012' lat='23.2130723' lon='72.6843707' />
  <node id='6877309158' timestamp='2024-05-09T13:43:16Z' uid='18353822' user='futuretale200' visible='true' version='4' changeset='151101124' lat='23.2130653' lon='72.6841454' />
  <node id='6877309160' timestamp='2024-05-09T14:25:56Z' uid='18353822' user='futuretale200' visible='true' version='3' changeset='151103252' lat='23.2048217' lon='72.6848786' />
  <node id='6877309161' timestamp='2024-05-09T13:43:16Z' uid='18353822' user='futuretale200' visible='true' version='2' changeset='151101124' lat='23.2117808' lon='72.6850144' />
  <node id='6877309162' timestamp='2019-10-14T08:00:02Z' uid='10287759' user='Rajyalakshmi' visible='true' version='1' changeset='75648012' lat='23.211751' lon='72.6832623' />
  <node id='6877309167' timestamp='2019-10-14T08:00:02Z' uid='10287759' user='Rajyalakshmi' visible='true' version='1' changeset='75648012' lat='23.2156556' lon='72.6897311' />
  <node id='6877309168' timestamp='2021-01-30T12:32:59Z' uid='11631029' user='VLD264' visible='true' version='2' changeset='98412503' lat='23.2155533' lon='72.6900449' />
  <node id='6877309169' timestamp='2021-01-30T12:32:59Z' uid='11631029' user='VLD264' visible='true' version='2' changeset='98412503' lat='23.2153943' lon='72.6902381' />
  <node id='6877309170' timestamp='2021-01-30T12:32:59Z' uid='11631029' user='VLD264' visible='true' version='3' changeset='98412503' lat='23.2136109' lon='72.6902756' />
  <node id='6877309171' timestamp='2021-01-30T12:32:59Z' uid='11631029' user='VLD264' visible='true' version='3' changeset='98412503' lat='23.2135098' lon='72.6901978' />
  <node id='6877309173' timestamp='2021-01-30T12:45:32Z' uid='11631029' user='VLD264' visible='true' version='2' changeset='98412913' lat='23.2071362' lon='72.6852143' />
  <node id='6877309174' timestamp='2019-10-14T08:00:02Z' uid='10287759' user='Rajyalakshmi' visible='true' version='1' changeset='75648012' lat='23.207257' lon='72.6849675' />
  <node id='6877309175' timestamp='2021-01-30T11:43:10Z' uid='11631029' user='VLD264' visible='true' version='2' changeset='98410784' lat='23.207898' lon='72.6834064' />
  <node id='6877309177' timestamp='2019-10-14T08:00:02Z' uid='10287759' user='Rajyalakshmi' visible='true' version='1' changeset='75648012' lat='23.208142' lon='72.6833153' />
  <node id='6877309178' timestamp='2021-01-30T12:32:59Z' uid='11631029' user='VLD264' visible='true' version='2' changeset='98412503' lat='23.2134408' lon='72.6832429' />
  <node id='6877309179' timestamp='2019-10-14T08:00:02Z' uid='10287759' user='Rajyalakshmi' visible='true' version='1' changeset='75648012' lat='23.2159422' lon='72.6855777' />
  <node id='6877309180' timestamp='2019-10-14T08:00:02Z' uid='10287759' user='Rajyalakshmi' visible='true' version='1' changeset='75648012' lat='23.2165504' lon='72.6862979' />
  <node id='6877309181' timestamp='2021-01-30T12:32:59Z' uid='11631029' user='VLD264' visible='true' version='2' changeset='98412503' lat='23.2166712' lon='72.6864266' />
  <node id='6877309182' timestamp='2021-01-30T12:32:59Z' uid='11631029' user='VLD264' visible='true' version='2' changeset='98412503' lat='23.2167254' lon='72.6867217' />
  <node id='6877309183' timestamp='2024-02-29T06:46:33Z' uid='16275581' user='ompatekar' visible='true' version='3' changeset='148038251' lat='23.2157553' lon='72.6868095' />
  <node id='6877309184' timestamp='2024-02-29T06:46:33Z' uid='16275581' user='ompatekar' visible='true' version='2' changeset='148038251' lat='23.2158615' lon='72.6868102' />
  <node id='6877339585' timestamp='2024-02-29T06:46:33Z' uid='16275581' user='ompatekar' visible='true' version='2' changeset='148038251' lat='23.2164028' lon='72.6868416' />
  <node id='6877339586' timestamp='2019-10-14T08:00:02Z' uid='10287759' user='Rajyalakshmi' visible='true' version='1' changeset='75648012' lat='23.216649' lon='72.6868612' />
  <node id='6877339587' timestamp='2021-01-30T15:46:08Z' uid='11631029' user='VLD264' visible='true' version='2' changeset='98419189' lat='23.2169127' lon='72.6870382' />
  <node id='6877339588' timestamp='2019-10-14T08:00:02Z' uid='10287759' user='Rajyalakshmi' visible='true' version='1' changeset='75648012' lat='23.2172505' lon='72.6873627' />
  <node id='6877339589' timestamp='2021-01-30T12:32:59Z' uid='11631029' user='VLD264' visible='true' version='2' changeset='98412503' lat='23.2173861' lon='72.6875773' />
  <node id='6877339590' timestamp='2021-01-30T12:32:59Z' uid='11631029' user='VLD264' visible='true' version='2' changeset='98412503' lat='23.2174945' lon='72.6878697' />
  <node id='6877339591' timestamp='2019-10-14T08:00:02Z' uid='10287759' user='Rajyalakshmi' visible='true' version='1' changeset='75648012' lat='23.2175586' lon='72.6883095' />
  <node id='6877339592' timestamp='2021-01-30T12:32:59Z' uid='11631029' user='VLD264' visible='true' version='2' changeset='98412503' lat='23.2175167' lon='72.6885053' />
  <node id='6877339593' timestamp='2019-10-14T08:00:02Z' uid='10287759' user='Rajyalakshmi' visible='true' version='1' changeset='75648012' lat='23.2174009' lon='72.6888192' />
  <node id='6877339594' timestamp='2019-10-14T08:00:02Z' uid='10287759' user='Rajyalakshmi' visible='true' version='1' changeset='75648012' lat='23.2173269' lon='72.6889935' />
  <node id='6877353763' timestamp='2022-01-26T23:46:39Z' uid='13913100' user='rahilarious' visible='true' version='3' changeset='116643168' lat='23.1924342' lon='72.6790649' />
  <node id='6884191581' timestamp='2019-10-16T04:44:40Z' uid='9086408' user='gowtham@gis' visible='true' version='1' changeset='75752546' lat='23.2074252' lon='72.6864656' />
  <node id='6884191582' timestamp='2019-10-16T04:44:40Z' uid='9086408' user='gowtham@gis' visible='true' version='1' changeset='75752546' lat='23.2066372' lon='72.6861112' />
  <node id='6884191583' timestamp='2019-10-16T04:44:40Z' uid='9086408' user='gowtham@gis' visible='true' version='1' changeset='75752546' lat='23.2064928' lon='72.6860699' />
  <node id='6887435852' timestamp='2019-10-17T01:18:55Z' uid='9086408' user='gowtham@gis' visible='true' version='1' changeset='75805853' lat='23.2157328' lon='72.6866935' />
  <node id='6887435853' timestamp='2019-10-17T01:18:55Z' uid='9086408' user='gowtham@gis' visible='true' version='1' changeset='75805853' lat='23.2156752' lon='72.6866392' />
  <node id='6887435854' timestamp='2019-10-17T01:18:55Z' uid='9086408' user='gowtham@gis' visible='true' version='1' changeset='75805853' lat='23.2156002' lon='72.6866235' />
  <node id='6887435855' timestamp='2019-10-17T01:18:55Z' uid='9086408' user='gowtham@gis' visible='true' version='1' changeset='75805853' lat='23.2155282' lon='72.6866507' />
  <node id='6887435856' timestamp='2019-10-17T01:18:55Z' uid='9086408' user='gowtham@gis' visible='true' version='1' changeset='75805853' lat='23.2154783' lon='72.6867135' />
  <node id='6887435857' timestamp='2019-10-17T01:18:55Z' uid='9086408' user='gowtham@gis' visible='true' version='1' changeset='75805853' lat='23.2154639' lon='72.686795' />
  <node id='6887435858' timestamp='2019-10-17T01:18:55Z' uid='9086408' user='gowtham@gis' visible='true' version='1' changeset='75805853' lat='23.2154889' lon='72.6868734' />
  <node id='6887435859' timestamp='2019-10-17T01:18:55Z' uid='9086408' user='gowtham@gis' visible='true' version='1' changeset='75805853' lat='23.2155466' lon='72.6869277' />
  <node id='6887435860' timestamp='2019-10-17T01:18:55Z' uid='9086408' user='gowtham@gis' visible='true' version='1' changeset='75805853' lat='23.2156215' lon='72.6869434' />
  <node id='6887435861' timestamp='2019-10-17T01:18:55Z' uid='9086408' user='gowtham@gis' visible='true' version='1' changeset='75805853' lat='23.2156935' lon='72.6869162' />
  <node id='6887435862' timestamp='2019-10-17T01:18:55Z' uid='9086408' user='gowtham@gis' visible='true' version='1' changeset='75805853' lat='23.2157434' lon='72.6868534' />
  <node id='6945068975' timestamp='2025-01-27T06:04:01Z' uid='19795114' user='kunalchhapre' visible='true' version='3' changeset='161804682' lat='23.183468' lon='72.6742801' />
  <node id='6945068977' timestamp='2021-01-30T08:26:34Z' uid='11631029' user='VLD264' visible='true' version='2' changeset='98403927' lat='23.1836388' lon='72.6743553' />
  <node id='6965885546' timestamp='2019-11-11T09:17:54Z' uid='10285111' user='Anushad' visible='true' version='1' changeset='76896704' lat='23.2142752' lon='72.6858714' />
  <node id='6965885547' timestamp='2019-11-11T09:17:54Z' uid='10285111' user='Anushad' visible='true' version='1' changeset='76896704' lat='23.2138857' lon='72.6858875' />
  <node id='6965885548' action='modify' timestamp='2024-05-09T13:43:16Z' uid='18353822' user='futuretale200' visible='true' version='3' changeset='151101124' lat='23.21323738951' lon='72.68641229894'>
    <tag k='name:en' v='central library' />
  </node>
  <node id='7194095815' timestamp='2020-02-07T20:24:55Z' uid='10752734' user='Neelay' visible='true' version='1' changeset='80708090' lat='23.2117664' lon='72.68417' />
  <node id='7444654579' timestamp='2020-04-25T11:00:22Z' uid='11081103' user='awesomeroks' visible='true' version='1' changeset='84100528' lat='23.2111678' lon='72.6849727' />
  <node id='7444654580' timestamp='2020-04-25T11:00:22Z' uid='11081103' user='awesomeroks' visible='true' version='1' changeset='84100528' lat='23.2116668' lon='72.6849666' />
  <node id='7444654581' timestamp='2024-05-09T13:43:16Z' uid='18353822' user='futuretale200' visible='true' version='2' changeset='151101124' lat='23.211697' lon='72.6850173' />
  <node id='7444654582' timestamp='2020-04-25T11:00:22Z' uid='11081103' user='awesomeroks' visible='true' version='1' changeset='84100528' lat='23.2147661' lon='72.6879539' />
  <node id='7444654583' timestamp='2020-04-25T11:00:22Z' uid='11081103' user='awesomeroks' visible='true' version='1' changeset='84100528' lat='23.2147811' lon='72.6886598' />
  <node id='7444654584' timestamp='2020-04-25T11:00:22Z' uid='11081103' user='awesomeroks' visible='true' version='1' changeset='84100528' lat='23.2138735' lon='72.6886802' />
  <node id='7444664885' timestamp='2020-04-25T11:00:22Z' uid='11081103' user='awesomeroks' visible='true' version='1' changeset='84100528' lat='23.2138547' lon='72.6879457' />
  <node id='7444664886' timestamp='2023-01-27T06:24:14Z' uid='18353822' user='futuretale200' visible='true' version='3' changeset='131757824' lat='23.2143465' lon='72.6888476' />
  <node id='7444664887' timestamp='2023-01-27T06:24:14Z' uid='18353822' user='futuretale200' visible='true' version='3' changeset='131757824' lat='23.2144869' lon='72.6889559' />
  <node id='7444664890' timestamp='2023-01-27T06:24:14Z' uid='18353822' user='futuretale200' visible='true' version='3' changeset='131757824' lat='23.2146647' lon='72.6892727' />
  <node id='7444664892' timestamp='2023-01-27T06:24:14Z' uid='18353822' user='futuretale200' visible='true' version='2' changeset='131757824' lat='23.214667' lon='72.6896439' />
  <node id='7444664893' timestamp='2023-01-27T06:24:14Z' uid='18353822' user='futuretale200' visible='true' version='2' changeset='131757824' lat='23.2146001' lon='72.6898165' />
  <node id='7444664895' timestamp='2023-01-27T06:24:14Z' uid='18353822' user='futuretale200' visible='true' version='2' changeset='131757824' lat='23.214354' lon='72.6900736' />
  <node id='7444664896' timestamp='2023-01-27T06:24:14Z' uid='18353822' user='futuretale200' visible='true' version='2' changeset='131757824' lat='23.2141929' lon='72.6901394' />
  <node id='7444664897' timestamp='2023-01-27T06:24:14Z' uid='18353822' user='futuretale200' visible='true' version='2' changeset='131757824' lat='23.2139869' lon='72.6901532' />
  <node id='7444664898' timestamp='2023-01-27T06:24:14Z' uid='18353822' user='futuretale200' visible='true' version='2' changeset='131757824' lat='23.2137876' lon='72.6900946' />
  <node id='7444664899' timestamp='2023-01-27T06:24:14Z' uid='18353822' user='futuretale200' visible='true' version='2' changeset='131757824' lat='23.213616' lon='72.6899698' />
  <node id='7444664900' timestamp='2023-01-27T06:24:14Z' uid='18353822' user='futuretale200' visible='true' version='2' changeset='131757824' lat='23.21349' lon='72.689792' />
  <node id='7444664901' timestamp='2023-01-27T06:24:14Z' uid='18353822' user='futuretale200' visible='true' version='2' changeset='131757824' lat='23.2134228' lon='72.6895797' />
  <node id='7444664902' timestamp='2023-01-27T06:24:14Z' uid='18353822' user='futuretale200' visible='true' version='2' changeset='131757824' lat='23.2134214' lon='72.6893551' />
  <node id='7444664903' timestamp='2023-01-27T06:24:14Z' uid='18353822' user='futuretale200' visible='true' version='2' changeset='131757824' lat='23.213486' lon='72.6891418' />
  <node id='7444664904' timestamp='2023-01-27T06:24:14Z' uid='18353822' user='futuretale200' visible='true' version='2' changeset='131757824' lat='23.2136098' lon='72.6889622' />
  <node id='7444664905' timestamp='2023-01-27T06:24:14Z' uid='18353822' user='futuretale200' visible='true' version='2' changeset='131757824' lat='23.2137799' lon='72.6888349' />
  <node id='7444664906' timestamp='2023-01-27T06:24:14Z' uid='18353822' user='futuretale200' visible='true' version='2' changeset='131757824' lat='23.2139784' lon='72.6887735' />
  <node id='7514530770' timestamp='2024-05-09T13:01:29Z' uid='18353822' user='futuretale200' visible='true' version='3' changeset='151099153' lat='23.2106969' lon='72.6844218' />
  <node id='7514530771' timestamp='2023-01-26T19:10:20Z' uid='322785' user='BCNorwich' visible='true' version='2' changeset='131744565' lat='23.2106813' lon='72.6843725' />
  <node id='7514530772' timestamp='2023-01-26T19:10:20Z' uid='322785' user='BCNorwich' visible='true' version='2' changeset='131744565' lat='23.2106364' lon='72.6843449' />
  <node id='7514530773' timestamp='2023-01-26T19:10:20Z' uid='322785' user='BCNorwich' visible='true' version='3' changeset='131744565' lat='23.2106272' lon='72.6843737' />
  <node id='7514530774' timestamp='2023-01-26T19:10:20Z' uid='322785' user='BCNorwich' visible='true' version='3' changeset='131744565' lat='23.2105955' lon='72.6843781' />
  <node id='7514530775' timestamp='2024-05-09T13:01:29Z' uid='18353822' user='futuretale200' visible='true' version='3' changeset='151099153' lat='23.2105391' lon='72.6844391'>
    <tag k='noexit' v='yes' />
  </node>
  <node id='7514530776' timestamp='2023-01-26T19:10:20Z' uid='322785' user='BCNorwich' visible='true' version='2' changeset='131744565' lat='23.2105605' lon='72.6844886' />
  <node id='7514530777' timestamp='2023-01-26T19:10:20Z' uid='322785' user='BCNorwich' visible='true' version='2' changeset='131744565' lat='23.2105957' lon='72.6845142' />
  <node id='7514530778' timestamp='2024-05-09T13:01:29Z' uid='18353822' user='futuretale200' visible='true' version='3' changeset='151099153' lat='23.2106243' lon='72.6845212' />
  <node id='7514530779' timestamp='2024-05-09T13:01:29Z' uid='18353822' user='futuretale200' visible='true' version='4' changeset='151099153' lat='23.2106264' lon='72.684514' />
  <node id='8377601479' timestamp='2021-01-30T08:26:34Z' uid='11631029' user='VLD264' visible='true' version='1' changeset='98403927' lat='23.1842111' lon='72.6745724' />
  <node id='8377608455' timestamp='2021-01-30T08:31:08Z' uid='11631029' user='VLD264' visible='true' version='1' changeset='98404039' lat='23.1862392' lon='72.6754724' />
  <node id='8377637130' timestamp='2021-01-30T08:46:29Z' uid='11631029' user='VLD264' visible='true' version='1' changeset='98404502' lat='23.196875' lon='72.6822602' />
  <node id='8377637136' timestamp='2021-01-30T08:46:29Z' uid='11631029' user='VLD264' visible='true' version='1' changeset='98404502' lat='23.2044431' lon='72.6867443' />
  <node id='8377637195' timestamp='2021-01-30T08:46:29Z' uid='11631029' user='VLD264' visible='true' version='1' changeset='98404502' lat='23.1923897' lon='72.679266' />
  <node id='8377637196' timestamp='2021-01-30T08:46:29Z' uid='11631029' user='VLD264' visible='true' version='1' changeset='98404502' lat='23.1891721' lon='72.676976' />
  <node id='8377637197' timestamp='2021-01-30T08:46:29Z' uid='11631029' user='VLD264' visible='true' version='1' changeset='98404502' lat='23.1892462' lon='72.6768086' />
  <node id='8377643003' timestamp='2021-01-30T08:52:15Z' uid='11631029' user='VLD264' visible='true' version='1' changeset='98404712' lat='23.2011371' lon='72.684688' />
  <node id='8377926973' timestamp='2021-01-30T11:09:59Z' uid='11631029' user='VLD264' visible='true' version='1' changeset='98409523' lat='23.2016424' lon='72.684769' />
  <node id='8377927010' timestamp='2021-01-30T11:09:59Z' uid='11631029' user='VLD264' visible='true' version='1' changeset='98409523' lat='23.2052148' lon='72.6876022' />
  <node id='8377927011' timestamp='2021-01-30T11:09:59Z' uid='11631029' user='VLD264' visible='true' version='1' changeset='98409523' lat='23.2053169' lon='72.6876631' />
  <node id='8377927012' timestamp='2021-01-30T11:09:59Z' uid='11631029' user='VLD264' visible='true' version='1' changeset='98409523' lat='23.2056653' lon='72.6877438' />
  <node id='8377927013' timestamp='2021-01-30T11:09:59Z' uid='11631029' user='VLD264' visible='true' version='1' changeset='98409523' lat='23.2055782' lon='72.6877463' />
  <node id='8377927014' timestamp='2021-01-30T11:09:59Z' uid='11631029' user='VLD264' visible='true' version='1' changeset='98409523' lat='23.2054303' lon='72.6877141' />
  <node id='8377927015' timestamp='2021-01-30T11:09:59Z' uid='11631029' user='VLD264' visible='true' version='1' changeset='98409523' lat='23.204989' lon='72.6874673' />
  <node id='8377927016' timestamp='2021-01-30T11:09:59Z' uid='11631029' user='VLD264' visible='true' version='1' changeset='98409523' lat='23.204888' lon='72.6873949' />
  <node id='8377948417' timestamp='2021-01-30T11:09:59Z' uid='11631029' user='VLD264' visible='true' version='1' changeset='98409523' lat='23.2047992' lon='72.687301' />
  <node id='8377948418' timestamp='2021-01-30T11:09:59Z' uid='11631029' user='VLD264' visible='true' version='1' changeset='98409523' lat='23.2047006' lon='72.6871535' />
  <node id='8377948419' timestamp='2021-01-30T11:09:59Z' uid='11631029' user='VLD264' visible='true' version='1' changeset='98409523' lat='23.204593' lon='72.6868881' />
  <node id='8377990844' timestamp='2021-01-30T11:25:07Z' uid='11631029' user='VLD264' visible='true' version='1' changeset='98410100' lat='23.2102101' lon='72.6908621' />
  <node id='8377990864' timestamp='2021-01-30T11:25:07Z' uid='11631029' user='VLD264' visible='true' version='1' changeset='98410100' lat='23.2069575' lon='72.6811051' />
  <node id='8378026720' timestamp='2021-01-30T11:43:10Z' uid='11631029' user='VLD264' visible='true' version='1' changeset='98410784' lat='23.2079423' lon='72.6833555' />
  <node id='8378026728' timestamp='2023-01-25T17:31:23Z' uid='18353822' user='futuretale200' visible='true' version='2' changeset='131704821' lat='23.2093916' lon='72.6833138' />
  <node id='8378026740' timestamp='2021-01-30T11:43:10Z' uid='11631029' user='VLD264' visible='true' version='1' changeset='98410784' lat='23.2084206' lon='72.6822263' />
  <node id='8378026741' timestamp='2024-02-29T06:46:33Z' uid='16275581' user='ompatekar' visible='true' version='2' changeset='148038251' lat='23.2083345' lon='72.6821595' />
  <node id='8378026742' timestamp='2021-01-30T11:43:10Z' uid='11631029' user='VLD264' visible='true' version='1' changeset='98410784' lat='23.2082172' lon='72.6820654' />
  <node id='8378026743' timestamp='2021-01-30T11:43:10Z' uid='11631029' user='VLD264' visible='true' version='1' changeset='98410784' lat='23.2080668' lon='72.6819795' />
  <node id='8378026744' timestamp='2021-01-30T11:43:10Z' uid='11631029' user='VLD264' visible='true' version='1' changeset='98410784' lat='23.2079423' lon='72.681942' />
  <node id='8378026745' timestamp='2021-01-30T12:45:32Z' uid='11631029' user='VLD264' visible='true' version='2' changeset='98412913' lat='23.2078388' lon='72.6819393' />
  <node id='8378026746' timestamp='2021-01-30T11:43:10Z' uid='11631029' user='VLD264' visible='true' version='1' changeset='98410784' lat='23.2072422' lon='72.68206' />
  <node id='8378026747' timestamp='2021-01-30T11:43:10Z' uid='11631029' user='VLD264' visible='true' version='1' changeset='98410784' lat='23.2068922' lon='72.6821136' />
  <node id='8378026754' timestamp='2021-01-30T11:43:10Z' uid='11631029' user='VLD264' visible='true' version='1' changeset='98410784' lat='23.207054' lon='72.6808152' />
  <node id='8378026755' timestamp='2021-01-30T11:43:10Z' uid='11631029' user='VLD264' visible='true' version='1' changeset='98410784' lat='23.209027' lon='72.6804185' />
  <node id='8378026756' timestamp='2021-01-30T11:43:10Z' uid='11631029' user='VLD264' visible='true' version='1' changeset='98410784' lat='23.2088964' lon='72.6805097' />
  <node id='8378026757' timestamp='2021-01-30T11:43:10Z' uid='11631029' user='VLD264' visible='true' version='1' changeset='98410784' lat='23.2086449' lon='72.6807377' />
  <node id='8378026758' timestamp='2021-01-30T11:43:10Z' uid='11631029' user='VLD264' visible='true' version='1' changeset='98410784' lat='23.2085833' lon='72.6807618' />
  <node id='8378026759' timestamp='2021-01-30T11:43:10Z' uid='11631029' user='VLD264' visible='true' version='1' changeset='98410784' lat='23.2084945' lon='72.6807725' />
  <node id='8378026760' timestamp='2021-01-30T11:43:10Z' uid='11631029' user='VLD264' visible='true' version='1' changeset='98410784' lat='23.2084058' lon='72.6807511' />
  <node id='8378026761' timestamp='2021-01-30T11:43:10Z' uid='11631029' user='VLD264' visible='true' version='1' changeset='98410784' lat='23.2083023' lon='72.6807055' />
  <node id='8378026762' timestamp='2021-01-30T12:45:32Z' uid='11631029' user='VLD264' visible='true' version='2' changeset='98412913' lat='23.2081815' lon='72.6806143' />
  <node id='8378026763' timestamp='2021-01-30T11:43:10Z' uid='11631029' user='VLD264' visible='true' version='1' changeset='98410784' lat='23.2080804' lon='72.6805499' />
  <node id='8378026764' timestamp='2021-01-30T12:45:32Z' uid='11631029' user='VLD264' visible='true' version='2' changeset='98412913' lat='23.2078216' lon='72.6804695' />
  <node id='8378026765' timestamp='2021-01-30T11:43:10Z' uid='11631029' user='VLD264' visible='true' version='1' changeset='98410784' lat='23.2076342' lon='72.6804695' />
  <node id='8378026766' timestamp='2021-01-30T11:43:10Z' uid='11631029' user='VLD264' visible='true' version='1' changeset='98410784' lat='23.2074074' lon='72.6805043' />
  <node id='8378026767' timestamp='2021-01-30T11:43:10Z' uid='11631029' user='VLD264' visible='true' version='1' changeset='98410784' lat='23.2072447' lon='72.6805741' />
  <node id='8378026768' timestamp='2021-01-30T11:43:10Z' uid='11631029' user='VLD264' visible='true' version='1' changeset='98410784' lat='23.2071905' lon='72.680617' />
  <node id='8378026769' timestamp='2021-01-30T11:43:10Z' uid='11631029' user='VLD264' visible='true' version='1' changeset='98410784' lat='23.2071042' lon='72.6807162' />
  <node id='8378026770' timestamp='2021-01-30T11:43:10Z' uid='11631029' user='VLD264' visible='true' version='1' changeset='98410784' lat='23.2070253' lon='72.6808718' />
  <node id='8378026771' timestamp='2021-01-30T11:43:10Z' uid='11631029' user='VLD264' visible='true' version='1' changeset='98410784' lat='23.2069883' lon='72.6809925' />
  <node id='8378026772' timestamp='2021-01-30T11:43:10Z' uid='11631029' user='VLD264' visible='true' version='1' changeset='98410784' lat='23.2069415' lon='72.6812419' />
  <node id='8378026773' timestamp='2021-01-30T11:43:10Z' uid='11631029' user='VLD264' visible='true' version='1' changeset='98410784' lat='23.2068527' lon='72.6814967' />
  <node id='8378026774' timestamp='2021-01-30T11:43:10Z' uid='11631029' user='VLD264' visible='true' version='1' changeset='98410784' lat='23.2066481' lon='72.6819795' />
  <node id='8378026775' timestamp='2021-01-30T11:43:10Z' uid='11631029' user='VLD264' visible='true' version='1' changeset='98410784' lat='23.2065766' lon='72.6820895' />
  <node id='8378026776' timestamp='2021-01-30T11:43:10Z' uid='11631029' user='VLD264' visible='true' version='1' changeset='98410784' lat='23.2065076' lon='72.6821512' />
  <node id='8378026777' timestamp='2021-01-30T11:43:10Z' uid='11631029' user='VLD264' visible='true' version='1' changeset='98410784' lat='23.206123' lon='72.682355' />
  <node id='8378026778' timestamp='2021-01-30T11:43:10Z' uid='11631029' user='VLD264' visible='true' version='1' changeset='98410784' lat='23.2053554' lon='72.6827157' />
  <node id='8378026801' timestamp='2021-01-30T11:43:10Z' uid='11631029' user='VLD264' visible='true' version='1' changeset='98410784' lat='23.2142148' lon='72.6927316' />
  <node id='8378026810' timestamp='2021-01-30T11:43:10Z' uid='11631029' user='VLD264' visible='true' version='1' changeset='98410784' lat='23.2134861' lon='72.6922857' />
  <node id='8378026811' timestamp='2021-01-30T11:43:10Z' uid='11631029' user='VLD264' visible='true' version='1' changeset='98410784' lat='23.2097365' lon='72.6904806' />
  <node id='8378114142' timestamp='2021-01-30T12:32:59Z' uid='11631029' user='VLD264' visible='true' version='1' changeset='98412503' lat='23.217534' lon='72.6880547' />
  <node id='8378114189' timestamp='2021-01-30T12:32:59Z' uid='11631029' user='VLD264' visible='true' version='1' changeset='98412503' lat='23.2153105' lon='72.6902796' />
  <node id='8378114200' timestamp='2021-01-30T12:32:59Z' uid='11631029' user='VLD264' visible='true' version='1' changeset='98412503' lat='23.2157431' lon='72.6871817' />
  <node id='8378114201' timestamp='2021-01-30T12:32:59Z' uid='11631029' user='VLD264' visible='true' version='1' changeset='98412503' lat='23.2157271' lon='72.6870596' />
  <node id='8378114202' timestamp='2021-01-30T12:32:59Z' uid='11631029' user='VLD264' visible='true' version='1' changeset='98412503' lat='23.21561' lon='72.6883028' />
  <node id='8378114203' timestamp='2021-01-30T12:32:59Z' uid='11631029' user='VLD264' visible='true' version='1' changeset='98412503' lat='23.2156187' lon='72.6882116' />
  <node id='8378114204' timestamp='2021-01-30T12:32:59Z' uid='11631029' user='VLD264' visible='true' version='1' changeset='98412503' lat='23.2156359' lon='72.6881178' />
  <node id='8378114205' timestamp='2021-01-30T12:32:59Z' uid='11631029' user='VLD264' visible='true' version='1' changeset='98412503' lat='23.2156815' lon='72.6880038' />
  <node id='8378114206' timestamp='2021-01-30T12:32:59Z' uid='11631029' user='VLD264' visible='true' version='1' changeset='98412503' lat='23.2157173' lon='72.6879247' />
  <node id='8378114207' timestamp='2021-01-30T12:32:59Z' uid='11631029' user='VLD264' visible='true' version='1' changeset='98412503' lat='23.2157456' lon='72.6878361' />
  <node id='8378114208' timestamp='2021-01-30T12:32:59Z' uid='11631029' user='VLD264' visible='true' version='1' changeset='98412503' lat='23.2157604' lon='72.6877235' />
  <node id='8378114209' timestamp='2021-01-30T12:32:59Z' uid='11631029' user='VLD264' visible='true' version='1' changeset='98412503' lat='23.215753' lon='72.6873426' />
  <node id='8378114210' timestamp='2021-01-30T12:32:59Z' uid='11631029' user='VLD264' visible='true' version='1' changeset='98412503' lat='23.2156704' lon='72.689534' />
  <node id='8378114211' timestamp='2021-01-30T12:32:59Z' uid='11631029' user='VLD264' visible='true' version='1' changeset='98412503' lat='23.215615' lon='72.6899229' />
  <node id='8378114212' timestamp='2021-01-30T12:32:59Z' uid='11631029' user='VLD264' visible='true' version='1' changeset='98412503' lat='23.2154251' lon='72.6902112' />
  <node id='8378114213' timestamp='2021-01-30T12:32:59Z' uid='11631029' user='VLD264' visible='true' version='1' changeset='98412503' lat='23.2137847' lon='72.6903212' />
  <node id='8378114214' timestamp='2021-01-30T12:32:59Z' uid='11631029' user='VLD264' visible='true' version='1' changeset='98412503' lat='23.2136959' lon='72.6903091' />
  <node id='8378114215' timestamp='2021-01-30T12:32:59Z' uid='11631029' user='VLD264' visible='true' version='1' changeset='98412503' lat='23.2128775' lon='72.6895876' />
  <node id='8378114216' timestamp='2021-01-30T12:32:59Z' uid='11631029' user='VLD264' visible='true' version='1' changeset='98412503' lat='23.2128196' lon='72.6895514' />
  <node id='8378130517' timestamp='2021-01-30T12:32:59Z' uid='11631029' user='VLD264' visible='true' version='1' changeset='98412503' lat='23.2127604' lon='72.6895246' />
  <node id='8378130518' timestamp='2021-01-30T12:32:59Z' uid='11631029' user='VLD264' visible='true' version='1' changeset='98412503' lat='23.2115254' lon='72.6895286' />
  <node id='8378130519' timestamp='2021-01-30T12:32:59Z' uid='11631029' user='VLD264' visible='true' version='1' changeset='98412503' lat='23.2114539' lon='72.6895192' />
  <node id='8378130520' timestamp='2024-05-09T13:43:16Z' uid='18353822' user='futuretale200' visible='true' version='2' changeset='151101124' lat='23.2110224' lon='72.6893056' />
  <node id='8378130521' timestamp='2021-01-30T12:32:59Z' uid='11631029' user='VLD264' visible='true' version='1' changeset='98412503' lat='23.2167402' lon='72.6866198' />
  <node id='8378130522' timestamp='2021-01-30T12:32:59Z' uid='11631029' user='VLD264' visible='true' version='1' changeset='98412503' lat='23.2167279' lon='72.6865393' />
  <node id='8378130523' timestamp='2021-01-30T12:32:59Z' uid='11631029' user='VLD264' visible='true' version='1' changeset='98412503' lat='23.2136725' lon='72.6833434' />
  <node id='8378130524' timestamp='2021-01-30T12:32:59Z' uid='11631029' user='VLD264' visible='true' version='1' changeset='98412503' lat='23.2135739' lon='72.6832764' />
  <node id='8378130528' timestamp='2024-05-09T12:30:44Z' uid='18353822' user='futuretale200' visible='true' version='4' changeset='151097668' lat='23.2101175' lon='72.6846565' />
  <node id='8378130529' timestamp='2024-05-09T12:30:44Z' uid='18353822' user='futuretale200' visible='true' version='3' changeset='151097668' lat='23.2099685' lon='72.6846616' />
  <node id='8378130530' timestamp='2024-05-09T12:30:44Z' uid='18353822' user='futuretale200' visible='true' version='3' changeset='151097668' lat='23.209561' lon='72.6847262' />
  <node id='8378130534' timestamp='2024-05-09T14:25:56Z' uid='18353822' user='futuretale200' visible='true' version='3' changeset='151103252' lat='23.2087499' lon='72.6859054' />
  <node id='8378130535' timestamp='2023-01-25T14:23:21Z' uid='18353822' user='futuretale200' visible='true' version='2' changeset='131697996' lat='23.208683' lon='72.6858475' />
  <node id='8378130536' timestamp='2023-01-25T14:23:21Z' uid='18353822' user='futuretale200' visible='true' version='2' changeset='131697996' lat='23.2086695' lon='72.6856926' />
  <node id='8378130537' timestamp='2023-01-25T14:23:21Z' uid='18353822' user='futuretale200' visible='true' version='2' changeset='131697996' lat='23.2086776' lon='72.6855671' />
  <node id='8378130538' timestamp='2023-01-25T14:23:21Z' uid='18353822' user='futuretale200' visible='true' version='2' changeset='131697996' lat='23.2086741' lon='72.6853768' />
  <node id='8378130539' timestamp='2024-05-09T12:30:44Z' uid='18353822' user='futuretale200' visible='true' version='3' changeset='151097668' lat='23.2087067' lon='72.6852834' />
  <node id='8378130540' timestamp='2024-05-09T12:30:44Z' uid='18353822' user='futuretale200' visible='true' version='4' changeset='151097668' lat='23.2089295' lon='72.6852885' />
  <node id='8378130542' timestamp='2024-05-09T12:30:44Z' uid='18353822' user='futuretale200' visible='true' version='3' changeset='151097668' lat='23.2095904' lon='72.6852633' />
  <node id='8378130543' timestamp='2023-01-25T13:32:51Z' uid='18353822' user='futuretale200' visible='true' version='2' changeset='131695878' lat='23.2096122' lon='72.6859162' />
  <node id='8378130544' timestamp='2021-01-30T12:32:59Z' uid='11631029' user='VLD264' visible='true' version='1' changeset='98412503' lat='23.2095891' lon='72.6847663' />
  <node id='8378155577' timestamp='2021-01-30T12:45:32Z' uid='11631029' user='VLD264' visible='true' version='1' changeset='98412913' lat='23.207967' lon='72.680507' />
  <node id='8378155604' timestamp='2021-01-30T12:45:32Z' uid='11631029' user='VLD264' visible='true' version='1' changeset='98412913' lat='23.2064461' lon='72.6821838' />
  <node id='8378155605' timestamp='2021-01-30T12:45:32Z' uid='11631029' user='VLD264' visible='true' version='1' changeset='98412913' lat='23.2065027' lon='72.6817515' />
  <node id='8378155606' timestamp='2021-01-30T12:45:32Z' uid='11631029' user='VLD264' visible='true' version='1' changeset='98412913' lat='23.2065027' lon='72.6816899' />
  <node id='8378155607' timestamp='2021-01-30T12:45:32Z' uid='11631029' user='VLD264' visible='true' version='1' changeset='98412913' lat='23.2064756' lon='72.6816201' />
  <node id='8378155608' timestamp='2021-01-30T12:45:32Z' uid='11631029' user='VLD264' visible='true' version='1' changeset='98412913' lat='23.2064238' lon='72.6815772' />
  <node id='8378155609' timestamp='2021-01-30T12:45:32Z' uid='11631029' user='VLD264' visible='true' version='1' changeset='98412913' lat='23.2056543' lon='72.6813187' />
  <node id='8378155610' timestamp='2021-01-30T12:45:32Z' uid='11631029' user='VLD264' visible='true' version='1' changeset='98412913' lat='23.2080557' lon='72.688567' />
  <node id='8378155611' timestamp='2021-01-30T12:45:32Z' uid='11631029' user='VLD264' visible='true' version='1' changeset='98412913' lat='23.2073507' lon='72.6881137' />
  <node id='8378155612' timestamp='2021-01-30T12:45:32Z' uid='11631029' user='VLD264' visible='true' version='1' changeset='98412913' lat='23.209986' lon='72.6899967' />
  <node id='8378155613' timestamp='2021-01-30T12:45:32Z' uid='11631029' user='VLD264' visible='true' version='1' changeset='98412913' lat='23.2060368' lon='72.6873627' />
  <node id='8378155614' timestamp='2021-01-30T12:45:32Z' uid='11631029' user='VLD264' visible='true' version='1' changeset='98412913' lat='23.2059948' lon='72.6873252' />
  <node id='8378155615' timestamp='2021-01-30T12:45:32Z' uid='11631029' user='VLD264' visible='true' version='1' changeset='98412913' lat='23.2059751' lon='72.6872608' />
  <node id='8378155617' timestamp='2021-01-30T12:45:32Z' uid='11631029' user='VLD264' visible='true' version='1' changeset='98412913' lat='23.2129811' lon='72.6854986' />
  <node id='8378155618' timestamp='2021-01-30T12:45:32Z' uid='11631029' user='VLD264' visible='true' version='1' changeset='98412913' lat='23.2130205' lon='72.6854369' />
  <node id='8378155619' timestamp='2021-01-30T12:45:32Z' uid='11631029' user='VLD264' visible='true' version='1' changeset='98412913' lat='23.2153327' lon='72.6856327' />
  <node id='8378155620' timestamp='2021-01-30T12:45:32Z' uid='11631029' user='VLD264' visible='true' version='1' changeset='98412913' lat='23.2152994' lon='72.685622' />
  <node id='8378155621' timestamp='2021-01-30T12:45:32Z' uid='11631029' user='VLD264' visible='true' version='1' changeset='98412913' lat='23.2152612' lon='72.6853591' />
  <node id='8378155622' timestamp='2021-01-30T12:45:32Z' uid='11631029' user='VLD264' visible='true' version='1' changeset='98412913' lat='23.2152686' lon='72.6853243' />
  <node id='8378155623' timestamp='2021-01-30T12:45:32Z' uid='11631029' user='VLD264' visible='true' version='1' changeset='98412913' lat='23.2155459' lon='72.685339' />
  <node id='8378155624' timestamp='2021-01-30T12:45:32Z' uid='11631029' user='VLD264' visible='true' version='1' changeset='98412913' lat='23.2155164' lon='72.6853216' />
  <node id='8378531883' timestamp='2024-05-09T14:25:56Z' uid='18353822' user='futuretale200' visible='true' version='3' changeset='151103252' lat='23.2066093' lon='72.6850224' />
  <node id='8378531884' timestamp='2024-02-29T06:46:33Z' uid='16275581' user='ompatekar' visible='true' version='2' changeset='148038251' lat='23.206039' lon='72.6849508' />
  <node id='8378531885' timestamp='2024-05-09T14:25:56Z' uid='18353822' user='futuretale200' visible='true' version='2' changeset='151103252' lat='23.2061186' lon='72.6847736' />
  <node id='8378531886' timestamp='2024-05-09T14:25:56Z' uid='18353822' user='futuretale200' visible='true' version='2' changeset='151103252' lat='23.2070886' lon='72.6852916' />
  <node id='8378531887' timestamp='2024-05-09T14:25:56Z' uid='18353822' user='futuretale200' visible='true' version='2' changeset='151103252' lat='23.2063084' lon='72.6848695' />
  <node id='8378531888' timestamp='2024-02-29T06:46:33Z' uid='16275581' user='ompatekar' visible='true' version='2' changeset='148038251' lat='23.2049662' lon='72.6841867' />
  <node id='8378536130' timestamp='2024-02-29T06:46:33Z' uid='16275581' user='ompatekar' visible='true' version='3' changeset='148038251' lat='23.2126449' lon='72.6912048' />
  <node id='8378536135' timestamp='2021-01-30T15:46:08Z' uid='11631029' user='VLD264' visible='true' version='1' changeset='98419189' lat='23.21711' lon='72.6872098' />
  <node id='8378536169' timestamp='2024-04-16T06:10:57Z' uid='21016669' user='apurvawagh' visible='true' version='2' changeset='150067228' lat='23.2191468' lon='72.6947537' />
  <node id='8392533893' timestamp='2021-02-04T03:05:33Z' uid='9124223' user='VLD109' visible='true' version='1' changeset='98674241' lat='23.2046022' lon='72.686668' />
  <node id='8395818917' timestamp='2023-08-07T06:31:12Z' uid='19620700' user='jyotikatke' visible='true' version='2' changeset='139546089' lat='23.1261219' lon='72.6466592'>
    <tag k='ford' v='yes' />
  </node>
  <node id='8396090653' timestamp='2021-02-05T07:13:06Z' uid='10797461' user='VLD146' visible='true' version='1' changeset='98747529' lat='23.2611227' lon='72.6820359' />
  <node id='9451446695' timestamp='2022-01-26T23:46:39Z' uid='13913100' user='rahilarious' visible='true' version='1' changeset='116643168' lat='23.1926788' lon='72.6615961' />
  <node id='9451446699' timestamp='2022-01-26T23:46:39Z' uid='13913100' user='rahilarious' visible='true' version='1' changeset='116643168' lat='23.1888486' lon='72.6607515' />
  <node id='9451446704' timestamp='2022-01-26T23:46:39Z' uid='13913100' user='rahilarious' visible='true' version='1' changeset='116643168' lat='23.2056787' lon='72.671447' />
  <node id='9451446705' timestamp='2022-01-26T23:46:39Z' uid='13913100' user='rahilarious' visible='true' version='1' changeset='116643168' lat='23.2041009' lon='72.6697733' />
  <node id='9451446706' timestamp='2022-01-26T23:46:39Z' uid='13913100' user='rahilarious' visible='true' version='1' changeset='116643168' lat='23.2027756' lon='72.6683743' />
  <node id='9451446707' timestamp='2022-01-26T23:46:39Z' uid='13913100' user='rahilarious' visible='true' version='1' changeset='116643168' lat='23.2012925' lon='72.6669581' />
  <node id='10108616105' timestamp='2022-10-17T12:37:18Z' uid='10573457' user='Pendulun' visible='true' version='1' changeset='127670163' lat='23.2454222' lon='72.6854447' />
  <node id='10108616106' timestamp='2022-10-17T12:37:18Z' uid='10573457' user='Pendulun' visible='true' version='1' changeset='127670163' lat='23.2427476' lon='72.6861683' />
  <node id='10108616107' timestamp='2022-10-17T12:37:18Z' uid='10573457' user='Pendulun' visible='true' version='1' changeset='127670163' lat='23.2401925' lon='72.6866887' />
  <node id='10108616108' timestamp='2022-10-17T12:37:18Z' uid='10573457' user='Pendulun' visible='true' version='1' changeset='127670163' lat='23.2376523' lon='72.6874042' />
  <node id='10108616109' timestamp='2022-10-17T12:37:18Z' uid='10573457' user='Pendulun' visible='true' version='1' changeset='127670163' lat='23.235366' lon='72.6879734' />
  <node id='10108616110' timestamp='2022-10-17T12:37:18Z' uid='10573457' user='Pendulun' visible='true' version='1' changeset='127670163' lat='23.233549' lon='72.6880897' />
  <node id='10108616111' timestamp='2022-10-17T12:37:18Z' uid='10573457' user='Pendulun' visible='true' version='1' changeset='127670163' lat='23.2304497' lon='72.6887946' />
  <node id='10108616112' timestamp='2022-10-17T12:37:18Z' uid='10573457' user='Pendulun' visible='true' version='1' changeset='127670163' lat='23.2291497' lon='72.688819' />
  <node id='10108616113' timestamp='2022-10-17T12:37:18Z' uid='10573457' user='Pendulun' visible='true' version='1' changeset='127670163' lat='23.227319' lon='72.6889247' />
  <node id='10108616114' timestamp='2022-10-17T12:37:18Z' uid='10573457' user='Pendulun' visible='true' version='1' changeset='127670163' lat='23.2260413' lon='72.6890304' />
  <node id='10108616115' timestamp='2022-10-17T12:37:18Z' uid='10573457' user='Pendulun' visible='true' version='1' changeset='127670163' lat='23.2247861' lon='72.6890629' />
  <node id='10108616116' timestamp='2022-10-17T12:37:18Z' uid='10573457' user='Pendulun' visible='true' version='1' changeset='127670163' lat='23.2227462' lon='72.688697' />
  <node id='10108643417' timestamp='2022-10-17T12:37:18Z' uid='10573457' user='Pendulun' visible='true' version='1' changeset='127670163' lat='23.2217748' lon='72.6882173' />
  <node id='10108643418' timestamp='2022-10-17T12:37:18Z' uid='10573457' user='Pendulun' visible='true' version='1' changeset='127670163' lat='23.2202878' lon='72.6877864' />
  <node id='10108643419' timestamp='2022-10-17T12:37:18Z' uid='10573457' user='Pendulun' visible='true' version='1' changeset='127670163' lat='23.2190399' lon='72.6870465' />
  <node id='10108643420' timestamp='2022-10-17T12:37:18Z' uid='10573457' user='Pendulun' visible='true' version='1' changeset='127670163' lat='23.217254' lon='72.6861114' />
  <node id='10108643421' timestamp='2022-10-17T12:37:18Z' uid='10573457' user='Pendulun' visible='true' version='1' changeset='127670163' lat='23.2161929' lon='72.6851357' />
  <node id='10108643422' timestamp='2022-10-17T12:37:18Z' uid='10573457' user='Pendulun' visible='true' version='1' changeset='127670163' lat='23.2145938' lon='72.6834363' />
  <node id='10108643423' timestamp='2022-10-17T12:37:18Z' uid='10573457' user='Pendulun' visible='true' version='1' changeset='127670163' lat='23.2134729' lon='72.6822167' />
  <node id='10108643424' timestamp='2022-10-17T12:37:18Z' uid='10573457' user='Pendulun' visible='true' version='1' changeset='127670163' lat='23.211941' lon='72.6804116' />
  <node id='10108643425' timestamp='2022-10-17T12:37:18Z' uid='10573457' user='Pendulun' visible='true' version='1' changeset='127670163' lat='23.2108574' lon='72.6791107' />
  <node id='10108643426' timestamp='2022-10-17T12:37:18Z' uid='10573457' user='Pendulun' visible='true' version='1' changeset='127670163' lat='23.2092433' lon='72.676899' />
  <node id='10108643427' timestamp='2022-10-17T12:37:18Z' uid='10573457' user='Pendulun' visible='true' version='1' changeset='127670163' lat='23.2081971' lon='72.6752322' />
  <node id='10108643428' timestamp='2022-10-17T12:37:18Z' uid='10573457' user='Pendulun' visible='true' version='1' changeset='127670163' lat='23.2068295' lon='72.6734109' />
  <node id='10108643429' timestamp='2022-10-17T12:37:18Z' uid='10573457' user='Pendulun' visible='true' version='1' changeset='127670163' lat='23.2060673' lon='72.6720693' />
  <node id='10108643430' timestamp='2022-10-17T12:37:18Z' uid='10573457' user='Pendulun' visible='true' version='1' changeset='127670163' lat='23.204042' lon='72.6701422' />
  <node id='10108643431' timestamp='2022-10-17T12:37:18Z' uid='10573457' user='Pendulun' visible='true' version='1' changeset='127670163' lat='23.2030257' lon='72.668947' />
  <node id='10108643432' timestamp='2022-10-17T12:37:18Z' uid='10573457' user='Pendulun' visible='true' version='1' changeset='127670163' lat='23.202368' lon='72.6685648' />
  <node id='10108643433' timestamp='2022-10-17T12:37:18Z' uid='10573457' user='Pendulun' visible='true' version='1' changeset='127670163' lat='23.2012246' lon='72.667581' />
  <node id='10108643434' timestamp='2022-10-17T12:37:18Z' uid='10573457' user='Pendulun' visible='true' version='1' changeset='127670163' lat='23.1998495' lon='72.6668329' />
  <node id='10108643435' timestamp='2022-10-17T12:37:18Z' uid='10573457' user='Pendulun' visible='true' version='1' changeset='127670163' lat='23.198878' lon='72.6662719' />
  <node id='10108643436' timestamp='2022-10-17T12:37:18Z' uid='10573457' user='Pendulun' visible='true' version='1' changeset='127670163' lat='23.1962398' lon='72.6644994' />
  <node id='10108643437' timestamp='2022-10-17T12:37:18Z' uid='10573457' user='Pendulun' visible='true' version='1' changeset='127670163' lat='23.1951687' lon='72.6636341' />
  <node id='10108643438' timestamp='2022-10-17T12:37:18Z' uid='10573457' user='Pendulun' visible='true' version='1' changeset='127670163' lat='23.1933176' lon='72.662239' />
  <node id='10108643439' timestamp='2022-10-17T12:37:18Z' uid='10573457' user='Pendulun' visible='true' version='1' changeset='127670163' lat='23.191464' lon='72.6613446' />
  <node id='10108643440' timestamp='2022-10-17T12:37:18Z' uid='10573457' user='Pendulun' visible='true' version='1' changeset='127670163' lat='23.1888332' lon='72.6609543' />
  <node id='10108643441' timestamp='2022-10-17T12:37:18Z' uid='10573457' user='Pendulun' visible='true' version='1' changeset='127670163' lat='23.1879288' lon='72.6609705' />
  <node id='10108643442' timestamp='2022-10-17T12:37:18Z' uid='10573457' user='Pendulun' visible='true' version='1' changeset='127670163' lat='23.1862397' lon='72.6604502' />
  <node id='10108643443' timestamp='2022-10-17T12:37:18Z' uid='10573457' user='Pendulun' visible='true' version='1' changeset='127670163' lat='23.1856492' lon='72.6602388' />
  <node id='10108643444' timestamp='2022-10-17T12:37:18Z' uid='10573457' user='Pendulun' visible='true' version='1' changeset='127670163' lat='23.1854399' lon='72.6582142' />
  <node id='10108643445' timestamp='2022-10-17T12:37:18Z' uid='10573457' user='Pendulun' visible='true' version='1' changeset='127670163' lat='23.185141' lon='72.6555066' />
  <node id='10108643446' timestamp='2022-10-17T12:37:18Z' uid='10573457' user='Pendulun' visible='true' version='1' changeset='127670163' lat='23.1848644' lon='72.6534982' />
  <node id='10108643447' timestamp='2022-10-17T12:37:18Z' uid='10573457' user='Pendulun' visible='true' version='1' changeset='127670163' lat='23.1850513' lon='72.6514248' />
  <node id='10108643448' timestamp='2022-10-17T12:37:18Z' uid='10573457' user='Pendulun' visible='true' version='1' changeset='127670163' lat='23.1853801' lon='72.6500751' />
  <node id='10108643449' timestamp='2022-10-17T12:37:18Z' uid='10573457' user='Pendulun' visible='true' version='1' changeset='127670163' lat='23.1858585' lon='72.647709' />
  <node id='10108643450' timestamp='2022-10-17T12:37:18Z' uid='10573457' user='Pendulun' visible='true' version='1' changeset='127670163' lat='23.1858809' lon='72.6464162' />
  <node id='10108643451' timestamp='2022-10-17T12:37:18Z' uid='10573457' user='Pendulun' visible='true' version='1' changeset='127670163' lat='23.1796996' lon='72.647213' />
  <node id='10108643452' timestamp='2024-11-12T12:19:39Z' uid='18826385' user='MarinaKuzko' visible='true' version='2' changeset='159047843' lat='23.1763396' lon='72.6495851' />
  <node id='10108643453' timestamp='2022-10-17T12:37:18Z' uid='10573457' user='Pendulun' visible='true' version='1' changeset='127670163' lat='23.1753194' lon='72.6497092' />
  <node id='10108643454' timestamp='2022-10-17T12:37:18Z' uid='10573457' user='Pendulun' visible='true' version='1' changeset='127670163' lat='23.174557' lon='72.6500995' />
  <node id='10108643455' timestamp='2022-10-17T12:37:18Z' uid='10573457' user='Pendulun' visible='true' version='1' changeset='127670163' lat='23.1737721' lon='72.6496604' />
  <node id='10108643456' timestamp='2022-10-17T12:37:18Z' uid='10573457' user='Pendulun' visible='true' version='1' changeset='127670163' lat='23.1738394' lon='72.6483188' />
  <node id='10108643457' timestamp='2022-10-17T12:37:18Z' uid='10573457' user='Pendulun' visible='true' version='1' changeset='127670163' lat='23.1718137' lon='72.6481562' />
  <node id='10108643458' timestamp='2022-10-17T12:37:18Z' uid='10573457' user='Pendulun' visible='true' version='1' changeset='127670163' lat='23.1710363' lon='72.6478879' />
  <node id='10108643459' timestamp='2022-10-17T12:37:18Z' uid='10573457' user='Pendulun' visible='true' version='1' changeset='127670163' lat='23.1690105' lon='72.6479936' />
  <node id='10108643460' timestamp='2022-10-17T12:37:18Z' uid='10573457' user='Pendulun' visible='true' version='1' changeset='127670163' lat='23.1673735' lon='72.6482619' />
  <node id='10108643461' timestamp='2022-10-17T12:37:18Z' uid='10573457' user='Pendulun' visible='true' version='1' changeset='127670163' lat='23.1651159' lon='72.6485953' />
  <node id='10108643462' timestamp='2022-10-17T12:37:18Z' uid='10573457' user='Pendulun' visible='true' version='1' changeset='127670163' lat='23.1649739' lon='72.6447737' />
  <node id='10108643463' timestamp='2022-10-17T12:37:18Z' uid='10573457' user='Pendulun' visible='true' version='1' changeset='127670163' lat='23.1649739' lon='72.6413669' />
  <node id='10108643464' timestamp='2022-10-17T12:37:18Z' uid='10573457' user='Pendulun' visible='true' version='1' changeset='127670163' lat='23.1650187' lon='72.6383015' />
  <node id='10108643465' timestamp='2022-10-17T12:37:18Z' uid='10573457' user='Pendulun' visible='true' version='1' changeset='127670163' lat='23.1651234' lon='72.6364883' />
  <node id='10108643466' timestamp='2022-10-17T12:37:18Z' uid='10573457' user='Pendulun' visible='true' version='1' changeset='127670163' lat='23.1657065' lon='72.6336425' />
  <node id='10108643467' timestamp='2022-10-17T12:37:18Z' uid='10573457' user='Pendulun' visible='true' version='1' changeset='127670163' lat='23.1669623' lon='72.6307235' />
  <node id='10108643468' timestamp='2022-10-17T12:37:18Z' uid='10573457' user='Pendulun' visible='true' version='1' changeset='127670163' lat='23.1669922' lon='72.6303494' />
  <node id='10108643469' timestamp='2022-10-17T12:37:18Z' uid='10573457' user='Pendulun' visible='true' version='1' changeset='127670163' lat='23.1696011' lon='72.6294062' />
  <node id='10108643470' timestamp='2022-10-17T12:37:18Z' uid='10573457' user='Pendulun' visible='true' version='1' changeset='127670163' lat='23.1696085' lon='72.6277882' />
  <node id='10108643471' timestamp='2022-10-17T12:37:18Z' uid='10573457' user='Pendulun' visible='true' version='1' changeset='127670163' lat='23.1710064' lon='72.6276174' />
  <node id='10108643472' timestamp='2022-10-17T12:37:18Z' uid='10573457' user='Pendulun' visible='true' version='1' changeset='127670163' lat='23.1729873' lon='72.6274955' />
  <node id='10108643473' timestamp='2022-10-17T12:37:18Z' uid='10573457' user='Pendulun' visible='true' version='1' changeset='127670163' lat='23.175439' lon='72.6269751' />
  <node id='10108643474' timestamp='2022-10-17T12:37:18Z' uid='10573457' user='Pendulun' visible='true' version='1' changeset='127670163' lat='23.1780776' lon='72.6260807' />
  <node id='10108643475' timestamp='2022-10-17T12:37:18Z' uid='10573457' user='Pendulun' visible='true' version='1' changeset='127670163' lat='23.1804545' lon='72.6256091' />
  <node id='10108643476' timestamp='2022-10-17T12:37:18Z' uid='10573457' user='Pendulun' visible='true' version='1' changeset='127670163' lat='23.1799089' lon='72.6218933' />
  <node id='10108643477' timestamp='2022-10-17T12:37:18Z' uid='10573457' user='Pendulun' visible='true' version='1' changeset='127670163' lat='23.1791315' lon='72.6182913' />
  <node id='10108643478' timestamp='2022-10-17T12:37:18Z' uid='10573457' user='Pendulun' visible='true' version='1' changeset='127670163' lat='23.1801481' lon='72.6159658' />
  <node id='10108643479' timestamp='2022-10-17T12:37:18Z' uid='10573457' user='Pendulun' visible='true' version='1' changeset='127670163' lat='23.1813888' lon='72.6144291' />
  <node id='10108643480' timestamp='2022-10-17T12:37:18Z' uid='10573457' user='Pendulun' visible='true' version='1' changeset='127670163' lat='23.182368' lon='72.6128435' />
  <node id='10108643481' timestamp='2022-10-17T12:37:18Z' uid='10573457' user='Pendulun' visible='true' version='1' changeset='127670163' lat='23.1837433' lon='72.6114206' />
  <node id='10108643482' timestamp='2022-10-17T12:37:18Z' uid='10573457' user='Pendulun' visible='true' version='1' changeset='127670163' lat='23.1847747' lon='72.6072576' />
  <node id='10108643483' timestamp='2022-10-17T12:37:18Z' uid='10573457' user='Pendulun' visible='true' version='1' changeset='127670163' lat='23.1868675' lon='72.6052818' />
  <node id='10108643484' timestamp='2022-10-17T12:37:18Z' uid='10573457' user='Pendulun' visible='true' version='1' changeset='127670163' lat='23.1878989' lon='72.6043467' />
  <node id='10108643485' timestamp='2022-10-17T12:37:18Z' uid='10573457' user='Pendulun' visible='true' version='1' changeset='127670163' lat='23.1889229' lon='72.603623' />
  <node id='10108643486' timestamp='2022-10-17T12:37:18Z' uid='10573457' user='Pendulun' visible='true' version='1' changeset='127670163' lat='23.1917481' lon='72.6027205' />
  <node id='10108643487' timestamp='2022-10-17T12:37:18Z' uid='10573457' user='Pendulun' visible='true' version='1' changeset='127670163' lat='23.1947974' lon='72.603745' />
  <node id='10108643488' timestamp='2022-10-17T12:37:18Z' uid='10573457' user='Pendulun' visible='true' version='1' changeset='127670163' lat='23.1964715' lon='72.6025742' />
  <node id='10108643489' timestamp='2022-10-17T12:37:18Z' uid='10573457' user='Pendulun' visible='true' version='1' changeset='127670163' lat='23.1983623' lon='72.6056964' />
  <node id='10108643490' timestamp='2022-10-17T12:37:18Z' uid='10573457' user='Pendulun' visible='true' version='1' changeset='127670163' lat='23.2002008' lon='72.6086724' />
  <node id='10108643491' timestamp='2022-10-17T12:37:18Z' uid='10573457' user='Pendulun' visible='true' version='1' changeset='127670163' lat='23.1989751' lon='72.6104693' />
  <node id='10108643492' timestamp='2022-10-17T12:37:18Z' uid='10573457' user='Pendulun' visible='true' version='1' changeset='127670163' lat='23.1979699' lon='72.6119919' />
  <node id='10108643493' timestamp='2022-10-17T12:37:18Z' uid='10573457' user='Pendulun' visible='true' version='1' changeset='127670163' lat='23.2003577' lon='72.6138274' />
  <node id='10108643494' timestamp='2022-10-17T12:37:18Z' uid='10573457' user='Pendulun' visible='true' version='1' changeset='127670163' lat='23.2039299' lon='72.6149332' />
  <node id='10108643495' timestamp='2022-10-17T12:37:18Z' uid='10573457' user='Pendulun' visible='true' version='1' changeset='127670163' lat='23.2050808' lon='72.6156894' />
  <node id='10108643496' timestamp='2022-10-17T12:37:18Z' uid='10573457' user='Pendulun' visible='true' version='1' changeset='127670163' lat='23.2067697' lon='72.6166081' />
  <node id='10108643497' timestamp='2022-10-17T12:37:18Z' uid='10573457' user='Pendulun' visible='true' version='1' changeset='127670163' lat='23.2086971' lon='72.6178837' />
  <node id='10108643498' timestamp='2022-10-17T12:37:18Z' uid='10573457' user='Pendulun' visible='true' version='1' changeset='127670163' lat='23.2113731' lon='72.619332' />
  <node id='10108643499' timestamp='2022-10-17T12:37:18Z' uid='10573457' user='Pendulun' visible='true' version='1' changeset='127670163' lat='23.2136971' lon='72.6207712' />
  <node id='10108643500' timestamp='2022-10-17T12:37:18Z' uid='10573457' user='Pendulun' visible='true' version='1' changeset='127670163' lat='23.2156773' lon='72.6221697' />
  <node id='10108643501' timestamp='2022-10-17T12:37:18Z' uid='10573457' user='Pendulun' visible='true' version='1' changeset='127670163' lat='23.218218' lon='72.6178034' />
  <node id='10108643502' timestamp='2022-10-17T12:37:18Z' uid='10573457' user='Pendulun' visible='true' version='1' changeset='127670163' lat='23.2236877' lon='72.61486' />
  <node id='10108643503' timestamp='2022-10-17T12:37:18Z' uid='10573457' user='Pendulun' visible='true' version='1' changeset='127670163' lat='23.2265121' lon='72.6140063' />
  <node id='10108643504' timestamp='2022-10-17T12:37:18Z' uid='10573457' user='Pendulun' visible='true' version='1' changeset='127670163' lat='23.2301434' lon='72.6162179' />
  <node id='10108643505' timestamp='2022-10-17T12:37:18Z' uid='10573457' user='Pendulun' visible='true' version='1' changeset='127670163' lat='23.2316452' lon='72.6170635' />
  <node id='10108643506' timestamp='2022-10-17T12:37:18Z' uid='10573457' user='Pendulun' visible='true' version='1' changeset='127670163' lat='23.2343574' lon='72.6186246' />
  <node id='10108643507' timestamp='2022-10-17T12:37:18Z' uid='10573457' user='Pendulun' visible='true' version='1' changeset='127670163' lat='23.2347982' lon='72.6190312' />
  <node id='10108643508' timestamp='2022-10-17T12:37:18Z' uid='10573457' user='Pendulun' visible='true' version='1' changeset='127670163' lat='23.2377942' lon='72.6216331' />
  <node id='10108643509' timestamp='2022-10-17T12:37:18Z' uid='10573457' user='Pendulun' visible='true' version='1' changeset='127670163' lat='23.2385563' lon='72.6244138' />
  <node id='10108643510' timestamp='2022-10-17T12:37:18Z' uid='10573457' user='Pendulun' visible='true' version='1' changeset='127670163' lat='23.2427252' lon='72.6236902' />
  <node id='10108643511' timestamp='2022-10-17T12:37:18Z' uid='10573457' user='Pendulun' visible='true' version='1' changeset='127670163' lat='23.2443016' lon='72.6236333' />
  <node id='10108643512' timestamp='2022-10-17T12:37:18Z' uid='10573457' user='Pendulun' visible='true' version='1' changeset='127670163' lat='23.2467595' lon='72.6245033' />
  <node id='10108643513' timestamp='2022-10-17T12:37:18Z' uid='10573457' user='Pendulun' visible='true' version='1' changeset='127670163' lat='23.2466773' lon='72.6262352' />
  <node id='10108643514' timestamp='2022-10-17T12:37:18Z' uid='10573457' user='Pendulun' visible='true' version='1' changeset='127670163' lat='23.2525866' lon='72.6294632' />
  <node id='10108643515' timestamp='2022-10-17T12:37:18Z' uid='10573457' user='Pendulun' visible='true' version='1' changeset='127670163' lat='23.2565086' lon='72.6241211' />
  <node id='10108643516' timestamp='2022-10-17T12:37:18Z' uid='10573457' user='Pendulun' visible='true' version='1' changeset='127670163' lat='23.260408' lon='72.6242919' />
  <node id='10108643517' timestamp='2022-10-17T12:37:18Z' uid='10573457' user='Pendulun' visible='true' version='1' changeset='127670163' lat='23.260296' lon='72.6317805' />
  <node id='10108643518' timestamp='2022-10-17T12:37:18Z' uid='10573457' user='Pendulun' visible='true' version='1' changeset='127670163' lat='23.2602661' lon='72.6362769' />
  <node id='10108643519' timestamp='2022-10-17T12:37:18Z' uid='10573457' user='Pendulun' visible='true' version='1' changeset='127670163' lat='23.2599897' lon='72.640814' />
  <node id='10108643520' timestamp='2022-10-17T12:37:18Z' uid='10573457' user='Pendulun' visible='true' version='1' changeset='127670163' lat='23.2606321' lon='72.6412693' />
  <node id='10108643521' timestamp='2022-10-17T12:37:18Z' uid='10573457' user='Pendulun' visible='true' version='1' changeset='127670163' lat='23.2625071' lon='72.6416352' />
  <node id='10108643522' timestamp='2022-10-17T12:37:18Z' uid='10573457' user='Pendulun' visible='true' version='1' changeset='127670163' lat='23.2626565' lon='72.6430256' />
  <node id='10108643523' timestamp='2022-10-17T12:37:18Z' uid='10573457' user='Pendulun' visible='true' version='1' changeset='127670163' lat='23.2629478' lon='72.6437411' />
  <node id='10108643524' timestamp='2022-10-17T12:37:18Z' uid='10573457' user='Pendulun' visible='true' version='1' changeset='127670163' lat='23.2629478' lon='72.6451233' />
  <node id='10108643525' timestamp='2022-10-17T12:37:18Z' uid='10573457' user='Pendulun' visible='true' version='1' changeset='127670163' lat='23.2635529' lon='72.6467495' />
  <node id='10108643526' timestamp='2022-10-17T12:37:18Z' uid='10573457' user='Pendulun' visible='true' version='1' changeset='127670163' lat='23.2635827' lon='72.6469853' />
  <node id='10108643527' timestamp='2022-10-17T12:37:18Z' uid='10573457' user='Pendulun' visible='true' version='1' changeset='127670163' lat='23.2598478' lon='72.648392' />
  <node id='10108643528' timestamp='2022-10-17T12:37:18Z' uid='10573457' user='Pendulun' visible='true' version='1' changeset='127670163' lat='23.2628507' lon='72.6516688' />
  <node id='10108643529' timestamp='2022-10-17T12:37:18Z' uid='10573457' user='Pendulun' visible='true' version='1' changeset='127670163' lat='23.2638965' lon='72.6562465' />
  <node id='10108643530' timestamp='2022-10-17T12:37:18Z' uid='10573457' user='Pendulun' visible='true' version='1' changeset='127670163' lat='23.2705071' lon='72.6649872' />
  <node id='10108643531' timestamp='2022-10-17T12:37:18Z' uid='10573457' user='Pendulun' visible='true' version='1' changeset='127670163' lat='23.2702457' lon='72.666776' />
  <node id='10108643532' timestamp='2022-10-17T12:37:18Z' uid='10573457' user='Pendulun' visible='true' version='1' changeset='127670163' lat='23.2704548' lon='72.6691421' />
  <node id='10108643533' timestamp='2022-10-17T12:37:18Z' uid='10573457' user='Pendulun' visible='true' version='1' changeset='127670163' lat='23.2705146' lon='72.6698739' />
  <node id='10108643534' timestamp='2022-10-17T12:37:18Z' uid='10573457' user='Pendulun' visible='true' version='1' changeset='127670163' lat='23.2770054' lon='72.6746874' />
  <node id='10108643535' timestamp='2022-10-17T12:37:18Z' uid='10573457' user='Pendulun' visible='true' version='1' changeset='127670163' lat='23.2764826' lon='72.6753704' />
  <node id='10108643536' timestamp='2022-10-17T12:37:18Z' uid='10573457' user='Pendulun' visible='true' version='1' changeset='127670163' lat='23.2757058' lon='72.6754111' />
  <node id='10108643537' timestamp='2022-10-17T12:37:18Z' uid='10573457' user='Pendulun' visible='true' version='1' changeset='127670163' lat='23.2730766' lon='72.6756062' />
  <node id='10108643538' timestamp='2022-10-17T12:37:18Z' uid='10573457' user='Pendulun' visible='true' version='1' changeset='127670163' lat='23.2721579' lon='72.6773706' />
  <node id='10108643539' timestamp='2022-10-17T12:37:18Z' uid='10573457' user='Pendulun' visible='true' version='1' changeset='127670163' lat='23.2650618' lon='72.6805254' />
  <node id='10108643540' timestamp='2022-10-17T12:37:18Z' uid='10573457' user='Pendulun' visible='true' version='1' changeset='127670163' lat='23.2605873' lon='72.6795172' />
  <node id='10108643541' timestamp='2022-10-17T12:37:18Z' uid='10573457' user='Pendulun' visible='true' version='1' changeset='127670163' lat='23.2571436' lon='72.6825826' />
  <node id='10580772519' timestamp='2023-01-25T05:15:44Z' uid='18353822' user='futuretale200' visible='true' version='1' changeset='131678128' lat='23.2130521' lon='72.6849855' />
  <node id='10581635992' timestamp='2024-05-09T12:30:44Z' uid='18353822' user='futuretale200' visible='true' version='3' changeset='151097668' lat='23.2098978' lon='72.6857689' />
  <node id='10581635993' timestamp='2024-05-09T13:22:15Z' uid='18353822' user='futuretale200' visible='true' version='6' changeset='151100055' lat='23.2100281' lon='72.6853121' />
  <node id='10581635994' timestamp='2024-05-09T13:22:15Z' uid='18353822' user='futuretale200' visible='true' version='4' changeset='151100055' lat='23.2096487' lon='72.6853103' />
  <node id='10581635995' timestamp='2024-05-09T13:22:15Z' uid='18353822' user='futuretale200' visible='true' version='4' changeset='151100055' lat='23.2096161' lon='72.6857942' />
  <node id='10581701626' timestamp='2023-01-25T14:16:02Z' uid='18353822' user='futuretale200' visible='true' version='2' changeset='131697652' lat='23.2101123' lon='72.6858905' />
  <node id='10581701627' timestamp='2023-01-25T13:31:32Z' uid='18353822' user='futuretale200' visible='true' version='1' changeset='131695820' lat='23.208933' lon='72.6859329' />
  <node id='10581725514' timestamp='2024-05-09T12:30:44Z' uid='18353822' user='futuretale200' visible='true' version='4' changeset='151097668' lat='23.2101244' lon='72.6852426' />
  <node id='10581725516' timestamp='2023-01-25T13:25:19Z' uid='18353822' user='futuretale200' visible='true' version='1' changeset='131695599' lat='23.2095992' lon='72.6854379' />
  <node id='10581726464' timestamp='2024-05-09T13:01:29Z' uid='18353822' user='futuretale200' visible='true' version='3' changeset='151099153' lat='23.2093843' lon='72.6857754' />
  <node id='10581726465' timestamp='2024-05-09T13:01:29Z' uid='18353822' user='futuretale200' visible='true' version='4' changeset='151099153' lat='23.2093787' lon='72.6854079' />
  <node id='10581726466' timestamp='2024-05-09T13:01:29Z' uid='18353822' user='futuretale200' visible='true' version='4' changeset='151099153' lat='23.209255' lon='72.6854102' />
  <node id='10581726467' timestamp='2024-05-09T13:01:29Z' uid='18353822' user='futuretale200' visible='true' version='4' changeset='151099153' lat='23.2092607' lon='72.6857898' />
  <node id='10581726468' timestamp='2024-05-09T13:01:29Z' uid='18353822' user='futuretale200' visible='true' version='4' changeset='151099153' lat='23.2091188' lon='72.6857923' />
  <node id='10581726469' timestamp='2024-05-09T12:30:44Z' uid='18353822' user='futuretale200' visible='true' version='2' changeset='151097668' lat='23.2090783' lon='72.6853333' />
  <node id='10581726470' timestamp='2024-05-09T12:30:44Z' uid='18353822' user='futuretale200' visible='true' version='3' changeset='151097668' lat='23.2094917' lon='72.6853632' />
  <node id='10581726471' timestamp='2024-05-09T13:01:29Z' uid='18353822' user='futuretale200' visible='true' version='3' changeset='151099153' lat='23.2094981' lon='72.6857733' />
  <node id='10581727648' timestamp='2024-05-09T13:01:29Z' uid='18353822' user='futuretale200' visible='true' version='4' changeset='151099153' lat='23.2093696' lon='72.6849014' />
  <node id='10581727649' timestamp='2024-05-09T13:01:29Z' uid='18353822' user='futuretale200' visible='true' version='4' changeset='151099153' lat='23.2095103' lon='72.6850893' />
  <node id='10581727650' timestamp='2024-05-09T13:01:29Z' uid='18353822' user='futuretale200' visible='true' version='4' changeset='151099153' lat='23.2095146' lon='72.685191' />
  <node id='10581727651' timestamp='2024-05-09T12:30:44Z' uid='18353822' user='futuretale200' visible='true' version='3' changeset='151097668' lat='23.2090968' lon='72.6851628' />
  <node id='10581727652' timestamp='2024-05-09T13:01:29Z' uid='18353822' user='futuretale200' visible='true' version='3' changeset='151099153' lat='23.2091331' lon='72.6848036' />
  <node id='10581727653' timestamp='2024-05-09T13:01:29Z' uid='18353822' user='futuretale200' visible='true' version='3' changeset='151099153' lat='23.2092374' lon='72.6847122' />
  <node id='10581727654' timestamp='2024-05-09T13:01:29Z' uid='18353822' user='futuretale200' visible='true' version='4' changeset='151099153' lat='23.2092348' lon='72.685094' />
  <node id='10581727655' timestamp='2024-05-09T13:01:29Z' uid='18353822' user='futuretale200' visible='true' version='4' changeset='151099153' lat='23.209261' lon='72.6851087' />
  <node id='10581731708' timestamp='2024-05-09T12:30:44Z' uid='18353822' user='futuretale200' visible='true' version='3' changeset='151097668' lat='23.2098524' lon='72.6848012' />
  <node id='10581731709' timestamp='2024-05-09T12:30:44Z' uid='18353822' user='futuretale200' visible='true' version='2' changeset='151097668' lat='23.2098612' lon='72.6850733' />
  <node id='10581731710' timestamp='2024-05-09T12:30:44Z' uid='18353822' user='futuretale200' visible='true' version='2' changeset='151097668' lat='23.2097669' lon='72.6850797' />
  <node id='10581731711' timestamp='2024-05-09T12:30:44Z' uid='18353822' user='futuretale200' visible='true' version='2' changeset='151097668' lat='23.2097849' lon='72.684701' />
  <node id='10581731712' timestamp='2024-05-09T12:30:44Z' uid='18353822' user='futuretale200' visible='true' version='2' changeset='151097668' lat='23.2096629' lon='72.6847561' />
  <node id='10581731713' timestamp='2024-05-09T12:30:44Z' uid='18353822' user='futuretale200' visible='true' version='2' changeset='151097668' lat='23.2096336' lon='72.685155' />
  <node id='10581731714' timestamp='2024-05-09T12:30:44Z' uid='18353822' user='futuretale200' visible='true' version='2' changeset='151097668' lat='23.2100236' lon='72.6851363' />
  <node id='10581731715' timestamp='2024-05-09T12:30:44Z' uid='18353822' user='futuretale200' visible='true' version='3' changeset='151097668' lat='23.2100238' lon='72.6846998' />
  <node id='10581753773' timestamp='2024-05-09T12:05:20Z' uid='18353822' user='futuretale200' visible='true' version='2' changeset='151096630' lat='23.2096952' lon='72.6842826' />
  <node id='10581753775' timestamp='2024-05-09T12:05:20Z' uid='18353822' user='futuretale200' visible='true' version='2' changeset='151096630' lat='23.2097266' lon='72.6845367' />
  <node id='10581753776' timestamp='2024-05-09T13:22:15Z' uid='18353822' user='futuretale200' visible='true' version='3' changeset='151100055' lat='23.2100295' lon='72.684527' />
  <node id='10581753777' timestamp='2024-05-09T12:05:20Z' uid='18353822' user='futuretale200' visible='true' version='2' changeset='151096630' lat='23.2100458' lon='72.6843107' />
  <node id='10581763191' timestamp='2024-05-09T12:30:44Z' uid='18353822' user='futuretale200' visible='true' version='2' changeset='151097668' lat='23.2101213' lon='72.6838369' />
  <node id='10581763192' timestamp='2024-05-09T12:30:44Z' uid='18353822' user='futuretale200' visible='true' version='4' changeset='151097668' lat='23.2106009' lon='72.6838245' />
  <node id='10581763193' timestamp='2024-04-22T11:39:05Z' uid='21333586' user='Graxx' visible='true' version='2' changeset='150342320' lat='23.2101164' lon='72.6844692' />
  <node id='10581763194' timestamp='2024-05-09T13:01:29Z' uid='18353822' user='futuretale200' visible='true' version='2' changeset='151099153' lat='23.2106316' lon='72.6851239' />
  <node id='10581763195' timestamp='2023-01-25T13:47:08Z' uid='18353822' user='futuretale200' visible='true' version='1' changeset='131696482' lat='23.2106709' lon='72.6853988' />
  <node id='10581763196' timestamp='2023-01-25T13:47:08Z' uid='18353822' user='futuretale200' visible='true' version='1' changeset='131696482' lat='23.2107589' lon='72.6855276' />
  <node id='10581763197' timestamp='2023-01-25T13:47:08Z' uid='18353822' user='futuretale200' visible='true' version='1' changeset='131696482' lat='23.2108373' lon='72.685545' />
  <node id='10581763198' timestamp='2023-01-25T13:47:08Z' uid='18353822' user='futuretale200' visible='true' version='1' changeset='131696482' lat='23.2111444' lon='72.6855468' />
  <node id='10581763199' timestamp='2024-05-09T13:01:29Z' uid='18353822' user='futuretale200' visible='true' version='2' changeset='151099153' lat='23.2111149' lon='72.6849683' />
  <node id='10581763200' timestamp='2024-05-09T13:01:29Z' uid='18353822' user='futuretale200' visible='true' version='2' changeset='151099153' lat='23.2106372' lon='72.6849534' />
  <node id='10581763201' timestamp='2023-01-25T13:47:08Z' uid='18353822' user='futuretale200' visible='true' version='1' changeset='131696482' lat='23.2111076' lon='72.6844883' />
  <node id='10581763202' timestamp='2024-05-09T12:30:44Z' uid='18353822' user='futuretale200' visible='true' version='2' changeset='151097668' lat='23.2110944' lon='72.6837953' />
  <node id='10581763204' timestamp='2024-05-09T13:01:29Z' uid='18353822' user='futuretale200' visible='true' version='3' changeset='151099153' lat='23.2106772' lon='72.684479' />
  <node id='10581766699' timestamp='2023-01-25T13:49:02Z' uid='18353822' user='futuretale200' visible='true' version='1' changeset='131696545' lat='23.2117254' lon='72.6841771' />
  <node id='10581766700' timestamp='2023-01-25T13:49:02Z' uid='18353822' user='futuretale200' visible='true' version='1' changeset='131696545' lat='23.2117218' lon='72.6841874' />
  <node id='10581766701' timestamp='2023-01-25T13:49:02Z' uid='18353822' user='futuretale200' visible='true' version='1' changeset='131696545' lat='23.2117145' lon='72.684227' />
  <node id='10581766702' timestamp='2023-01-25T13:49:02Z' uid='18353822' user='futuretale200' visible='true' version='1' changeset='131696545' lat='23.211708' lon='72.6842475' />
  <node id='10581766704' timestamp='2023-01-25T13:49:02Z' uid='18353822' user='futuretale200' visible='true' version='1' changeset='131696545' lat='23.2116462' lon='72.684272' />
  <node id='10581774116' timestamp='2023-01-25T13:50:23Z' uid='18353822' user='futuretale200' visible='true' version='1' changeset='131696599' lat='23.2114338' lon='72.6844274' />
  <node id='10581774117' timestamp='2023-01-25T13:50:23Z' uid='18353822' user='futuretale200' visible='true' version='1' changeset='131696599' lat='23.2113744' lon='72.6844731' />
  <node id='10581774118' timestamp='2023-01-25T13:50:23Z' uid='18353822' user='futuretale200' visible='true' version='1' changeset='131696599' lat='23.211252' lon='72.6845035' />
  <node id='10581774119' timestamp='2023-01-25T13:50:23Z' uid='18353822' user='futuretale200' visible='true' version='1' changeset='131696599' lat='23.2111305' lon='72.6845064' />
  <node id='10581774120' timestamp='2023-01-25T13:50:23Z' uid='18353822' user='futuretale200' visible='true' version='1' changeset='131696599' lat='23.2111331' lon='72.6845673' />
  <node id='10581774121' timestamp='2023-01-25T13:50:23Z' uid='18353822' user='futuretale200' visible='true' version='1' changeset='131696599' lat='23.2114312' lon='72.6845625' />
  <node id='10581783405' timestamp='2023-01-25T13:49:02Z' uid='18353822' user='futuretale200' visible='true' version='1' changeset='131696545' lat='23.2115655' lon='72.6843029' />
  <node id='10581783406' timestamp='2023-01-25T13:49:02Z' uid='18353822' user='futuretale200' visible='true' version='1' changeset='131696545' lat='23.2114921' lon='72.6843258' />
  <node id='10581783408' timestamp='2023-01-25T13:49:02Z' uid='18353822' user='futuretale200' visible='true' version='1' changeset='131696545' lat='23.2114034' lon='72.6844207' />
  <node id='10581783409' timestamp='2023-01-25T13:49:02Z' uid='18353822' user='futuretale200' visible='true' version='1' changeset='131696545' lat='23.2113563' lon='72.6844432' />
  <node id='10581783410' timestamp='2024-05-09T13:01:29Z' uid='18353822' user='futuretale200' visible='true' version='2' changeset='151099153' lat='23.2112913' lon='72.6844611' />
  <node id='10581783411' timestamp='2023-01-25T13:49:02Z' uid='18353822' user='futuretale200' visible='true' version='1' changeset='131696545' lat='23.2112028' lon='72.6844792' />
  <node id='10581796197' timestamp='2023-01-25T13:57:06Z' uid='18353822' user='futuretale200' visible='true' version='1' changeset='131696892' lat='23.213387' lon='72.684162' />
  <node id='10581796198' timestamp='2023-01-25T13:57:06Z' uid='18353822' user='futuretale200' visible='true' version='1' changeset='131696892' lat='23.214015' lon='72.6849161' />
  <node id='10581796199' timestamp='2023-01-25T13:57:06Z' uid='18353822' user='futuretale200' visible='true' version='1' changeset='131696892' lat='23.2141956' lon='72.6850189' />
  <node id='10581796200' timestamp='2023-01-25T13:57:06Z' uid='18353822' user='futuretale200' visible='true' version='1' changeset='131696892' lat='23.2143741' lon='72.6852109' />
  <node id='10581796201' timestamp='2023-01-25T13:57:06Z' uid='18353822' user='futuretale200' visible='true' version='1' changeset='131696892' lat='23.214477' lon='72.6852337' />
  <node id='10581796202' timestamp='2023-01-25T13:57:06Z' uid='18353822' user='futuretale200' visible='true' version='1' changeset='131696892' lat='23.2146681' lon='72.6854691' />
  <node id='10581796203' timestamp='2023-01-25T13:57:06Z' uid='18353822' user='futuretale200' visible='true' version='1' changeset='131696892' lat='23.2149852' lon='72.6857936' />
  <node id='10581796204' timestamp='2023-01-25T13:57:06Z' uid='18353822' user='futuretale200' visible='true' version='1' changeset='131696892' lat='23.2151385' lon='72.6856245' />
  <node id='10581808860' timestamp='2024-06-05T18:09:44Z' uid='13913100' user='rahilarious' visible='true' version='3' changeset='152299907' lat='23.2130675' lon='72.686982' />
  <node id='10581808861' timestamp='2024-06-05T18:09:44Z' uid='13913100' user='rahilarious' visible='true' version='3' changeset='152299907' lat='23.2131113' lon='72.6870288' />
  <node id='10581808862' timestamp='2024-06-05T18:09:44Z' uid='13913100' user='rahilarious' visible='true' version='4' changeset='152299907' lat='23.2131593' lon='72.6871063' />
  <node id='10581808865' timestamp='2024-06-05T18:09:44Z' uid='13913100' user='rahilarious' visible='true' version='2' changeset='152299907' lat='23.2132018' lon='72.6872897' />
  <node id='10581808868' timestamp='2024-06-05T18:09:44Z' uid='13913100' user='rahilarious' visible='true' version='2' changeset='152299907' lat='23.2131163' lon='72.6875858' />
  <node id='10581808869' timestamp='2023-01-25T14:04:39Z' uid='18353822' user='futuretale200' visible='true' version='1' changeset='131697196' lat='23.2130552' lon='72.6876448' />
  <node id='10581808871' timestamp='2023-01-25T14:04:39Z' uid='18353822' user='futuretale200' visible='true' version='1' changeset='131697196' lat='23.2128778' lon='72.6877573' />
  <node id='10581808872' timestamp='2024-05-09T13:58:48Z' uid='18353822' user='futuretale200' visible='true' version='2' changeset='151101924' lat='23.2127948' lon='72.6877698' />
  <node id='10581808873' timestamp='2024-05-09T13:58:48Z' uid='18353822' user='futuretale200' visible='true' version='2' changeset='151101924' lat='23.2119291' lon='72.6877883' />
  <node id='10581808875' timestamp='2024-05-09T13:58:48Z' uid='18353822' user='futuretale200' visible='true' version='2' changeset='151101924' lat='23.2118116' lon='72.6877345' />
  <node id='10581808876' timestamp='2024-06-05T18:09:44Z' uid='13913100' user='rahilarious' visible='true' version='3' changeset='152299907' lat='23.2116967' lon='72.6876619' />
  <node id='10581808877' timestamp='2024-06-05T18:09:44Z' uid='13913100' user='rahilarious' visible='true' version='3' changeset='152299907' lat='23.2116205' lon='72.6875266' />
  <node id='10581808878' timestamp='2024-06-05T18:09:44Z' uid='13913100' user='rahilarious' visible='true' version='3' changeset='152299907' lat='23.2115834' lon='72.6873668' />
  <node id='10581808879' timestamp='2024-06-05T18:09:44Z' uid='13913100' user='rahilarious' visible='true' version='3' changeset='152299907' lat='23.2115991' lon='72.6872242' />
  <node id='10581808881' timestamp='2024-06-05T18:09:44Z' uid='13913100' user='rahilarious' visible='true' version='3' changeset='152299907' lat='23.2116731' lon='72.687016' />
  <node id='10581808882' timestamp='2024-06-05T18:09:44Z' uid='13913100' user='rahilarious' visible='true' version='4' changeset='152299907' lat='23.2119088' lon='72.6868396' />
  <node id='10581808883' timestamp='2024-05-09T13:58:48Z' uid='18353822' user='futuretale200' visible='true' version='3' changeset='151101924' lat='23.2128802' lon='72.687019' />
  <node id='10581808884' timestamp='2024-05-09T13:58:48Z' uid='18353822' user='futuretale200' visible='true' version='3' changeset='151101924' lat='23.2128895' lon='72.6876464' />
  <node id='10581808885' timestamp='2024-05-09T13:58:48Z' uid='18353822' user='futuretale200' visible='true' version='3' changeset='151101924' lat='23.2119115' lon='72.6876637' />
  <node id='10581808886' timestamp='2024-06-05T18:09:44Z' uid='13913100' user='rahilarious' visible='true' version='4' changeset='152299907' lat='23.2119047' lon='72.6870362' />
  <node id='10581808887' timestamp='2023-01-27T06:24:14Z' uid='18353822' user='futuretale200' visible='true' version='2' changeset='131757824' lat='23.21255' lon='72.6881062' />
  <node id='10581808888' timestamp='2023-01-27T06:24:14Z' uid='18353822' user='futuretale200' visible='true' version='2' changeset='131757824' lat='23.2126548' lon='72.6881105' />
  <node id='10581808889' timestamp='2023-01-27T06:24:14Z' uid='18353822' user='futuretale200' visible='true' version='2' changeset='131757824' lat='23.2127571' lon='72.6881353' />
  <node id='10581808890' timestamp='2023-01-27T06:24:14Z' uid='18353822' user='futuretale200' visible='true' version='2' changeset='131757824' lat='23.2128536' lon='72.6881798' />
  <node id='10581808891' timestamp='2023-01-27T06:24:14Z' uid='18353822' user='futuretale200' visible='true' version='2' changeset='131757824' lat='23.2129413' lon='72.6882424' />
  <node id='10581808892' timestamp='2023-01-27T06:24:14Z' uid='18353822' user='futuretale200' visible='true' version='2' changeset='131757824' lat='23.2130171' lon='72.6883212' />
  <node id='10581808893' timestamp='2023-01-27T06:24:14Z' uid='18353822' user='futuretale200' visible='true' version='2' changeset='131757824' lat='23.2130786' lon='72.6884135' />
  <node id='10581808894' timestamp='2023-01-27T06:24:14Z' uid='18353822' user='futuretale200' visible='true' version='2' changeset='131757824' lat='23.2131239' lon='72.6885164' />
  <node id='10581808895' timestamp='2023-01-27T06:24:14Z' uid='18353822' user='futuretale200' visible='true' version='2' changeset='131757824' lat='23.2131514' lon='72.6886265' />
  <node id='10581808896' timestamp='2023-01-27T06:24:14Z' uid='18353822' user='futuretale200' visible='true' version='2' changeset='131757824' lat='23.2131602' lon='72.6887402' />
  <node id='10581808897' timestamp='2023-01-27T06:24:14Z' uid='18353822' user='futuretale200' visible='true' version='2' changeset='131757824' lat='23.2131501' lon='72.6888537' />
  <node id='10581808898' timestamp='2023-01-27T06:24:14Z' uid='18353822' user='futuretale200' visible='true' version='2' changeset='131757824' lat='23.2131213' lon='72.6889634' />
  <node id='10581808899' timestamp='2023-01-27T06:24:14Z' uid='18353822' user='futuretale200' visible='true' version='2' changeset='131757824' lat='23.2130749' lon='72.6890657' />
  <node id='10581808900' timestamp='2023-01-27T06:24:14Z' uid='18353822' user='futuretale200' visible='true' version='2' changeset='131757824' lat='23.2130123' lon='72.6891572' />
  <node id='10581808901' timestamp='2023-01-27T06:24:14Z' uid='18353822' user='futuretale200' visible='true' version='2' changeset='131757824' lat='23.2129356' lon='72.6892349' />
  <node id='10581808902' timestamp='2023-01-27T06:24:14Z' uid='18353822' user='futuretale200' visible='true' version='2' changeset='131757824' lat='23.2128473' lon='72.6892964' />
  <node id='10581808903' timestamp='2023-01-27T06:24:14Z' uid='18353822' user='futuretale200' visible='true' version='2' changeset='131757824' lat='23.2127502' lon='72.6893395' />
  <node id='10581808904' timestamp='2023-01-27T06:24:14Z' uid='18353822' user='futuretale200' visible='true' version='2' changeset='131757824' lat='23.2126476' lon='72.6893629' />
  <node id='10581821105' timestamp='2023-01-27T06:24:14Z' uid='18353822' user='futuretale200' visible='true' version='2' changeset='131757824' lat='23.2125384' lon='72.6893655' />
  <node id='10581821106' timestamp='2023-01-27T06:24:14Z' uid='18353822' user='futuretale200' visible='true' version='2' changeset='131757824' lat='23.2124308' lon='72.6893458' />
  <node id='10581821107' timestamp='2023-01-27T06:24:14Z' uid='18353822' user='futuretale200' visible='true' version='2' changeset='131757824' lat='23.2123284' lon='72.6893045' />
  <node id='10581821108' timestamp='2023-01-27T06:24:14Z' uid='18353822' user='futuretale200' visible='true' version='2' changeset='131757824' lat='23.212235' lon='72.6892431' />
  <node id='10581821109' timestamp='2023-01-27T06:24:14Z' uid='18353822' user='futuretale200' visible='true' version='2' changeset='131757824' lat='23.2121538' lon='72.6891636' />
  <node id='10581821110' timestamp='2023-01-27T06:24:14Z' uid='18353822' user='futuretale200' visible='true' version='2' changeset='131757824' lat='23.2120878' lon='72.6890691' />
  <node id='10581821111' timestamp='2023-01-27T06:24:14Z' uid='18353822' user='futuretale200' visible='true' version='2' changeset='131757824' lat='23.2120392' lon='72.6889627' />
  <node id='10581821112' timestamp='2023-01-27T06:24:14Z' uid='18353822' user='futuretale200' visible='true' version='2' changeset='131757824' lat='23.2120098' lon='72.6888483' />
  <node id='10581821113' timestamp='2023-01-27T06:24:14Z' uid='18353822' user='futuretale200' visible='true' version='2' changeset='131757824' lat='23.2120006' lon='72.68873' />
  <node id='10581821114' timestamp='2023-01-27T06:24:14Z' uid='18353822' user='futuretale200' visible='true' version='2' changeset='131757824' lat='23.2120119' lon='72.6886118' />
  <node id='10581821115' timestamp='2023-01-27T06:24:14Z' uid='18353822' user='futuretale200' visible='true' version='2' changeset='131757824' lat='23.2120434' lon='72.6884981' />
  <node id='10581821116' timestamp='2023-01-27T06:24:14Z' uid='18353822' user='futuretale200' visible='true' version='2' changeset='131757824' lat='23.212094' lon='72.6883928' />
  <node id='10581821117' timestamp='2023-01-27T06:24:14Z' uid='18353822' user='futuretale200' visible='true' version='2' changeset='131757824' lat='23.2121618' lon='72.6882997' />
  <node id='10581821118' timestamp='2023-01-27T06:24:14Z' uid='18353822' user='futuretale200' visible='true' version='2' changeset='131757824' lat='23.2122444' lon='72.6882221' />
  <node id='10581821119' timestamp='2023-01-27T06:24:14Z' uid='18353822' user='futuretale200' visible='true' version='2' changeset='131757824' lat='23.2123389' lon='72.6881626' />
  <node id='10581821120' timestamp='2023-01-27T06:24:14Z' uid='18353822' user='futuretale200' visible='true' version='2' changeset='131757824' lat='23.212442' lon='72.6881236' />
  <node id='10581830021' timestamp='2023-01-27T06:09:24Z' uid='18353822' user='futuretale200' visible='true' version='2' changeset='131757510' lat='23.2111019' lon='72.6858982' />
  <node id='10581830022' timestamp='2023-01-25T14:16:02Z' uid='18353822' user='futuretale200' visible='true' version='1' changeset='131697652' lat='23.2111258' lon='72.6863567' />
  <node id='10581830023' timestamp='2023-01-25T14:16:02Z' uid='18353822' user='futuretale200' visible='true' version='1' changeset='131697652' lat='23.2101175' lon='72.6863827' />
  <node id='10581830024' timestamp='2023-01-27T06:09:24Z' uid='18353822' user='futuretale200' visible='true' version='2' changeset='131757510' lat='23.2101076' lon='72.6859339' />
  <node id='10581830025' timestamp='2023-01-25T14:16:02Z' uid='18353822' user='futuretale200' visible='true' version='1' changeset='131697652' lat='23.2102181' lon='72.6859006' />
  <node id='10581830026' timestamp='2023-01-25T14:16:02Z' uid='18353822' user='futuretale200' visible='true' version='1' changeset='131697652' lat='23.2105151' lon='72.6859006' />
  <node id='10581830027' timestamp='2023-01-25T14:16:02Z' uid='18353822' user='futuretale200' visible='true' version='1' changeset='131697652' lat='23.2111546' lon='72.685898' />
  <node id='10581830028' timestamp='2023-01-25T14:16:02Z' uid='18353822' user='futuretale200' visible='true' version='1' changeset='131697652' lat='23.2103666' lon='72.6859006' />
  <node id='10581830029' timestamp='2023-01-25T14:16:02Z' uid='18353822' user='futuretale200' visible='true' version='1' changeset='131697652' lat='23.2107097' lon='72.6854557' />
  <node id='10581836005' timestamp='2023-01-25T14:11:18Z' uid='18353822' user='futuretale200' visible='true' version='1' changeset='131697478' lat='23.2111016' lon='72.6865262' />
  <node id='10581836006' timestamp='2023-01-25T14:11:18Z' uid='18353822' user='futuretale200' visible='true' version='1' changeset='131697478' lat='23.2110884' lon='72.6887584' />
  <node id='10581836007' timestamp='2023-01-25T14:11:18Z' uid='18353822' user='futuretale200' visible='true' version='1' changeset='131697478' lat='23.2110555' lon='72.6888948' />
  <node id='10581836008' timestamp='2023-01-25T14:11:18Z' uid='18353822' user='futuretale200' visible='true' version='1' changeset='131697478' lat='23.2109565' lon='72.6890527' />
  <node id='10581836009' timestamp='2024-05-09T14:25:56Z' uid='18353822' user='futuretale200' visible='true' version='2' changeset='151103252' lat='23.2074598' lon='72.6866247' />
  <node id='10581851904' timestamp='2023-01-25T14:23:21Z' uid='18353822' user='futuretale200' visible='true' version='1' changeset='131697996' lat='23.2076643' lon='72.686408' />
  <node id='10581855405' timestamp='2023-01-25T17:31:23Z' uid='18353822' user='futuretale200' visible='true' version='2' changeset='131704821' lat='23.2076747' lon='72.6861842' />
  <node id='10581855406' timestamp='2023-01-25T17:31:23Z' uid='18353822' user='futuretale200' visible='true' version='2' changeset='131704821' lat='23.2078209' lon='72.6861926' />
  <node id='10581855407' timestamp='2024-05-09T14:25:56Z' uid='18353822' user='futuretale200' visible='true' version='3' changeset='151103252' lat='23.2081315' lon='72.6859611' />
  <node id='10581855408' timestamp='2023-01-25T17:31:23Z' uid='18353822' user='futuretale200' visible='true' version='2' changeset='131704821' lat='23.2082887' lon='72.6858854' />
  <node id='10581855409' timestamp='2023-01-25T17:31:23Z' uid='18353822' user='futuretale200' visible='true' version='2' changeset='131704821' lat='23.2086339' lon='72.6855211' />
  <node id='10581855411' timestamp='2024-05-09T14:25:56Z' uid='18353822' user='futuretale200' visible='true' version='2' changeset='151103252' lat='23.2083888' lon='72.6854248' />
  <node id='10581855412' timestamp='2023-01-25T14:23:21Z' uid='18353822' user='futuretale200' visible='true' version='1' changeset='131697996' lat='23.2083413' lon='72.6856505' />
  <node id='10581855416' timestamp='2023-01-25T14:23:21Z' uid='18353822' user='futuretale200' visible='true' version='1' changeset='131697996' lat='23.2076106' lon='72.6861805' />
  <node id='10581855417' timestamp='2023-01-25T14:23:21Z' uid='18353822' user='futuretale200' visible='true' version='1' changeset='131697996' lat='23.2073781' lon='72.6861474' />
  <node id='10581855418' timestamp='2023-01-25T14:23:21Z' uid='18353822' user='futuretale200' visible='true' version='1' changeset='131697996' lat='23.20732' lon='72.6859998' />
  <node id='10581855419' timestamp='2023-01-25T14:23:21Z' uid='18353822' user='futuretale200' visible='true' version='1' changeset='131697996' lat='23.207237' lon='72.6858703' />
  <node id='10581855420' timestamp='2023-01-25T14:23:21Z' uid='18353822' user='futuretale200' visible='true' version='1' changeset='131697996' lat='23.2072287' lon='72.6856385' />
  <node id='10581855421' timestamp='2023-01-25T14:23:21Z' uid='18353822' user='futuretale200' visible='true' version='1' changeset='131697996' lat='23.2072729' lon='72.685503' />
  <node id='10581855422' timestamp='2023-01-25T14:23:21Z' uid='18353822' user='futuretale200' visible='true' version='1' changeset='131697996' lat='23.2074556' lon='72.6852741' />
  <node id='10581855423' timestamp='2023-01-25T14:23:21Z' uid='18353822' user='futuretale200' visible='true' version='1' changeset='131697996' lat='23.2076078' lon='72.6851777' />
  <node id='10581855424' timestamp='2023-01-25T14:23:21Z' uid='18353822' user='futuretale200' visible='true' version='1' changeset='131697996' lat='23.2078348' lon='72.6851476' />
  <node id='10581855425' timestamp='2023-01-25T14:23:21Z' uid='18353822' user='futuretale200' visible='true' version='1' changeset='131697996' lat='23.2081282' lon='72.6852349' />
  <node id='10581855426' timestamp='2023-01-25T14:23:21Z' uid='18353822' user='futuretale200' visible='true' version='1' changeset='131697996' lat='23.2082721' lon='72.6853102' />
  <node id='10581855427' timestamp='2024-05-09T14:25:56Z' uid='18353822' user='futuretale200' visible='true' version='2' changeset='151103252' lat='23.2076706' lon='72.6862724' />
  <node id='10581855429' timestamp='2023-01-25T14:23:21Z' uid='18353822' user='futuretale200' visible='true' version='1' changeset='131697996' lat='23.2073504' lon='72.6864124' />
  <node id='10581855430' timestamp='2023-01-25T14:23:21Z' uid='18353822' user='futuretale200' visible='true' version='1' changeset='131697996' lat='23.2072895' lon='72.6863251' />
  <node id='10581855431' timestamp='2023-01-25T14:23:21Z' uid='18353822' user='futuretale200' visible='true' version='1' changeset='131697996' lat='23.2072397' lon='72.6862076' />
  <node id='10581855432' timestamp='2023-01-25T14:23:21Z' uid='18353822' user='futuretale200' visible='true' version='1' changeset='131697996' lat='23.2072702' lon='72.6860992' />
  <node id='10581855433' timestamp='2023-01-25T14:23:21Z' uid='18353822' user='futuretale200' visible='true' version='1' changeset='131697996' lat='23.2073117' lon='72.6861504' />
  <node id='10581897105' timestamp='2024-05-09T13:01:29Z' uid='18353822' user='futuretale200' visible='true' version='3' changeset='151099153' lat='23.2110478' lon='72.6837455' />
  <node id='10581897106' timestamp='2024-05-09T13:01:29Z' uid='18353822' user='futuretale200' visible='true' version='3' changeset='151099153' lat='23.2110367' lon='72.6833993' />
  <node id='10581897107' timestamp='2024-05-09T12:30:44Z' uid='18353822' user='futuretale200' visible='true' version='2' changeset='151097668' lat='23.2104235' lon='72.683398' />
  <node id='10581897108' timestamp='2024-05-09T13:01:29Z' uid='18353822' user='futuretale200' visible='true' version='3' changeset='151099153' lat='23.2106236' lon='72.6835558' />
  <node id='10581897109' timestamp='2024-05-09T13:01:29Z' uid='18353822' user='futuretale200' visible='true' version='3' changeset='151099153' lat='23.2105855' lon='72.683763' />
  <node id='10581897110' timestamp='2023-01-25T14:42:34Z' uid='18353822' user='futuretale200' visible='true' version='1' changeset='131698744' lat='23.2110825' lon='72.6832721' />
  <node id='10581897112' timestamp='2024-05-09T12:30:44Z' uid='18353822' user='futuretale200' visible='true' version='4' changeset='151097668' lat='23.2105314' lon='72.6836352' />
  <node id='10581897113' timestamp='2024-05-09T12:05:20Z' uid='18353822' user='futuretale200' visible='true' version='2' changeset='151096630' lat='23.2103813' lon='72.683426' />
  <node id='10581897114' timestamp='2023-01-25T14:42:34Z' uid='18353822' user='futuretale200' visible='true' version='1' changeset='131698744' lat='23.2103732' lon='72.6832825' />
  <node id='10581897115' timestamp='2023-01-25T14:42:34Z' uid='18353822' user='futuretale200' visible='true' version='1' changeset='131698744' lat='23.2101206' lon='72.6832862' />
  <node id='10582014840' timestamp='2024-05-09T13:22:15Z' uid='18353822' user='futuretale200' visible='true' version='2' changeset='151100055' lat='23.2121939' lon='72.6864288' />
  <node id='10582014841' timestamp='2024-05-09T13:22:15Z' uid='18353822' user='futuretale200' visible='true' version='2' changeset='151100055' lat='23.2120258' lon='72.6867801' />
  <node id='10582014842' timestamp='2024-05-09T13:22:15Z' uid='18353822' user='futuretale200' visible='true' version='2' changeset='151100055' lat='23.2113984' lon='72.6867991' />
  <node id='10582014843' timestamp='2024-05-09T13:22:15Z' uid='18353822' user='futuretale200' visible='true' version='2' changeset='151100055' lat='23.2113922' lon='72.6865525' />
  <node id='10582014844' timestamp='2024-05-09T13:22:15Z' uid='18353822' user='futuretale200' visible='true' version='2' changeset='151100055' lat='23.2113371' lon='72.6864319' />
  <node id='10582105847' timestamp='2024-05-09T13:01:29Z' uid='18353822' user='futuretale200' visible='true' version='3' changeset='151099153' lat='23.2105653' lon='72.6849394' />
  <node id='10582105848' timestamp='2024-05-09T13:01:29Z' uid='18353822' user='futuretale200' visible='true' version='3' changeset='151099153' lat='23.2105632' lon='72.6850201' />
  <node id='10582105849' timestamp='2024-05-09T13:01:29Z' uid='18353822' user='futuretale200' visible='true' version='3' changeset='151099153' lat='23.2105633' lon='72.68506' />
  <node id='10582105850' timestamp='2024-05-09T13:01:29Z' uid='18353822' user='futuretale200' visible='true' version='3' changeset='151099153' lat='23.2105284' lon='72.6850611' />
  <node id='10582105851' timestamp='2024-05-09T13:01:29Z' uid='18353822' user='futuretale200' visible='true' version='3' changeset='151099153' lat='23.2105291' lon='72.6850212' />
  <node id='10582105852' timestamp='2024-05-09T13:01:29Z' uid='18353822' user='futuretale200' visible='true' version='2' changeset='151099153' lat='23.2106804' lon='72.6850886' />
  <node id='10582105853' timestamp='2023-01-25T16:22:05Z' uid='18353822' user='futuretale200' visible='true' version='1' changeset='131702570' lat='23.2107161' lon='72.6851388' />
  <node id='10582105854' timestamp='2023-01-25T16:22:05Z' uid='18353822' user='futuretale200' visible='true' version='1' changeset='131702570' lat='23.2107153' lon='72.6850883' />
  <node id='10582105855' timestamp='2024-05-09T13:01:29Z' uid='18353822' user='futuretale200' visible='true' version='2' changeset='151099153' lat='23.2106787' lon='72.685033' />
  <node id='10582105857' timestamp='2024-05-09T13:01:29Z' uid='18353822' user='futuretale200' visible='true' version='2' changeset='151099153' lat='23.2106857' lon='72.684505' />
  <node id='10582105858' timestamp='2024-05-09T13:01:29Z' uid='18353822' user='futuretale200' visible='true' version='2' changeset='151099153' lat='23.2106927' lon='72.684556' />
  <node id='10582105859' timestamp='2024-05-09T13:01:29Z' uid='18353822' user='futuretale200' visible='true' version='2' changeset='151099153' lat='23.2106598' lon='72.6845632' />
  <node id='10582105860' timestamp='2024-05-09T13:01:29Z' uid='18353822' user='futuretale200' visible='true' version='3' changeset='151099153' lat='23.2103759' lon='72.6844152' />
  <node id='10582105861' timestamp='2024-05-09T13:01:29Z' uid='18353822' user='futuretale200' visible='true' version='2' changeset='151099153' lat='23.2102798' lon='72.6844174' />
  <node id='10582105863' timestamp='2024-05-09T13:01:29Z' uid='18353822' user='futuretale200' visible='true' version='3' changeset='151099153' lat='23.2103652' lon='72.6845257' />
  <node id='10582105867' timestamp='2024-05-09T13:01:29Z' uid='18353822' user='futuretale200' visible='true' version='3' changeset='151099153' lat='23.2103986' lon='72.6844812' />
  <node id='10582139276' timestamp='2024-05-09T13:58:48Z' uid='18353822' user='futuretale200' visible='true' version='2' changeset='151101924' lat='23.2132082' lon='72.686435' />
  <node id='10582139277' timestamp='2024-05-09T13:22:15Z' uid='18353822' user='futuretale200' visible='true' version='2' changeset='151100055' lat='23.2112746' lon='72.6864321' />
  <node id='10582139278' timestamp='2023-01-25T16:30:35Z' uid='18353822' user='futuretale200' visible='true' version='1' changeset='131702876' lat='23.2113457' lon='72.6887281' />
  <node id='10582139279' timestamp='2023-01-25T16:30:35Z' uid='18353822' user='futuretale200' visible='true' version='1' changeset='131702876' lat='23.2113203' lon='72.688935' />
  <node id='10582139280' timestamp='2023-01-25T16:30:35Z' uid='18353822' user='futuretale200' visible='true' version='1' changeset='131702876' lat='23.2112855' lon='72.6890177' />
  <node id='10582139281' timestamp='2023-01-25T16:30:35Z' uid='18353822' user='futuretale200' visible='true' version='1' changeset='131702876' lat='23.2112284' lon='72.6890936' />
  <node id='10582139282' timestamp='2023-01-25T16:30:35Z' uid='18353822' user='futuretale200' visible='true' version='1' changeset='131702876' lat='23.2111112' lon='72.6892659' />
  <node id='10582139283' timestamp='2023-01-25T16:30:35Z' uid='18353822' user='futuretale200' visible='true' version='1' changeset='131702876' lat='23.2114059' lon='72.689459' />
  <node id='10582139284' timestamp='2023-01-25T16:30:35Z' uid='18353822' user='futuretale200' visible='true' version='1' changeset='131702876' lat='23.211596' lon='72.68949' />
  <node id='10582139285' timestamp='2023-01-25T16:30:35Z' uid='18353822' user='futuretale200' visible='true' version='1' changeset='131702876' lat='23.2117576' lon='72.68949' />
  <node id='10582139286' timestamp='2023-01-25T16:30:35Z' uid='18353822' user='futuretale200' visible='true' version='1' changeset='131702876' lat='23.2119477' lon='72.6894762' />
  <node id='10582139287' timestamp='2023-01-25T16:30:35Z' uid='18353822' user='futuretale200' visible='true' version='1' changeset='131702876' lat='23.2122423' lon='72.6894762' />
  <node id='10582139288' timestamp='2023-01-25T16:30:35Z' uid='18353822' user='futuretale200' visible='true' version='1' changeset='131702876' lat='23.2125307' lon='72.6894762' />
  <node id='10582139289' timestamp='2023-01-25T16:30:35Z' uid='18353822' user='futuretale200' visible='true' version='1' changeset='131702876' lat='23.2127429' lon='72.6894728' />
  <node id='10582139290' timestamp='2023-01-25T16:30:35Z' uid='18353822' user='futuretale200' visible='true' version='1' changeset='131702876' lat='23.2128317' lon='72.6895176' />
  <node id='10582139291' timestamp='2023-01-25T16:30:35Z' uid='18353822' user='futuretale200' visible='true' version='1' changeset='131702876' lat='23.2129235' lon='72.6895831' />
  <node id='10582139292' timestamp='2023-01-25T16:30:35Z' uid='18353822' user='futuretale200' visible='true' version='1' changeset='131702876' lat='23.2130281' lon='72.6896831' />
  <node id='10582139293' timestamp='2023-01-25T16:30:35Z' uid='18353822' user='futuretale200' visible='true' version='1' changeset='131702876' lat='23.213101' lon='72.6897314' />
  <node id='10582139294' timestamp='2023-01-25T16:30:35Z' uid='18353822' user='futuretale200' visible='true' version='1' changeset='131702876' lat='23.213196' lon='72.6896348' />
  <node id='10582139295' timestamp='2023-01-25T16:30:35Z' uid='18353822' user='futuretale200' visible='true' version='1' changeset='131702876' lat='23.2132467' lon='72.6895211' />
  <node id='10582139296' timestamp='2023-01-25T16:30:35Z' uid='18353822' user='futuretale200' visible='true' version='1' changeset='131702876' lat='23.2132626' lon='72.6894107' />
  <node id='10582139297' timestamp='2023-01-25T16:30:35Z' uid='18353822' user='futuretale200' visible='true' version='1' changeset='131702876' lat='23.2132752' lon='72.6892384' />
  <node id='10582176917' timestamp='2024-05-09T13:22:15Z' uid='18353822' user='futuretale200' visible='true' version='2' changeset='151100055' lat='23.2113662' lon='72.6875464' />
  <node id='10582176918' timestamp='2024-05-09T13:22:15Z' uid='18353822' user='futuretale200' visible='true' version='2' changeset='151100055' lat='23.211444' lon='72.6875444' />
  <node id='10582176919' timestamp='2024-05-09T13:22:15Z' uid='18353822' user='futuretale200' visible='true' version='2' changeset='151100055' lat='23.211535' lon='72.6876378' />
  <node id='10582176920' timestamp='2024-05-09T13:22:15Z' uid='18353822' user='futuretale200' visible='true' version='2' changeset='151100055' lat='23.2116129' lon='72.6876343' />
  <node id='10582176921' timestamp='2024-05-09T13:22:15Z' uid='18353822' user='futuretale200' visible='true' version='2' changeset='151100055' lat='23.2116245' lon='72.6879386' />
  <node id='10582176922' timestamp='2024-05-09T13:22:15Z' uid='18353822' user='futuretale200' visible='true' version='2' changeset='151100055' lat='23.2117726' lon='72.6879319' />
  <node id='10582176923' timestamp='2024-05-09T13:22:15Z' uid='18353822' user='futuretale200' visible='true' version='2' changeset='151100055' lat='23.2119567' lon='72.6881993' />
  <node id='10582176926' timestamp='2024-05-09T13:22:15Z' uid='18353822' user='futuretale200' visible='true' version='2' changeset='151100055' lat='23.2120459' lon='72.6890182' />
  <node id='10582176928' timestamp='2024-05-09T13:22:15Z' uid='18353822' user='futuretale200' visible='true' version='2' changeset='151100055' lat='23.2120358' lon='72.6893795' />
  <node id='10582176931' timestamp='2023-01-25T16:47:48Z' uid='18353822' user='futuretale200' visible='true' version='1' changeset='131703496' lat='23.2116734' lon='72.6895266' />
  <node id='10582176932' timestamp='2024-05-09T13:22:15Z' uid='18353822' user='futuretale200' visible='true' version='2' changeset='151100055' lat='23.21152' lon='72.6894657' />
  <node id='10582176934' timestamp='2024-05-09T13:22:15Z' uid='18353822' user='futuretale200' visible='true' version='2' changeset='151100055' lat='23.2114856' lon='72.6892089' />
  <node id='10582176935' timestamp='2024-05-09T13:22:15Z' uid='18353822' user='futuretale200' visible='true' version='2' changeset='151100055' lat='23.2113799' lon='72.6892257' />
  <node id='10582176936' timestamp='2024-05-09T13:22:15Z' uid='18353822' user='futuretale200' visible='true' version='2' changeset='151100055' lat='23.2113566' lon='72.6890533' />
  <node id='10582176938' timestamp='2024-05-09T13:22:15Z' uid='18353822' user='futuretale200' visible='true' version='2' changeset='151100055' lat='23.2112101' lon='72.6907369' />
  <node id='10582176939' timestamp='2024-05-09T13:22:15Z' uid='18353822' user='futuretale200' visible='true' version='2' changeset='151100055' lat='23.21093' lon='72.6906283' />
  <node id='10582176941' timestamp='2024-05-09T13:22:15Z' uid='18353822' user='futuretale200' visible='true' version='2' changeset='151100055' lat='23.210708' lon='72.6904724' />
  <node id='10582176942' timestamp='2024-05-09T13:22:15Z' uid='18353822' user='futuretale200' visible='true' version='2' changeset='151100055' lat='23.2112444' lon='72.6895679' />
  <node id='10582176943' timestamp='2024-05-09T13:22:15Z' uid='18353822' user='futuretale200' visible='true' version='2' changeset='151100055' lat='23.2112788' lon='72.6899397' />
  <node id='10582176944' timestamp='2024-05-09T13:22:15Z' uid='18353822' user='futuretale200' visible='true' version='2' changeset='151100055' lat='23.2114045' lon='72.689926' />
  <node id='10582176945' timestamp='2024-05-09T13:22:15Z' uid='18353822' user='futuretale200' visible='true' version='2' changeset='151100055' lat='23.2114802' lon='72.6897498' />
  <node id='10582176946' timestamp='2024-05-09T13:22:15Z' uid='18353822' user='futuretale200' visible='true' version='2' changeset='151100055' lat='23.2115173' lon='72.6902565' />
  <node id='10582176947' timestamp='2024-05-09T13:22:15Z' uid='18353822' user='futuretale200' visible='true' version='2' changeset='151100055' lat='23.2112444' lon='72.6902802' />
  <node id='10582176948' timestamp='2024-05-09T13:22:15Z' uid='18353822' user='futuretale200' visible='true' version='2' changeset='151100055' lat='23.2112263' lon='72.6903356' />
  <node id='10582176949' timestamp='2024-05-09T13:22:15Z' uid='18353822' user='futuretale200' visible='true' version='2' changeset='151100055' lat='23.2111607' lon='72.6903101' />
  <node id='10582176950' timestamp='2024-05-09T13:22:15Z' uid='18353822' user='futuretale200' visible='true' version='2' changeset='151100055' lat='23.2111347' lon='72.6903892' />
  <node id='10582176951' timestamp='2024-05-09T13:22:15Z' uid='18353822' user='futuretale200' visible='true' version='2' changeset='151100055' lat='23.2113027' lon='72.6904544' />
  <node id='10582176953' timestamp='2023-01-25T16:47:48Z' uid='18353822' user='futuretale200' visible='true' version='1' changeset='131703496' lat='23.2168139' lon='72.6867338' />
  <node id='10582176954' timestamp='2023-01-25T16:47:48Z' uid='18353822' user='futuretale200' visible='true' version='1' changeset='131703496' lat='23.2167583' lon='72.6874305' />
  <node id='10582176955' timestamp='2023-01-25T16:47:48Z' uid='18353822' user='futuretale200' visible='true' version='1' changeset='131703496' lat='23.216752' lon='72.6875858' />
  <node id='10582176956' timestamp='2023-01-25T16:47:48Z' uid='18353822' user='futuretale200' visible='true' version='1' changeset='131703496' lat='23.2163107' lon='72.6881937' />
  <node id='10582176957' timestamp='2023-01-25T16:47:48Z' uid='18353822' user='futuretale200' visible='true' version='1' changeset='131703496' lat='23.2158256' lon='72.6880692' />
  <node id='10582176958' timestamp='2023-01-25T16:47:48Z' uid='18353822' user='futuretale200' visible='true' version='1' changeset='131703496' lat='23.2167942' lon='72.6871559' />
  <node id='10582176959' timestamp='2023-01-25T16:47:48Z' uid='18353822' user='futuretale200' visible='true' version='1' changeset='131703496' lat='23.2167994' lon='72.6872556' />
  <node id='10582176960' timestamp='2023-01-25T16:47:48Z' uid='18353822' user='futuretale200' visible='true' version='1' changeset='131703496' lat='23.2167699' lon='72.6873402' />
  <node id='10582176961' timestamp='2023-01-25T16:47:48Z' uid='18353822' user='futuretale200' visible='true' version='1' changeset='131703496' lat='23.2156605' lon='72.689332' />
  <node id='10582176962' timestamp='2023-01-25T16:47:48Z' uid='18353822' user='futuretale200' visible='true' version='1' changeset='131703496' lat='23.2158407' lon='72.6893677' />
  <node id='10582176966' timestamp='2023-01-25T16:47:48Z' uid='18353822' user='futuretale200' visible='true' version='1' changeset='131703496' lat='23.2162058' lon='72.6896739' />
  <node id='10582176968' timestamp='2023-01-25T16:47:48Z' uid='18353822' user='futuretale200' visible='true' version='1' changeset='131703496' lat='23.2165107' lon='72.6896994' />
  <node id='10582176969' timestamp='2024-05-09T13:43:16Z' uid='18353822' user='futuretale200' visible='true' version='2' changeset='151101124' lat='23.2164404' lon='72.6882059' />
  <node id='10582176970' timestamp='2023-01-25T16:47:48Z' uid='18353822' user='futuretale200' visible='true' version='1' changeset='131703496' lat='23.2170634' lon='72.6883982' />
  <node id='10582176972' timestamp='2023-01-25T16:47:48Z' uid='18353822' user='futuretale200' visible='true' version='1' changeset='131703496' lat='23.2172509' lon='72.688544' />
  <node id='10582176973' timestamp='2024-05-09T13:43:16Z' uid='18353822' user='futuretale200' visible='true' version='2' changeset='151101124' lat='23.2170687' lon='72.6890362' />
  <node id='10582176974' timestamp='2023-01-25T16:47:48Z' uid='18353822' user='futuretale200' visible='true' version='1' changeset='131703496' lat='23.2168188' lon='72.6889267' />
  <node id='10582176978' timestamp='2023-01-25T16:47:48Z' uid='18353822' user='futuretale200' visible='true' version='1' changeset='131703496' lat='23.216255' lon='72.6888724' />
  <node id='10582176979' timestamp='2023-01-25T16:47:48Z' uid='18353822' user='futuretale200' visible='true' version='1' changeset='131703496' lat='23.2162104' lon='72.6888272' />
  <node id='10582176981' timestamp='2023-01-25T16:47:48Z' uid='18353822' user='futuretale200' visible='true' version='1' changeset='131703496' lat='23.2161147' lon='72.6886554' />
  <node id='10582176983' timestamp='2024-05-09T13:43:16Z' uid='18353822' user='futuretale200' visible='true' version='2' changeset='151101124' lat='23.2162121' lon='72.688282' />
  <node id='10582176984' timestamp='2024-05-09T13:43:16Z' uid='18353822' user='futuretale200' visible='true' version='2' changeset='151101124' lat='23.216405' lon='72.6883416' />
  <node id='10582217301' timestamp='2024-05-09T13:58:48Z' uid='18353822' user='futuretale200' visible='true' version='3' changeset='151101924' lat='23.2122708' lon='72.6851564' />
  <node id='10582217302' timestamp='2024-05-09T13:58:48Z' uid='18353822' user='futuretale200' visible='true' version='3' changeset='151101924' lat='23.2122748' lon='72.6856552' />
  <node id='10582217303' timestamp='2023-01-25T17:08:49Z' uid='18353822' user='futuretale200' visible='true' version='1' changeset='131704169' lat='23.2121023' lon='72.685825' />
  <node id='10582220507' timestamp='2023-01-25T17:08:49Z' uid='18353822' user='futuretale200' visible='true' version='1' changeset='131704169' lat='23.2116914' lon='72.6857686' />
  <node id='10582220511' timestamp='2023-01-25T17:08:49Z' uid='18353822' user='futuretale200' visible='true' version='1' changeset='131704169' lat='23.2113837' lon='72.6858802' />
  <node id='10582220512' timestamp='2024-05-09T13:01:29Z' uid='18353822' user='futuretale200' visible='true' version='2' changeset='151099153' lat='23.2113426' lon='72.6858814' />
  <node id='10582220519' timestamp='2023-01-25T17:08:49Z' uid='18353822' user='futuretale200' visible='true' version='1' changeset='131704169' lat='23.2113263' lon='72.6852237' />
  <node id='10582220520' timestamp='2023-01-25T17:08:49Z' uid='18353822' user='futuretale200' visible='true' version='1' changeset='131704169' lat='23.2113732' lon='72.6851556' />
  <node id='10582220522' timestamp='2024-05-09T13:01:29Z' uid='18353822' user='futuretale200' visible='true' version='2' changeset='151099153' lat='23.2116393' lon='72.6834259' />
  <node id='10582220523' timestamp='2024-05-09T13:01:29Z' uid='18353822' user='futuretale200' visible='true' version='2' changeset='151099153' lat='23.2114385' lon='72.6834262' />
  <node id='10582220524' timestamp='2024-05-09T13:01:29Z' uid='18353822' user='futuretale200' visible='true' version='2' changeset='151099153' lat='23.2114387' lon='72.6836223' />
  <node id='10582220525' timestamp='2024-05-09T13:01:29Z' uid='18353822' user='futuretale200' visible='true' version='2' changeset='151099153' lat='23.2116395' lon='72.6836219' />
  <node id='10582220537' timestamp='2023-01-25T17:08:49Z' uid='18353822' user='futuretale200' visible='true' version='1' changeset='131704169' lat='23.2157425' lon='72.686724' />
  <node id='10582239817' timestamp='2023-01-25T17:31:23Z' uid='18353822' user='futuretale200' visible='true' version='1' changeset='131704821' lat='23.2166861' lon='72.6872051' />
  <node id='10582239818' timestamp='2023-01-25T17:31:23Z' uid='18353822' user='futuretale200' visible='true' version='1' changeset='131704821' lat='23.2166148' lon='72.6872051' />
  <node id='10582239819' timestamp='2023-01-25T17:31:23Z' uid='18353822' user='futuretale200' visible='true' version='1' changeset='131704821' lat='23.2165029' lon='72.6872245' />
  <node id='10582239820' timestamp='2024-05-09T13:43:16Z' uid='18353822' user='futuretale200' visible='true' version='2' changeset='151101124' lat='23.2164122' lon='72.6872563' />
  <node id='10582239821' timestamp='2024-05-09T13:43:16Z' uid='18353822' user='futuretale200' visible='true' version='2' changeset='151101124' lat='23.2163084' lon='72.6873506' />
  <node id='10582239822' timestamp='2024-05-09T13:43:16Z' uid='18353822' user='futuretale200' visible='true' version='2' changeset='151101124' lat='23.2162371' lon='72.6874257' />
  <node id='10582239823' timestamp='2024-05-09T13:43:16Z' uid='18353822' user='futuretale200' visible='true' version='2' changeset='151101124' lat='23.2161852' lon='72.687546' />
  <node id='10582239824' timestamp='2024-05-09T13:43:16Z' uid='18353822' user='futuretale200' visible='true' version='2' changeset='151101124' lat='23.2161424' lon='72.6876683' />
  <node id='10582239825' timestamp='2023-01-25T17:31:23Z' uid='18353822' user='futuretale200' visible='true' version='1' changeset='131704821' lat='23.2161543' lon='72.6878049' />
  <node id='10582239826' timestamp='2023-01-25T17:31:23Z' uid='18353822' user='futuretale200' visible='true' version='1' changeset='131704821' lat='23.2161657' lon='72.6878949' />
  <node id='10582239827' timestamp='2023-01-25T17:31:23Z' uid='18353822' user='futuretale200' visible='true' version='1' changeset='131704821' lat='23.2162062' lon='72.6879937' />
  <node id='10582239828' timestamp='2023-01-25T17:31:23Z' uid='18353822' user='futuretale200' visible='true' version='1' changeset='131704821' lat='23.2162386' lon='72.6880484' />
  <node id='10582239829' timestamp='2023-01-25T17:31:23Z' uid='18353822' user='futuretale200' visible='true' version='1' changeset='131704821' lat='23.2162662' lon='72.6880749' />
  <node id='10582239830' timestamp='2023-01-25T17:31:23Z' uid='18353822' user='futuretale200' visible='true' version='1' changeset='131704821' lat='23.2163278' lon='72.6881066' />
  <node id='10582239831' timestamp='2023-01-25T17:31:23Z' uid='18353822' user='futuretale200' visible='true' version='1' changeset='131704821' lat='23.2163828' lon='72.6881487' />
  <node id='10582239832' timestamp='2023-01-25T17:31:23Z' uid='18353822' user='futuretale200' visible='true' version='1' changeset='131704821' lat='23.2163862' lon='72.6881084' />
  <node id='10582239833' timestamp='2023-01-25T17:31:23Z' uid='18353822' user='futuretale200' visible='true' version='1' changeset='131704821' lat='23.2164283' lon='72.6880696' />
  <node id='10582239834' timestamp='2023-01-25T17:31:23Z' uid='18353822' user='futuretale200' visible='true' version='1' changeset='131704821' lat='23.2164332' lon='72.6879972' />
  <node id='10582239835' timestamp='2023-01-25T17:31:23Z' uid='18353822' user='futuretale200' visible='true' version='1' changeset='131704821' lat='23.2164932' lon='72.6879955' />
  <node id='10582239836' timestamp='2023-01-25T17:31:23Z' uid='18353822' user='futuretale200' visible='true' version='1' changeset='131704821' lat='23.2165559' lon='72.6880407' />
  <node id='10582239837' timestamp='2023-01-25T17:31:23Z' uid='18353822' user='futuretale200' visible='true' version='1' changeset='131704821' lat='23.2166366' lon='72.6878751' />
  <node id='10582239838' timestamp='2023-01-25T17:31:23Z' uid='18353822' user='futuretale200' visible='true' version='1' changeset='131704821' lat='23.2165953' lon='72.687842' />
  <node id='10582239839' timestamp='2023-01-25T17:31:23Z' uid='18353822' user='futuretale200' visible='true' version='1' changeset='131704821' lat='23.216618' lon='72.6877961' />
  <node id='10582239840' timestamp='2023-01-25T17:31:23Z' uid='18353822' user='futuretale200' visible='true' version='1' changeset='131704821' lat='23.2166148' lon='72.6877644' />
  <node id='10582239841' timestamp='2023-01-25T17:31:23Z' uid='18353822' user='futuretale200' visible='true' version='1' changeset='131704821' lat='23.216678' lon='72.6876091' />
  <node id='10582239842' timestamp='2023-01-25T17:31:23Z' uid='18353822' user='futuretale200' visible='true' version='1' changeset='131704821' lat='23.2167104' lon='72.687625' />
  <node id='10582239843' timestamp='2023-01-25T17:31:23Z' uid='18353822' user='futuretale200' visible='true' version='1' changeset='131704821' lat='23.2167331' lon='72.6875703' />
  <node id='10582239844' timestamp='2023-01-25T17:31:23Z' uid='18353822' user='futuretale200' visible='true' version='1' changeset='131704821' lat='23.2166942' lon='72.6875227' />
  <node id='10582239845' timestamp='2023-01-25T17:31:23Z' uid='18353822' user='futuretale200' visible='true' version='1' changeset='131704821' lat='23.2166683' lon='72.6875192' />
  <node id='10582239846' timestamp='2023-01-25T17:31:23Z' uid='18353822' user='futuretale200' visible='true' version='1' changeset='131704821' lat='23.2167088' lon='72.687505' />
  <node id='10582239847' timestamp='2023-01-25T17:31:23Z' uid='18353822' user='futuretale200' visible='true' version='1' changeset='131704821' lat='23.2167185' lon='72.6873939' />
  <node id='10582239848' timestamp='2024-02-29T06:46:33Z' uid='16275581' user='ompatekar' visible='true' version='2' changeset='148038251' lat='23.2165175' lon='72.6868643' />
  <node id='10582239849' timestamp='2024-02-29T06:46:33Z' uid='16275581' user='ompatekar' visible='true' version='2' changeset='148038251' lat='23.2161585' lon='72.6868189' />
  <node id='10582239850' timestamp='2024-02-29T06:46:33Z' uid='16275581' user='ompatekar' visible='true' version='2' changeset='148038251' lat='23.2161612' lon='72.6870506' />
  <node id='10582239851' timestamp='2024-02-29T06:46:33Z' uid='16275581' user='ompatekar' visible='true' version='2' changeset='148038251' lat='23.2162846' lon='72.6870523' />
  <node id='10582239852' timestamp='2024-02-29T06:46:33Z' uid='16275581' user='ompatekar' visible='true' version='2' changeset='148038251' lat='23.2162878' lon='72.687134' />
  <node id='10582239853' timestamp='2024-02-29T06:46:33Z' uid='16275581' user='ompatekar' visible='true' version='2' changeset='148038251' lat='23.2163359' lon='72.6871334' />
  <node id='10582239854' timestamp='2024-02-29T06:46:33Z' uid='16275581' user='ompatekar' visible='true' version='2' changeset='148038251' lat='23.2163493' lon='72.6871101' />
  <node id='10582239855' timestamp='2024-02-29T06:46:33Z' uid='16275581' user='ompatekar' visible='true' version='2' changeset='148038251' lat='23.2164085' lon='72.6870821' />
  <node id='10582239856' timestamp='2024-02-29T06:46:33Z' uid='16275581' user='ompatekar' visible='true' version='2' changeset='148038251' lat='23.2164471' lon='72.6870902' />
  <node id='10582239857' timestamp='2024-02-29T06:46:33Z' uid='16275581' user='ompatekar' visible='true' version='2' changeset='148038251' lat='23.2164706' lon='72.6871049' />
  <node id='10582239858' timestamp='2024-02-29T06:46:33Z' uid='16275581' user='ompatekar' visible='true' version='2' changeset='148038251' lat='23.2165134' lon='72.6871624' />
  <node id='10582239859' timestamp='2024-02-29T06:46:33Z' uid='16275581' user='ompatekar' visible='true' version='2' changeset='148038251' lat='23.2163199' lon='72.6872015' />
  <node id='10582239860' timestamp='2024-02-29T06:46:33Z' uid='16275581' user='ompatekar' visible='true' version='2' changeset='148038251' lat='23.2163348' lon='72.6872655' />
  <node id='10582239862' timestamp='2024-05-09T13:43:16Z' uid='18353822' user='futuretale200' visible='true' version='2' changeset='151101124' lat='23.2163394' lon='72.6873127' />
  <node id='10582239863' timestamp='2024-05-09T13:43:16Z' uid='18353822' user='futuretale200' visible='true' version='2' changeset='151101124' lat='23.2163771' lon='72.6872798' />
  <node id='10582239867' timestamp='2024-02-29T06:46:33Z' uid='16275581' user='ompatekar' visible='true' version='2' changeset='148038251' lat='23.2165285' lon='72.687154' />
  <node id='10582239870' timestamp='2024-02-29T06:46:33Z' uid='16275581' user='ompatekar' visible='true' version='2' changeset='148038251' lat='23.2164082' lon='72.6870533' />
  <node id='10582239871' timestamp='2024-02-29T06:46:33Z' uid='16275581' user='ompatekar' visible='true' version='2' changeset='148038251' lat='23.2165235' lon='72.6870541' />
  <node id='10582239873' timestamp='2024-02-29T06:46:33Z' uid='16275581' user='ompatekar' visible='true' version='2' changeset='148038251' lat='23.216176' lon='72.6875163' />
  <node id='10582239874' timestamp='2024-02-29T06:46:33Z' uid='16275581' user='ompatekar' visible='true' version='2' changeset='148038251' lat='23.2161994' lon='72.6874442' />
  <node id='10582239875' timestamp='2023-01-25T17:31:23Z' uid='18353822' user='futuretale200' visible='true' version='1' changeset='131704821' lat='23.2162294' lon='72.6873768' />
  <node id='10582239876' timestamp='2024-02-29T06:46:33Z' uid='16275581' user='ompatekar' visible='true' version='2' changeset='148038251' lat='23.2162743' lon='72.6868311' />
  <node id='10582239877' timestamp='2023-01-25T17:31:23Z' uid='18353822' user='futuretale200' visible='true' version='1' changeset='131704821' lat='23.2165533' lon='72.6868539' />
  <node id='10582239878' timestamp='2023-01-25T17:31:23Z' uid='18353822' user='futuretale200' visible='true' version='1' changeset='131704821' lat='23.2166539' lon='72.6868936' />
  <node id='10582239879' timestamp='2023-01-25T17:31:23Z' uid='18353822' user='futuretale200' visible='true' version='1' changeset='131704821' lat='23.2167591' lon='72.686954' />
  <node id='10582239880' timestamp='2024-02-29T06:46:33Z' uid='16275581' user='ompatekar' visible='true' version='2' changeset='148038251' lat='23.2165866' lon='72.6868631' />
  <node id='10582239881' timestamp='2023-01-25T17:31:23Z' uid='18353822' user='futuretale200' visible='true' version='1' changeset='131704821' lat='23.2161212' lon='72.6868275' />
  <node id='10582239882' timestamp='2023-01-25T17:31:23Z' uid='18353822' user='futuretale200' visible='true' version='1' changeset='131704821' lat='23.2157985' lon='72.6868237' />
  <node id='10582239883' timestamp='2023-01-25T17:31:23Z' uid='18353822' user='futuretale200' visible='true' version='1' changeset='131704821' lat='23.2157812' lon='72.686869' />
  <node id='10582239884' timestamp='2023-01-25T17:31:23Z' uid='18353822' user='futuretale200' visible='true' version='1' changeset='131704821' lat='23.2157586' lon='72.6868936' />
  <node id='10582239885' timestamp='2023-01-25T17:31:23Z' uid='18353822' user='futuretale200' visible='true' version='1' changeset='131704821' lat='23.2157222' lon='72.6869125' />
  <node id='10582239886' timestamp='2023-01-25T17:31:23Z' uid='18353822' user='futuretale200' visible='true' version='1' changeset='131704821' lat='23.215769' lon='72.6870597' />
  <node id='10582239887' timestamp='2023-01-25T17:31:23Z' uid='18353822' user='futuretale200' visible='true' version='1' changeset='131704821' lat='23.2157777' lon='72.6872372' />
  <node id='10582239888' timestamp='2023-01-25T17:31:23Z' uid='18353822' user='futuretale200' visible='true' version='1' changeset='131704821' lat='23.2157846' lon='72.6874543' />
  <node id='10582239889' timestamp='2023-01-25T17:31:23Z' uid='18353822' user='futuretale200' visible='true' version='1' changeset='131704821' lat='23.215795' lon='72.6876356' />
  <node id='10582239890' timestamp='2023-01-25T17:31:23Z' uid='18353822' user='futuretale200' visible='true' version='1' changeset='131704821' lat='23.2158089' lon='72.6878527' />
  <node id='10582239891' timestamp='2023-01-25T17:31:23Z' uid='18353822' user='futuretale200' visible='true' version='1' changeset='131704821' lat='23.2157482' lon='72.6879471' />
  <node id='10582239892' timestamp='2023-01-25T17:31:23Z' uid='18353822' user='futuretale200' visible='true' version='1' changeset='131704821' lat='23.2157291' lon='72.6880113' />
  <node id='10582239894' timestamp='2024-05-09T13:43:16Z' uid='18353822' user='futuretale200' visible='true' version='2' changeset='151101124' lat='23.2162469' lon='72.6880564' />
  <node id='10582239895' timestamp='2023-01-25T17:31:23Z' uid='18353822' user='futuretale200' visible='true' version='1' changeset='131704821' lat='23.2133879' lon='72.6838391' />
  <node id='10582239896' timestamp='2023-01-25T17:31:23Z' uid='18353822' user='futuretale200' visible='true' version='1' changeset='131704821' lat='23.2133834' lon='72.6839291' />
  <node id='10582239897' timestamp='2023-01-25T17:31:23Z' uid='18353822' user='futuretale200' visible='true' version='1' changeset='131704821' lat='23.2133293' lon='72.6839258' />
  <node id='10582239898' timestamp='2023-01-25T17:31:23Z' uid='18353822' user='futuretale200' visible='true' version='1' changeset='131704821' lat='23.2133202' lon='72.6838423' />
  <node id='10582239902' timestamp='2024-04-22T11:39:05Z' uid='21333586' user='Graxx' visible='true' version='3' changeset='150342320' lat='23.2101111' lon='72.6840362' />
  <node id='10582239903' timestamp='2023-01-25T17:31:23Z' uid='18353822' user='futuretale200' visible='true' version='1' changeset='131704821' lat='23.209469' lon='72.6833108' />
  <node id='10582239904' timestamp='2024-05-09T13:01:29Z' uid='18353822' user='futuretale200' visible='true' version='3' changeset='151099153' lat='23.2090364' lon='72.6853906' />
  <node id='10582239907' timestamp='2024-05-09T13:22:15Z' uid='18353822' user='futuretale200' visible='true' version='2' changeset='151100055' lat='23.2119878' lon='72.6864296' />
  <node id='10582239908' timestamp='2024-05-09T13:22:15Z' uid='18353822' user='futuretale200' visible='true' version='2' changeset='151100055' lat='23.2120027' lon='72.6866548' />
  <node id='10582239909' timestamp='2024-05-09T13:22:15Z' uid='18353822' user='futuretale200' visible='true' version='2' changeset='151100055' lat='23.2118885' lon='72.6866614' />
  <node id='10582239910' timestamp='2024-05-09T13:22:15Z' uid='18353822' user='futuretale200' visible='true' version='2' changeset='151100055' lat='23.2118685' lon='72.68643' />
  <node id='10582239911' timestamp='2024-05-09T13:22:15Z' uid='18353822' user='futuretale200' visible='true' version='2' changeset='151100055' lat='23.2118024' lon='72.6864302' />
  <node id='10582239912' timestamp='2024-05-09T13:22:15Z' uid='18353822' user='futuretale200' visible='true' version='2' changeset='151100055' lat='23.2117573' lon='72.686569' />
  <node id='10582239913' timestamp='2024-05-09T13:22:15Z' uid='18353822' user='futuretale200' visible='true' version='2' changeset='151100055' lat='23.2116186' lon='72.6865696' />
  <node id='10582239914' timestamp='2024-05-09T13:22:15Z' uid='18353822' user='futuretale200' visible='true' version='2' changeset='151100055' lat='23.2115283' lon='72.6864312' />
  <node id='10582239915' timestamp='2024-05-09T13:22:15Z' uid='18353822' user='futuretale200' visible='true' version='2' changeset='151100055' lat='23.2115455' lon='72.6864335' />
  <node id='10582239916' timestamp='2024-05-09T13:22:15Z' uid='18353822' user='futuretale200' visible='true' version='2' changeset='151100055' lat='23.2115349' lon='72.6865903' />
  <node id='10582239917' timestamp='2024-05-09T13:22:15Z' uid='18353822' user='futuretale200' visible='true' version='2' changeset='151100055' lat='23.2113956' lon='72.6866869' />
  <node id='10582253312' timestamp='2023-01-25T17:33:53Z' uid='18353822' user='futuretale200' visible='true' version='1' changeset='131704894' lat='23.2148686' lon='72.6886525' />
  <node id='10582253313' timestamp='2023-01-25T17:33:53Z' uid='18353822' user='futuretale200' visible='true' version='1' changeset='131704894' lat='23.2149551' lon='72.6885654' />
  <node id='10582253314' timestamp='2023-01-25T17:33:53Z' uid='18353822' user='futuretale200' visible='true' version='1' changeset='131704894' lat='23.2150092' lon='72.6884689' />
  <node id='10582253315' timestamp='2023-01-25T17:33:53Z' uid='18353822' user='futuretale200' visible='true' version='1' changeset='131704894' lat='23.2150395' lon='72.6883654' />
  <node id='10582253316' timestamp='2023-01-25T17:33:53Z' uid='18353822' user='futuretale200' visible='true' version='1' changeset='131704894' lat='23.2150438' lon='72.6882406' />
  <node id='10582253317' timestamp='2023-01-25T17:33:53Z' uid='18353822' user='futuretale200' visible='true' version='1' changeset='131704894' lat='23.2149962' lon='72.6880947' />
  <node id='10582253318' timestamp='2023-01-25T17:33:53Z' uid='18353822' user='futuretale200' visible='true' version='1' changeset='131704894' lat='23.2149314' lon='72.6880359' />
  <node id='10582253319' timestamp='2023-01-25T17:33:53Z' uid='18353822' user='futuretale200' visible='true' version='1' changeset='131704894' lat='23.214873' lon='72.6879818' />
  <node id='10582253320' timestamp='2023-01-27T06:24:14Z' uid='18353822' user='futuretale200' visible='true' version='2' changeset='131757824' lat='23.2145957' lon='72.6891011' />
  <node id='10582254205' timestamp='2024-05-09T13:01:29Z' uid='18353822' user='futuretale200' visible='true' version='3' changeset='151099153' lat='23.2089849' lon='72.6853151' />
  <node id='10582254206' timestamp='2024-05-09T13:01:29Z' uid='18353822' user='futuretale200' visible='true' version='3' changeset='151099153' lat='23.2089116' lon='72.6854151' />
  <node id='10582254207' timestamp='2024-05-09T13:01:29Z' uid='18353822' user='futuretale200' visible='true' version='3' changeset='151099153' lat='23.2090348' lon='72.6853585' />
  <node id='10582254208' timestamp='2024-05-09T12:30:44Z' uid='18353822' user='futuretale200' visible='true' version='2' changeset='151097668' lat='23.2089414' lon='72.6854606' />
  <node id='10582254209' timestamp='2024-05-09T12:30:44Z' uid='18353822' user='futuretale200' visible='true' version='2' changeset='151097668' lat='23.2090024' lon='72.685491' />
  <node id='10582254210' timestamp='2024-05-09T13:01:29Z' uid='18353822' user='futuretale200' visible='true' version='4' changeset='151099153' lat='23.2088933' lon='72.6854935' />
  <node id='10582254211' timestamp='2024-05-09T13:01:29Z' uid='18353822' user='futuretale200' visible='true' version='3' changeset='151099153' lat='23.2088974' lon='72.6857062' />
  <node id='10582254212' timestamp='2024-05-09T12:30:44Z' uid='18353822' user='futuretale200' visible='true' version='2' changeset='151097668' lat='23.2088423' lon='72.6857074' />
  <node id='10582254213' timestamp='2024-05-09T12:30:44Z' uid='18353822' user='futuretale200' visible='true' version='2' changeset='151097668' lat='23.2088803' lon='72.685808' />
  <node id='10582254214' timestamp='2024-05-09T13:01:29Z' uid='18353822' user='futuretale200' visible='true' version='3' changeset='151099153' lat='23.2090253' lon='72.6858042' />
  <node id='10582254215' timestamp='2024-05-09T12:30:44Z' uid='18353822' user='futuretale200' visible='true' version='2' changeset='151097668' lat='23.2090191' lon='72.6855276' />
  <node id='10582254216' timestamp='2024-05-09T12:30:44Z' uid='18353822' user='futuretale200' visible='true' version='2' changeset='151097668' lat='23.2090987' lon='72.6854178' />
  <node id='10582254217' timestamp='2024-05-09T13:01:29Z' uid='18353822' user='futuretale200' visible='true' version='4' changeset='151099153' lat='23.2091132' lon='72.6854175' />
  <node id='10582254218' timestamp='2023-01-25T17:31:23Z' uid='18353822' user='futuretale200' visible='true' version='1' changeset='131704821' lat='23.208335' lon='72.6856786' />
  <node id='10582254219' timestamp='2024-05-09T14:25:56Z' uid='18353822' user='futuretale200' visible='true' version='2' changeset='151103252' lat='23.20801' lon='72.6860969' />
  <node id='10582254220' timestamp='2023-01-25T17:31:23Z' uid='18353822' user='futuretale200' visible='true' version='1' changeset='131704821' lat='23.2084045' lon='72.6855204' />
  <node id='10582254221' timestamp='2023-01-25T17:31:23Z' uid='18353822' user='futuretale200' visible='true' version='1' changeset='131704821' lat='23.2086407' lon='72.685182' />
  <node id='10582254222' timestamp='2023-01-25T17:31:23Z' uid='18353822' user='futuretale200' visible='true' version='1' changeset='131704821' lat='23.2086431' lon='72.6858373' />
  <node id='10582254223' timestamp='2023-01-25T17:31:23Z' uid='18353822' user='futuretale200' visible='true' version='1' changeset='131704821' lat='23.2086101' lon='72.6850812' />
  <node id='10582254224' timestamp='2023-01-25T17:31:23Z' uid='18353822' user='futuretale200' visible='true' version='1' changeset='131704821' lat='23.2085075' lon='72.6850545' />
  <node id='10582254225' timestamp='2023-01-25T17:31:23Z' uid='18353822' user='futuretale200' visible='true' version='1' changeset='131704821' lat='23.2081213' lon='72.6850544' />
  <node id='10582254226' timestamp='2023-01-25T17:31:23Z' uid='18353822' user='futuretale200' visible='true' version='1' changeset='131704821' lat='23.2077365' lon='72.6850517' />
  <node id='10582254227' timestamp='2023-01-25T17:31:23Z' uid='18353822' user='futuretale200' visible='true' version='1' changeset='131704821' lat='23.2073257' lon='72.6849632' />
  <node id='10582254228' timestamp='2023-01-25T17:31:23Z' uid='18353822' user='futuretale200' visible='true' version='1' changeset='131704821' lat='23.2075651' lon='72.685047' />
  <node id='10582254229' timestamp='2023-01-25T17:31:23Z' uid='18353822' user='futuretale200' visible='true' version='1' changeset='131704821' lat='23.2082859' lon='72.6853109' />
  <node id='10582267463' timestamp='2024-05-09T13:22:15Z' uid='18353822' user='futuretale200' visible='true' version='2' changeset='151100055' lat='23.2113251' lon='72.6876488' />
  <node id='10582267465' timestamp='2024-05-09T13:22:15Z' uid='18353822' user='futuretale200' visible='true' version='2' changeset='151100055' lat='23.2115691' lon='72.6879486' />
  <node id='10582267466' timestamp='2024-05-09T13:22:15Z' uid='18353822' user='futuretale200' visible='true' version='2' changeset='151100055' lat='23.2115617' lon='72.6880434' />
  <node id='10582267469' timestamp='2024-05-09T13:22:15Z' uid='18353822' user='futuretale200' visible='true' version='2' changeset='151100055' lat='23.2115659' lon='72.688333' />
  <node id='10582385473' timestamp='2024-04-22T11:39:05Z' uid='21333586' user='Graxx' visible='true' version='2' changeset='150342320' lat='23.2101199' lon='72.6852232' />
  <node id='10582434743' timestamp='2023-01-25T18:59:48Z' uid='18353822' user='futuretale200' visible='true' version='1' changeset='131707491' lat='23.2086776' lon='72.685083' />
  <node id='10582434744' timestamp='2023-01-25T18:59:48Z' uid='18353822' user='futuretale200' visible='true' version='1' changeset='131707491' lat='23.2086246' lon='72.6850204' />
  <node id='10582434745' timestamp='2023-01-25T18:59:48Z' uid='18353822' user='futuretale200' visible='true' version='1' changeset='131707491' lat='23.2085647' lon='72.6850028' />
  <node id='10582434746' timestamp='2023-01-25T18:59:48Z' uid='18353822' user='futuretale200' visible='true' version='1' changeset='131707491' lat='23.2075649' lon='72.6850078' />
  <node id='10582434747' timestamp='2023-01-25T18:59:48Z' uid='18353822' user='futuretale200' visible='true' version='1' changeset='131707491' lat='23.2075211' lon='72.6849953' />
  <node id='10582434748' timestamp='2023-01-25T18:59:48Z' uid='18353822' user='futuretale200' visible='true' version='1' changeset='131707491' lat='23.2072903' lon='72.6848865' />
  <node id='10584776799' timestamp='2023-01-26T19:10:20Z' uid='322785' user='BCNorwich' visible='true' version='2' changeset='131744565' lat='23.2105492' lon='72.6843919' />
  <node id='10584776800' timestamp='2023-01-26T19:10:20Z' uid='322785' user='BCNorwich' visible='true' version='2' changeset='131744565' lat='23.2105855' lon='72.6843524' />
  <node id='10584776801' timestamp='2024-05-09T13:01:29Z' uid='18353822' user='futuretale200' visible='true' version='3' changeset='151099153' lat='23.2105479' lon='72.6844324' />
  <node id='10584776802' timestamp='2023-01-26T19:10:20Z' uid='322785' user='BCNorwich' visible='true' version='2' changeset='131744565' lat='23.2106546' lon='72.6844818' />
  <node id='10584795305' timestamp='2023-01-26T19:10:20Z' uid='322785' user='BCNorwich' visible='true' version='2' changeset='131744565' lat='23.2106723' lon='72.6844529' />
  <node id='10584795306' timestamp='2023-01-26T19:10:20Z' uid='322785' user='BCNorwich' visible='true' version='2' changeset='131744565' lat='23.2106728' lon='72.6844181' />
  <node id='10584795307' timestamp='2023-01-26T19:10:20Z' uid='322785' user='BCNorwich' visible='true' version='2' changeset='131744565' lat='23.210656' lon='72.6843886' />
  <node id='10585992135' timestamp='2023-01-27T06:24:14Z' uid='18353822' user='futuretale200' visible='true' version='1' changeset='131757824' lat='23.2141845' lon='72.6887842' />
  <node id='10585999806' timestamp='2024-05-09T12:30:44Z' uid='18353822' user='futuretale200' visible='true' version='2' changeset='151097668' lat='23.209918' lon='72.6847153' />
  <node id='10585999807' timestamp='2024-05-09T12:30:44Z' uid='18353822' user='futuretale200' visible='true' version='2' changeset='151097668' lat='23.2096424' lon='72.6847723' />
  <node id='10585999808' timestamp='2024-05-09T13:22:15Z' uid='18353822' user='futuretale200' visible='true' version='4' changeset='151100055' lat='23.209797' lon='72.6857948' />
  <node id='10585999809' timestamp='2024-05-09T13:22:15Z' uid='18353822' user='futuretale200' visible='true' version='5' changeset='151100055' lat='23.2097981' lon='72.6853959' />
  <node id='10585999810' timestamp='2024-05-09T13:22:15Z' uid='18353822' user='futuretale200' visible='true' version='4' changeset='151100055' lat='23.2098988' lon='72.6853962' />
  <node id='10585999811' timestamp='2024-05-09T13:22:15Z' uid='18353822' user='futuretale200' visible='true' version='4' changeset='151100055' lat='23.2096531' lon='72.6856859' />
  <node id='10585999812' timestamp='2024-05-09T13:22:15Z' uid='18353822' user='futuretale200' visible='true' version='5' changeset='151100055' lat='23.2096164' lon='72.6856858' />
  <node id='10585999813' timestamp='2024-05-09T13:58:48Z' uid='18353822' user='futuretale200' visible='true' version='2' changeset='151101924' lat='23.2123755' lon='72.6832067' />
  <node id='10585999814' timestamp='2024-05-09T13:58:48Z' uid='18353822' user='futuretale200' visible='true' version='2' changeset='151101924' lat='23.2116156' lon='72.6826402' />
  <node id='10585999815' timestamp='2024-05-09T13:58:48Z' uid='18353822' user='futuretale200' visible='true' version='3' changeset='151101924' lat='23.2117526' lon='72.682632' />
  <node id='10585999816' timestamp='2024-05-09T13:22:15Z' uid='18353822' user='futuretale200' visible='true' version='2' changeset='151100055' lat='23.210508' lon='72.6855653' />
  <node id='10585999817' timestamp='2024-05-09T13:22:15Z' uid='18353822' user='futuretale200' visible='true' version='2' changeset='151100055' lat='23.2105503' lon='72.685455' />
  <node id='10585999818' timestamp='2024-05-09T13:22:15Z' uid='18353822' user='futuretale200' visible='true' version='2' changeset='151100055' lat='23.2105781' lon='72.6854178' />
  <node id='10585999820' timestamp='2024-05-09T13:22:15Z' uid='18353822' user='futuretale200' visible='true' version='2' changeset='151100055' lat='23.2116045' lon='72.6889635' />
  <node id='10585999821' timestamp='2024-05-09T13:22:15Z' uid='18353822' user='futuretale200' visible='true' version='2' changeset='151100055' lat='23.211591' lon='72.6886247' />
  <node id='10585999822' timestamp='2024-05-09T13:22:15Z' uid='18353822' user='futuretale200' visible='true' version='2' changeset='151100055' lat='23.2113524' lon='72.6889765' />
  <node id='10649552776' timestamp='2024-05-09T13:22:15Z' uid='18353822' user='futuretale200' visible='true' version='2' changeset='151100055' lat='23.2115751' lon='72.6891164' />
  <node id='10649552777' timestamp='2024-05-09T13:22:15Z' uid='18353822' user='futuretale200' visible='true' version='2' changeset='151100055' lat='23.2119212' lon='72.6892903' />
  <node id='10660475350' timestamp='2023-02-15T06:13:37Z' uid='18353822' user='futuretale200' visible='true' version='1' changeset='132565283' lat='23.2070476' lon='72.6852416' />
  <node id='10660475351' timestamp='2023-02-15T06:13:37Z' uid='18353822' user='futuretale200' visible='true' version='1' changeset='132565283' lat='23.2052304' lon='72.683502' />
  <node id='10660475352' timestamp='2024-05-09T14:25:56Z' uid='18353822' user='futuretale200' visible='true' version='2' changeset='151103252' lat='23.2050261' lon='72.6841738' />
  <node id='10660475353' timestamp='2024-05-09T14:25:56Z' uid='18353822' user='futuretale200' visible='true' version='2' changeset='151103252' lat='23.2065446' lon='72.6856506' />
  <node id='10660475354' timestamp='2024-05-09T14:25:56Z' uid='18353822' user='futuretale200' visible='true' version='2' changeset='151103252' lat='23.2066812' lon='72.6856228' />
  <node id='10660475355' timestamp='2024-05-09T14:25:56Z' uid='18353822' user='futuretale200' visible='true' version='2' changeset='151103252' lat='23.2066942' lon='72.6856983' />
  <node id='10660475356' timestamp='2024-05-09T14:25:56Z' uid='18353822' user='futuretale200' visible='true' version='2' changeset='151103252' lat='23.2066255' lon='72.6857123' />
  <node id='10660475357' timestamp='2024-05-09T14:25:56Z' uid='18353822' user='futuretale200' visible='true' version='2' changeset='151103252' lat='23.2066425' lon='72.6858114' />
  <node id='10660475358' timestamp='2024-05-09T14:25:56Z' uid='18353822' user='futuretale200' visible='true' version='2' changeset='151103252' lat='23.2064588' lon='72.685842' />
  <node id='10660475359' timestamp='2024-05-09T14:25:56Z' uid='18353822' user='futuretale200' visible='true' version='2' changeset='151103252' lat='23.2064476' lon='72.6857928' />
  <node id='10660475360' timestamp='2024-05-09T14:25:56Z' uid='18353822' user='futuretale200' visible='true' version='2' changeset='151103252' lat='23.2064098' lon='72.6857678' />
  <node id='10660475361' timestamp='2024-05-09T14:25:56Z' uid='18353822' user='futuretale200' visible='true' version='2' changeset='151103252' lat='23.2063677' lon='72.6858372' />
  <node id='10660475362' timestamp='2024-05-09T14:25:56Z' uid='18353822' user='futuretale200' visible='true' version='2' changeset='151103252' lat='23.2061921' lon='72.685711' />
  <node id='10660475363' timestamp='2024-05-09T14:25:56Z' uid='18353822' user='futuretale200' visible='true' version='2' changeset='151103252' lat='23.2064156' lon='72.6854505' />
  <node id='10660475364' timestamp='2024-05-09T14:25:56Z' uid='18353822' user='futuretale200' visible='true' version='2' changeset='151103252' lat='23.2065141' lon='72.6857457' />
  <node id='11675883924' timestamp='2024-02-29T06:46:33Z' uid='16275581' user='ompatekar' visible='true' version='1' changeset='148038251' lat='23.2165029' lon='72.6872245' />
  <node id='11675883925' timestamp='2024-02-29T06:46:33Z' uid='16275581' user='ompatekar' visible='true' version='1' changeset='148038251' lat='23.2165108' lon='72.6870734' />
  <node id='11675883926' timestamp='2024-02-29T06:46:33Z' uid='16275581' user='ompatekar' visible='true' version='1' changeset='148038251' lat='23.2162954' lon='72.6873039' />
  <node id='11675883927' timestamp='2024-02-29T06:46:33Z' uid='16275581' user='ompatekar' visible='true' version='1' changeset='148038251' lat='23.2164171' lon='72.6870829' />
  <node id='11675883928' timestamp='2024-02-29T06:46:33Z' uid='16275581' user='ompatekar' visible='true' version='1' changeset='148038251' lat='23.2163734' lon='72.6870887' />
  <node id='11675883929' timestamp='2024-02-29T06:46:33Z' uid='16275581' user='ompatekar' visible='true' version='1' changeset='148038251' lat='23.2163225' lon='72.6871684' />
  <node id='11675883930' timestamp='2024-02-29T06:46:33Z' uid='16275581' user='ompatekar' visible='true' version='1' changeset='148038251' lat='23.2165422' lon='72.6868296' />
  <node id='11675883931' timestamp='2024-02-29T06:46:33Z' uid='16275581' user='ompatekar' visible='true' version='1' changeset='148038251' lat='23.2163252' lon='72.6872358' />
  <node id='11675883935' timestamp='2024-02-29T06:46:33Z' uid='16275581' user='ompatekar' visible='true' version='1' changeset='148038251' lat='23.2122564' lon='72.6832549' />
  <node id='11675883936' timestamp='2024-02-29T06:46:33Z' uid='16275581' user='ompatekar' visible='true' version='1' changeset='148038251' lat='23.2122565' lon='72.6833837' />
  <node id='11675883937' timestamp='2024-02-29T06:46:33Z' uid='16275581' user='ompatekar' visible='true' version='1' changeset='148038251' lat='23.2122733' lon='72.6834162' />
  <node id='11675883938' timestamp='2024-02-29T06:46:33Z' uid='16275581' user='ompatekar' visible='true' version='1' changeset='148038251' lat='23.2122976' lon='72.6834345' />
  <node id='11675883939' timestamp='2024-02-29T06:46:33Z' uid='16275581' user='ompatekar' visible='true' version='1' changeset='148038251' lat='23.2123144' lon='72.6834711' />
  <node id='11675883940' timestamp='2024-02-29T06:46:33Z' uid='16275581' user='ompatekar' visible='true' version='1' changeset='148038251' lat='23.2123218' lon='72.6837028' />
  <node id='11675883941' timestamp='2024-02-29T06:46:33Z' uid='16275581' user='ompatekar' visible='true' version='1' changeset='148038251' lat='23.2123424' lon='72.6837313' />
  <node id='11675883942' timestamp='2024-02-29T06:46:33Z' uid='16275581' user='ompatekar' visible='true' version='1' changeset='148038251' lat='23.2123891' lon='72.6837414' />
  <node id='11675883943' timestamp='2024-02-29T06:46:33Z' uid='16275581' user='ompatekar' visible='true' version='1' changeset='148038251' lat='23.2127926' lon='72.6837292' />
  <node id='11675883944' timestamp='2024-02-29T06:46:33Z' uid='16275581' user='ompatekar' visible='true' version='1' changeset='148038251' lat='23.2128076' lon='72.684089' />
  <node id='11675883945' timestamp='2024-02-29T06:46:33Z' uid='16275581' user='ompatekar' visible='true' version='1' changeset='148038251' lat='23.2127889' lon='72.6834121' />
  <node id='11675883946' timestamp='2024-02-29T06:46:33Z' uid='16275581' user='ompatekar' visible='true' version='1' changeset='148038251' lat='23.2127908' lon='72.6835706' />
  <node id='11675883947' timestamp='2024-02-29T06:46:33Z' uid='16275581' user='ompatekar' visible='true' version='1' changeset='148038251' lat='23.2123178' lon='72.6835787' />
  <node id='11675883948' timestamp='2024-05-09T14:25:56Z' uid='18353822' user='futuretale200' visible='true' version='2' changeset='151103252' lat='23.2061545' lon='72.684729' />
  <node id='11675883949' timestamp='2024-02-29T06:46:33Z' uid='16275581' user='ompatekar' visible='true' version='1' changeset='148038251' lat='23.2067428' lon='72.6847084' />
  <node id='11675883950' timestamp='2024-02-29T06:46:33Z' uid='16275581' user='ompatekar' visible='true' version='1' changeset='148038251' lat='23.2067764' lon='72.6846637' />
  <node id='11675883951' timestamp='2024-02-29T06:46:33Z' uid='16275581' user='ompatekar' visible='true' version='1' changeset='148038251' lat='23.2067951' lon='72.6845661' />
  <node id='11675883952' timestamp='2024-02-29T06:46:33Z' uid='16275581' user='ompatekar' visible='true' version='1' changeset='148038251' lat='23.2068063' lon='72.6842775' />
  <node id='11675883953' timestamp='2024-02-29T06:46:33Z' uid='16275581' user='ompatekar' visible='true' version='1' changeset='148038251' lat='23.2083664' lon='72.6821848'>
    <tag k='access' v='private' />
    <tag k='barrier' v='gate' />
  </node>
  <node id='11675883954' timestamp='2024-02-29T06:46:33Z' uid='16275581' user='ompatekar' visible='true' version='1' changeset='148038251' lat='23.2084874' lon='72.6820965' />
  <node id='11675883955' timestamp='2024-02-29T06:46:33Z' uid='16275581' user='ompatekar' visible='true' version='1' changeset='148038251' lat='23.2085389' lon='72.6820358' />
  <node id='11675883956' timestamp='2024-02-29T06:46:33Z' uid='16275581' user='ompatekar' visible='true' version='1' changeset='148038251' lat='23.2085947' lon='72.6819868' />
  <node id='11675883957' timestamp='2024-02-29T06:46:33Z' uid='16275581' user='ompatekar' visible='true' version='1' changeset='148038251' lat='23.2086526' lon='72.6819518' />
  <node id='11675883958' timestamp='2024-02-29T06:46:33Z' uid='16275581' user='ompatekar' visible='true' version='1' changeset='148038251' lat='23.2087299' lon='72.6819214' />
  <node id='11675883959' timestamp='2024-02-29T06:46:33Z' uid='16275581' user='ompatekar' visible='true' version='1' changeset='148038251' lat='23.2088651' lon='72.6819051' />
  <node id='11675883960' timestamp='2024-02-29T06:46:33Z' uid='16275581' user='ompatekar' visible='true' version='1' changeset='148038251' lat='23.2093243' lon='72.6818957' />
  <node id='11675883961' timestamp='2024-02-29T06:46:33Z' uid='16275581' user='ompatekar' visible='true' version='1' changeset='148038251' lat='23.2093545' lon='72.6818954' />
  <node id='11675883962' timestamp='2024-02-29T06:46:33Z' uid='16275581' user='ompatekar' visible='true' version='1' changeset='148038251' lat='23.2093639' lon='72.6818598' />
  <node id='11675883963' timestamp='2024-02-29T06:46:33Z' uid='16275581' user='ompatekar' visible='true' version='1' changeset='148038251' lat='23.2093826' lon='72.681807' />
  <node id='11675883964' timestamp='2024-02-29T06:46:33Z' uid='16275581' user='ompatekar' visible='true' version='1' changeset='148038251' lat='23.2094034' lon='72.6817583' />
  <node id='11675883965' timestamp='2024-02-29T06:46:33Z' uid='16275581' user='ompatekar' visible='true' version='1' changeset='148038251' lat='23.2094329' lon='72.6817112' />
  <node id='11675883966' timestamp='2024-02-29T06:46:33Z' uid='16275581' user='ompatekar' visible='true' version='1' changeset='148038251' lat='23.2094662' lon='72.6816703' />
  <node id='11675883967' timestamp='2024-02-29T06:46:33Z' uid='16275581' user='ompatekar' visible='true' version='1' changeset='148038251' lat='23.209507' lon='72.6816342' />
  <node id='11675883968' timestamp='2024-02-29T06:46:33Z' uid='16275581' user='ompatekar' visible='true' version='1' changeset='148038251' lat='23.2095456' lon='72.6816096' />
  <node id='11675887769' timestamp='2024-02-29T06:46:33Z' uid='16275581' user='ompatekar' visible='true' version='1' changeset='148038251' lat='23.2095939' lon='72.6815863' />
  <node id='11675887770' timestamp='2024-02-29T06:46:33Z' uid='16275581' user='ompatekar' visible='true' version='1' changeset='148038251' lat='23.2096422' lon='72.6815727' />
  <node id='11675887771' timestamp='2024-02-29T06:46:33Z' uid='16275581' user='ompatekar' visible='true' version='1' changeset='148038251' lat='23.2096967' lon='72.6815673' />
  <node id='11675887772' timestamp='2024-02-29T06:46:33Z' uid='16275581' user='ompatekar' visible='true' version='1' changeset='148038251' lat='23.2098756' lon='72.6815603' />
  <node id='11675887773' timestamp='2024-02-29T06:46:33Z' uid='16275581' user='ompatekar' visible='true' version='1' changeset='148038251' lat='23.2104534' lon='72.6815466' />
  <node id='11675887774' timestamp='2024-02-29T06:46:33Z' uid='16275581' user='ompatekar' visible='true' version='1' changeset='148038251' lat='23.2117185' lon='72.6815352' />
  <node id='11675887775' timestamp='2024-02-29T06:46:33Z' uid='16275581' user='ompatekar' visible='true' version='1' changeset='148038251' lat='23.211766' lon='72.6815357' />
  <node id='11675887776' timestamp='2024-02-29T06:46:33Z' uid='16275581' user='ompatekar' visible='true' version='1' changeset='148038251' lat='23.2117869' lon='72.6815411' />
  <node id='11675887777' timestamp='2024-02-29T06:46:33Z' uid='16275581' user='ompatekar' visible='true' version='1' changeset='148038251' lat='23.2118153' lon='72.6815598' />
  <node id='11675887778' timestamp='2024-02-29T06:46:33Z' uid='16275581' user='ompatekar' visible='true' version='1' changeset='148038251' lat='23.2118892' lon='72.6816322' />
  <node id='11675887779' timestamp='2024-02-29T06:46:33Z' uid='16275581' user='ompatekar' visible='true' version='1' changeset='148038251' lat='23.2124509' lon='72.6821801' />
  <node id='11675887780' timestamp='2024-02-29T06:46:33Z' uid='16275581' user='ompatekar' visible='true' version='1' changeset='148038251' lat='23.213202' lon='72.6828993' />
  <node id='11675887781' timestamp='2024-02-29T06:46:33Z' uid='16275581' user='ompatekar' visible='true' version='1' changeset='148038251' lat='23.2134938' lon='72.6831795' />
  <node id='11675887783' timestamp='2024-05-09T11:52:59Z' uid='18353822' user='futuretale200' visible='true' version='2' changeset='151096112' lat='23.2132721' lon='72.6860851' />
  <node id='11675887784' timestamp='2024-05-09T14:25:56Z' uid='18353822' user='futuretale200' visible='true' version='2' changeset='151103252' lat='23.204982' lon='72.6850052'>
    <tag k='access' v='private' />
    <tag k='barrier' v='gate' />
    <tag k='bicycle' v='yes' />
    <tag k='horse' v='no' />
    <tag k='locked' v='no' />
    <tag k='motor_vehicle' v='no' />
    <tag k='wheelchair' v='yes' />
  </node>
  <node id='11675887785' timestamp='2024-02-29T06:46:33Z' uid='16275581' user='ompatekar' visible='true' version='1' changeset='148038251' lat='23.2104259' lon='72.69033' />
  <node id='11821098066' timestamp='2024-04-16T06:18:59Z' uid='21016669' user='apurvawagh' visible='true' version='1' changeset='150067460' lat='23.2184073' lon='72.6946847' />
  <node id='11837283198' timestamp='2024-05-09T12:30:44Z' uid='18353822' user='futuretale200' visible='true' version='2' changeset='151097668' lat='23.2093956' lon='72.6846348' />
  <node id='11837283199' timestamp='2024-05-09T13:01:29Z' uid='18353822' user='futuretale200' visible='true' version='3' changeset='151099153' lat='23.2093338' lon='72.6847139' />
  <node id='11837283200' timestamp='2024-05-09T12:30:44Z' uid='18353822' user='futuretale200' visible='true' version='2' changeset='151097668' lat='23.2100352' lon='72.6856381' />
  <node id='11837283201' timestamp='2024-05-09T13:01:29Z' uid='18353822' user='futuretale200' visible='true' version='2' changeset='151099153' lat='23.210152' lon='72.6838505' />
  <node id='11837283202' timestamp='2024-05-09T13:01:29Z' uid='18353822' user='futuretale200' visible='true' version='2' changeset='151099153' lat='23.210165' lon='72.6846719' />
  <node id='11837283203' timestamp='2024-05-09T13:01:29Z' uid='18353822' user='futuretale200' visible='true' version='2' changeset='151099153' lat='23.2101597' lon='72.684721' />
  <node id='11837283205' timestamp='2024-05-09T13:01:29Z' uid='18353822' user='futuretale200' visible='true' version='2' changeset='151099153' lat='23.2102624' lon='72.6849806' />
  <node id='11837283206' timestamp='2024-05-09T13:01:29Z' uid='18353822' user='futuretale200' visible='true' version='2' changeset='151099153' lat='23.2102533' lon='72.6847172' />
  <node id='11837283209' timestamp='2024-05-09T13:01:29Z' uid='18353822' user='futuretale200' visible='true' version='2' changeset='151099153' lat='23.2105785' lon='72.684679' />
  <node id='11837283210' timestamp='2024-05-09T13:01:29Z' uid='18353822' user='futuretale200' visible='true' version='2' changeset='151099153' lat='23.2103763' lon='72.684481' />
  <node id='11837283211' timestamp='2024-05-09T13:01:29Z' uid='18353822' user='futuretale200' visible='true' version='2' changeset='151099153' lat='23.2105074' lon='72.6847242' />
  <node id='11837283212' timestamp='2024-05-09T13:01:29Z' uid='18353822' user='futuretale200' visible='true' version='2' changeset='151099153' lat='23.2105288' lon='72.6849864' />
  <node id='11837283213' timestamp='2024-05-09T13:01:29Z' uid='18353822' user='futuretale200' visible='true' version='2' changeset='151099153' lat='23.2105632' lon='72.6849856' />
  <node id='11891256020' timestamp='2024-05-09T13:01:29Z' uid='18353822' user='futuretale200' visible='true' version='2' changeset='151099153' lat='23.2137249' lon='72.6864055' />
  <node id='11891256021' timestamp='2024-05-09T13:01:29Z' uid='18353822' user='futuretale200' visible='true' version='2' changeset='151099153' lat='23.2137339' lon='72.6866998' />
  <node id='11891256022' timestamp='2024-05-09T13:01:29Z' uid='18353822' user='futuretale200' visible='true' version='2' changeset='151099153' lat='23.2135562' lon='72.6867062' />
  <node id='11891256023' timestamp='2024-05-09T13:01:29Z' uid='18353822' user='futuretale200' visible='true' version='2' changeset='151099153' lat='23.2135707' lon='72.6871846' />
  <node id='11891256024' timestamp='2024-05-09T13:01:29Z' uid='18353822' user='futuretale200' visible='true' version='2' changeset='151099153' lat='23.2136046' lon='72.6871834' />
  <node id='11891256025' timestamp='2024-05-09T11:52:59Z' uid='18353822' user='futuretale200' visible='true' version='1' changeset='151096112' lat='23.2136153' lon='72.6875432' />
  <node id='11891256026' timestamp='2024-05-09T11:52:59Z' uid='18353822' user='futuretale200' visible='true' version='1' changeset='151096112' lat='23.213637' lon='72.687557' />
  <node id='11891256027' timestamp='2024-05-09T13:01:29Z' uid='18353822' user='futuretale200' visible='true' version='2' changeset='151099153' lat='23.213642' lon='72.6876953' />
  <node id='11891256028' timestamp='2024-05-09T13:01:29Z' uid='18353822' user='futuretale200' visible='true' version='2' changeset='151099153' lat='23.2133547' lon='72.6877076' />
  <node id='11891256029' timestamp='2024-05-09T13:01:29Z' uid='18353822' user='futuretale200' visible='true' version='2' changeset='151099153' lat='23.2133494' lon='72.6875599' />
  <node id='11891256030' timestamp='2024-05-09T13:01:29Z' uid='18353822' user='futuretale200' visible='true' version='2' changeset='151099153' lat='23.2134108' lon='72.6875573' />
  <node id='11891256031' timestamp='2024-05-09T13:01:29Z' uid='18353822' user='futuretale200' visible='true' version='2' changeset='151099153' lat='23.2134' lon='72.6872513' />
  <node id='11891256032' timestamp='2024-05-09T13:01:29Z' uid='18353822' user='futuretale200' visible='true' version='2' changeset='151099153' lat='23.2134629' lon='72.6872487' />
  <node id='11891256033' timestamp='2024-05-09T13:01:29Z' uid='18353822' user='futuretale200' visible='true' version='2' changeset='151099153' lat='23.213458' lon='72.6871061' />
  <node id='11891256034' timestamp='2024-05-09T13:01:29Z' uid='18353822' user='futuretale200' visible='true' version='2' changeset='151099153' lat='23.2133718' lon='72.6871095' />
  <node id='11891256035' timestamp='2024-05-09T13:01:29Z' uid='18353822' user='futuretale200' visible='true' version='2' changeset='151099153' lat='23.2133642' lon='72.6868804' />
  <node id='11891256036' timestamp='2024-05-09T13:01:29Z' uid='18353822' user='futuretale200' visible='true' version='2' changeset='151099153' lat='23.2134283' lon='72.6868779' />
  <node id='11891256037' timestamp='2024-05-09T13:01:29Z' uid='18353822' user='futuretale200' visible='true' version='2' changeset='151099153' lat='23.2134241' lon='72.686749' />
  <node id='11891256038' timestamp='2024-05-09T13:01:29Z' uid='18353822' user='futuretale200' visible='true' version='2' changeset='151099153' lat='23.2133585' lon='72.6867514' />
  <node id='11891256039' timestamp='2024-05-09T13:01:29Z' uid='18353822' user='futuretale200' visible='true' version='2' changeset='151099153' lat='23.2139157' lon='72.6867702' />
  <node id='11891256040' timestamp='2024-05-09T13:01:29Z' uid='18353822' user='futuretale200' visible='true' version='2' changeset='151099153' lat='23.2139156' lon='72.6869213' />
  <node id='11891256041' timestamp='2024-05-09T13:01:29Z' uid='18353822' user='futuretale200' visible='true' version='2' changeset='151099153' lat='23.2139469' lon='72.6869214' />
  <node id='11891256042' timestamp='2024-05-09T13:01:29Z' uid='18353822' user='futuretale200' visible='true' version='2' changeset='151099153' lat='23.2139464' lon='72.6871719' />
  <node id='11891256043' timestamp='2024-05-09T13:01:29Z' uid='18353822' user='futuretale200' visible='true' version='2' changeset='151099153' lat='23.2139934' lon='72.687172' />
  <node id='11891256044' timestamp='2024-05-09T11:52:59Z' uid='18353822' user='futuretale200' visible='true' version='1' changeset='151096112' lat='23.2139929' lon='72.6873919' />
  <node id='11891256045' timestamp='2024-05-09T11:52:59Z' uid='18353822' user='futuretale200' visible='true' version='1' changeset='151096112' lat='23.2137456' lon='72.6876399' />
  <node id='11891256046' timestamp='2024-05-09T13:01:29Z' uid='18353822' user='futuretale200' visible='true' version='2' changeset='151099153' lat='23.213743' lon='72.6871727' />
  <node id='11891256047' timestamp='2024-05-09T13:01:29Z' uid='18353822' user='futuretale200' visible='true' version='2' changeset='151099153' lat='23.2137883' lon='72.6871725' />
  <node id='11891256048' timestamp='2024-05-09T13:01:29Z' uid='18353822' user='futuretale200' visible='true' version='2' changeset='151099153' lat='23.2137881' lon='72.6871229' />
  <node id='11891256049' timestamp='2024-05-09T13:01:29Z' uid='18353822' user='futuretale200' visible='true' version='2' changeset='151099153' lat='23.2137107' lon='72.6871233' />
  <node id='11891256050' timestamp='2024-05-09T13:01:29Z' uid='18353822' user='futuretale200' visible='true' version='2' changeset='151099153' lat='23.2137099' lon='72.6869258' />
  <node id='11891256051' timestamp='2024-05-09T13:01:29Z' uid='18353822' user='futuretale200' visible='true' version='2' changeset='151099153' lat='23.2137393' lon='72.6869257' />
  <node id='11891256052' timestamp='2024-05-09T13:01:29Z' uid='18353822' user='futuretale200' visible='true' version='2' changeset='151099153' lat='23.2137391' lon='72.6868334' />
  <node id='11891256053' timestamp='2024-05-09T13:01:29Z' uid='18353822' user='futuretale200' visible='true' version='2' changeset='151099153' lat='23.213757' lon='72.6868334' />
  <node id='11891256054' timestamp='2024-05-09T13:01:29Z' uid='18353822' user='futuretale200' visible='true' version='2' changeset='151099153' lat='23.213757' lon='72.6867701' />
  <node id='11891256055' timestamp='2024-05-09T13:01:29Z' uid='18353822' user='futuretale200' visible='true' version='2' changeset='151099153' lat='23.2139413' lon='72.6864095' />
  <node id='11891256056' timestamp='2024-05-09T13:01:29Z' uid='18353822' user='futuretale200' visible='true' version='2' changeset='151099153' lat='23.2142529' lon='72.6863997' />
  <node id='11891256057' timestamp='2024-05-09T13:01:29Z' uid='18353822' user='futuretale200' visible='true' version='2' changeset='151099153' lat='23.2142598' lon='72.6866608' />
  <node id='11891256058' timestamp='2024-05-09T13:01:29Z' uid='18353822' user='futuretale200' visible='true' version='2' changeset='151099153' lat='23.2143216' lon='72.6866589' />
  <node id='11891256059' timestamp='2024-05-09T11:52:59Z' uid='18353822' user='futuretale200' visible='true' version='1' changeset='151096112' lat='23.2143323' lon='72.6870618' />
  <node id='11891256060' timestamp='2024-05-09T11:52:59Z' uid='18353822' user='futuretale200' visible='true' version='1' changeset='151096112' lat='23.2140885' lon='72.687299' />
  <node id='11891256061' timestamp='2024-05-09T13:01:29Z' uid='18353822' user='futuretale200' visible='true' version='2' changeset='151099153' lat='23.2140767' lon='72.6868609' />
  <node id='11891256062' timestamp='2024-05-09T13:01:29Z' uid='18353822' user='futuretale200' visible='true' version='2' changeset='151099153' lat='23.2139715' lon='72.6868642' />
  <node id='11891256063' timestamp='2024-05-09T13:01:29Z' uid='18353822' user='futuretale200' visible='true' version='2' changeset='151099153' lat='23.21397' lon='72.6868079' />
  <node id='11891256064' timestamp='2024-05-09T13:01:29Z' uid='18353822' user='futuretale200' visible='true' version='2' changeset='151099153' lat='23.2140461' lon='72.6868054' />
  <node id='11891256065' timestamp='2024-05-09T13:01:29Z' uid='18353822' user='futuretale200' visible='true' version='2' changeset='151099153' lat='23.2140424' lon='72.6866646' />
  <node id='11891256066' timestamp='2024-05-09T13:01:29Z' uid='18353822' user='futuretale200' visible='true' version='2' changeset='151099153' lat='23.2139482' lon='72.6866676' />
  <node id='11891256067' timestamp='2024-05-09T13:01:29Z' uid='18353822' user='futuretale200' visible='true' version='2' changeset='151099153' lat='23.2143768' lon='72.686386' />
  <node id='11891256068' timestamp='2024-05-09T13:01:29Z' uid='18353822' user='futuretale200' visible='true' version='2' changeset='151099153' lat='23.2145251' lon='72.6863796' />
  <node id='11891259169' timestamp='2024-05-09T13:01:29Z' uid='18353822' user='futuretale200' visible='true' version='2' changeset='151099153' lat='23.214526' lon='72.6864048' />
  <node id='11891259170' timestamp='2024-05-09T11:52:59Z' uid='18353822' user='futuretale200' visible='true' version='1' changeset='151096112' lat='23.214831' lon='72.6863916' />
  <node id='11891259171' timestamp='2024-05-09T11:52:59Z' uid='18353822' user='futuretale200' visible='true' version='1' changeset='151096112' lat='23.2148912' lon='72.6864559' />
  <node id='11891259172' timestamp='2024-05-09T11:52:59Z' uid='18353822' user='futuretale200' visible='true' version='1' changeset='151096112' lat='23.2149316' lon='72.6864592' />
  <node id='11891259173' timestamp='2024-05-09T13:01:29Z' uid='18353822' user='futuretale200' visible='true' version='2' changeset='151099153' lat='23.2148215' lon='72.686573' />
  <node id='11891259174' timestamp='2024-05-09T11:52:59Z' uid='18353822' user='futuretale200' visible='true' version='1' changeset='151096112' lat='23.214902' lon='72.6866652' />
  <node id='11891259175' timestamp='2024-05-09T13:01:29Z' uid='18353822' user='futuretale200' visible='true' version='2' changeset='151099153' lat='23.2150018' lon='72.6866639' />
  <node id='11891259176' timestamp='2024-05-09T13:01:29Z' uid='18353822' user='futuretale200' visible='true' version='2' changeset='151099153' lat='23.2150043' lon='72.6868901' />
  <node id='11891259177' timestamp='2024-05-09T13:01:29Z' uid='18353822' user='futuretale200' visible='true' version='2' changeset='151099153' lat='23.2149577' lon='72.6868907' />
  <node id='11891259178' timestamp='2024-05-09T13:01:29Z' uid='18353822' user='futuretale200' visible='true' version='2' changeset='151099153' lat='23.2149586' lon='72.6869759' />
  <node id='11891259179' timestamp='2024-05-09T13:01:29Z' uid='18353822' user='futuretale200' visible='true' version='2' changeset='151099153' lat='23.214879' lon='72.6869769' />
  <node id='11891259180' timestamp='2024-05-09T13:01:29Z' uid='18353822' user='futuretale200' visible='true' version='2' changeset='151099153' lat='23.2148793' lon='72.6870084' />
  <node id='11891259181' timestamp='2024-05-09T13:01:29Z' uid='18353822' user='futuretale200' visible='true' version='2' changeset='151099153' lat='23.2146782' lon='72.687011' />
  <node id='11891259182' timestamp='2024-05-09T11:52:59Z' uid='18353822' user='futuretale200' visible='true' version='1' changeset='151096112' lat='23.2146772' lon='72.6869184' />
  <node id='11891259183' timestamp='2024-05-09T11:52:59Z' uid='18353822' user='futuretale200' visible='true' version='1' changeset='151096112' lat='23.2147354' lon='72.6868486' />
  <node id='11891259184' timestamp='2024-05-09T11:52:59Z' uid='18353822' user='futuretale200' visible='true' version='1' changeset='151096112' lat='23.214832' lon='72.6868508' />
  <node id='11891259185' timestamp='2024-05-09T13:01:29Z' uid='18353822' user='futuretale200' visible='true' version='2' changeset='151099153' lat='23.2148784' lon='72.6868989' />
  <node id='11891259186' timestamp='2024-05-09T13:01:29Z' uid='18353822' user='futuretale200' visible='true' version='2' changeset='151099153' lat='23.2149034' lon='72.6868703' />
  <node id='11891259187' timestamp='2024-05-09T11:52:59Z' uid='18353822' user='futuretale200' visible='true' version='1' changeset='151096112' lat='23.2148567' lon='72.6868218' />
  <node id='11891259188' timestamp='2024-05-09T11:52:59Z' uid='18353822' user='futuretale200' visible='true' version='1' changeset='151096112' lat='23.2148488' lon='72.686722' />
  <node id='11891259189' timestamp='2024-05-09T13:01:29Z' uid='18353822' user='futuretale200' visible='true' version='2' changeset='151099153' lat='23.2147649' lon='72.6866274' />
  <node id='11891259190' timestamp='2024-05-09T13:01:29Z' uid='18353822' user='futuretale200' visible='true' version='2' changeset='151099153' lat='23.2145692' lon='72.6868331' />
  <node id='11891259191' timestamp='2024-05-09T13:01:29Z' uid='18353822' user='futuretale200' visible='true' version='2' changeset='151099153' lat='23.214551' lon='72.6868126' />
  <node id='11891259192' timestamp='2024-05-09T11:52:59Z' uid='18353822' user='futuretale200' visible='true' version='1' changeset='151096112' lat='23.2143982' lon='72.6869731' />
  <node id='11891259193' timestamp='2024-05-09T13:43:16Z' uid='18353822' user='futuretale200' visible='true' version='2' changeset='151101124' lat='23.213323' lon='72.686043' />
  <node id='11891259194' timestamp='2024-05-09T11:52:59Z' uid='18353822' user='futuretale200' visible='true' version='1' changeset='151096112' lat='23.2151754' lon='72.6859476' />
  <node id='11891259195' timestamp='2024-05-09T13:43:16Z' uid='18353822' user='futuretale200' visible='true' version='2' changeset='151101124' lat='23.2158036' lon='72.6863653' />
  <node id='11891259196' timestamp='2024-05-09T13:43:16Z' uid='18353822' user='futuretale200' visible='true' version='2' changeset='151101124' lat='23.2152268' lon='72.6865822' />
  <node id='11891259197' timestamp='2024-05-09T13:43:16Z' uid='18353822' user='futuretale200' visible='true' version='3' changeset='151101124' lat='23.2158091' lon='72.686563' />
  <node id='11891259198' timestamp='2024-05-09T11:52:59Z' uid='18353822' user='futuretale200' visible='true' version='1' changeset='151096112' lat='23.2152766' lon='72.6863826' />
  <node id='11891259199' timestamp='2024-05-09T13:43:16Z' uid='18353822' user='futuretale200' visible='true' version='2' changeset='151101124' lat='23.2150195' lon='72.686589' />
  <node id='11891259200' timestamp='2024-05-09T13:43:16Z' uid='18353822' user='futuretale200' visible='true' version='2' changeset='151101124' lat='23.2150333' lon='72.6870845' />
  <node id='11891259201' timestamp='2024-05-09T11:52:59Z' uid='18353822' user='futuretale200' visible='true' version='1' changeset='151096112' lat='23.2146011' lon='72.6870988' />
  <node id='11891259202' timestamp='2024-05-09T11:52:59Z' uid='18353822' user='futuretale200' visible='true' version='1' changeset='151096112' lat='23.2137247' lon='72.6878423' />
  <node id='11891259203' timestamp='2024-05-09T11:52:59Z' uid='18353822' user='futuretale200' visible='true' version='1' changeset='151096112' lat='23.2146967' lon='72.6861505' />
  <node id='11891259204' timestamp='2024-05-09T13:01:29Z' uid='18353822' user='futuretale200' visible='true' version='2' changeset='151099153' lat='23.2133483' lon='72.6864192' />
  <node id='11891259205' timestamp='2024-05-09T11:52:59Z' uid='18353822' user='futuretale200' visible='true' version='1' changeset='151096112' lat='23.2151877' lon='72.6884448' />
  <node id='11891259206' timestamp='2024-05-09T13:01:29Z' uid='18353822' user='futuretale200' visible='true' version='2' changeset='151099153' lat='23.2154884' lon='72.6857147' />
  <node id='11891259207' timestamp='2024-05-09T13:01:29Z' uid='18353822' user='futuretale200' visible='true' version='2' changeset='151099153' lat='23.2154894' lon='72.6858115' />
  <node id='11891259208' timestamp='2024-05-09T11:52:59Z' uid='18353822' user='futuretale200' visible='true' version='1' changeset='151096112' lat='23.2152351' lon='72.6858145' />
  <node id='11891259209' timestamp='2024-05-09T11:52:59Z' uid='18353822' user='futuretale200' visible='true' version='1' changeset='151096112' lat='23.2151544' lon='72.6859218' />
  <node id='11891259210' timestamp='2024-05-09T11:52:59Z' uid='18353822' user='futuretale200' visible='true' version='1' changeset='151096112' lat='23.2151619' lon='72.6863219' />
  <node id='11891259211' timestamp='2024-05-09T11:52:59Z' uid='18353822' user='futuretale200' visible='true' version='1' changeset='151096112' lat='23.215274' lon='72.6864162' />
  <node id='11891259212' timestamp='2024-05-09T13:43:16Z' uid='18353822' user='futuretale200' visible='true' version='3' changeset='151101124' lat='23.2157709' lon='72.6863664' />
  <node id='11891259213' timestamp='2024-05-09T11:52:59Z' uid='18353822' user='futuretale200' visible='true' version='1' changeset='151096112' lat='23.2150543' lon='72.6864438' />
  <node id='11891259214' timestamp='2024-05-09T11:52:59Z' uid='18353822' user='futuretale200' visible='true' version='1' changeset='151096112' lat='23.2150693' lon='72.6858145' />
  <node id='11891259215' timestamp='2024-05-09T11:52:59Z' uid='18353822' user='futuretale200' visible='true' version='1' changeset='151096112' lat='23.2151724' lon='72.6857185' />
  <node id='11891259216' timestamp='2024-05-09T11:52:59Z' uid='18353822' user='futuretale200' visible='true' version='1' changeset='151096112' lat='23.2152642' lon='72.6858357' />
  <node id='11891259217' timestamp='2024-05-09T13:01:29Z' uid='18353822' user='futuretale200' visible='true' version='2' changeset='151099153' lat='23.2150565' lon='72.6863497' />
  <node id='11891270975' timestamp='2024-05-09T12:05:20Z' uid='18353822' user='futuretale200' visible='true' version='1' changeset='151096630' lat='23.2100434' lon='72.6834146' />
  <node id='11891270976' timestamp='2024-05-09T12:05:20Z' uid='18353822' user='futuretale200' visible='true' version='1' changeset='151096630' lat='23.2100446' lon='72.6834872' />
  <node id='11891270977' timestamp='2024-05-09T12:05:20Z' uid='18353822' user='futuretale200' visible='true' version='1' changeset='151096630' lat='23.210022' lon='72.6834807' />
  <node id='11891270978' timestamp='2024-05-09T12:05:20Z' uid='18353822' user='futuretale200' visible='true' version='1' changeset='151096630' lat='23.210022' lon='72.6836053' />
  <node id='11891270979' timestamp='2024-05-09T12:05:20Z' uid='18353822' user='futuretale200' visible='true' version='1' changeset='151096630' lat='23.2100053' lon='72.6836066' />
  <node id='11891270980' timestamp='2024-05-09T12:05:20Z' uid='18353822' user='futuretale200' visible='true' version='1' changeset='151096630' lat='23.2100089' lon='72.6836338' />
  <node id='11891270981' timestamp='2024-05-09T12:05:20Z' uid='18353822' user='futuretale200' visible='true' version='1' changeset='151096630' lat='23.2100256' lon='72.6836338' />
  <node id='11891270982' timestamp='2024-05-09T12:05:20Z' uid='18353822' user='futuretale200' visible='true' version='1' changeset='151096630' lat='23.2100271' lon='72.6836957' />
  <node id='11891270983' timestamp='2024-05-09T12:05:20Z' uid='18353822' user='futuretale200' visible='true' version='1' changeset='151096630' lat='23.2100289' lon='72.683765' />
  <node id='11891270984' timestamp='2024-05-09T12:05:20Z' uid='18353822' user='futuretale200' visible='true' version='1' changeset='151096630' lat='23.210018' lon='72.683765' />
  <node id='11891270985' timestamp='2024-05-09T12:05:20Z' uid='18353822' user='futuretale200' visible='true' version='1' changeset='151096630' lat='23.2100189' lon='72.6838653' />
  <node id='11891270986' timestamp='2024-05-09T12:05:20Z' uid='18353822' user='futuretale200' visible='true' version='1' changeset='151096630' lat='23.2100406' lon='72.683879' />
  <node id='11891270987' timestamp='2024-05-09T12:05:20Z' uid='18353822' user='futuretale200' visible='true' version='1' changeset='151096630' lat='23.2100406' lon='72.6839036' />
  <node id='11891270988' timestamp='2024-05-09T13:22:15Z' uid='18353822' user='futuretale200' visible='true' version='2' changeset='151100055' lat='23.2099779' lon='72.6839116' />
  <node id='11891270989' timestamp='2024-05-09T12:30:44Z' uid='18353822' user='futuretale200' visible='true' version='2' changeset='151097668' lat='23.2099717' lon='72.6838678' />
  <node id='11891270990' timestamp='2024-05-09T12:30:44Z' uid='18353822' user='futuretale200' visible='true' version='2' changeset='151097668' lat='23.2098997' lon='72.6838685' />
  <node id='11891270991' timestamp='2024-05-09T12:30:44Z' uid='18353822' user='futuretale200' visible='true' version='2' changeset='151097668' lat='23.2099036' lon='72.683903' />
  <node id='11891270992' timestamp='2024-05-09T12:05:20Z' uid='18353822' user='futuretale200' visible='true' version='1' changeset='151096630' lat='23.2097696' lon='72.6839056' />
  <node id='11891270993' timestamp='2024-05-09T12:05:20Z' uid='18353822' user='futuretale200' visible='true' version='1' changeset='151096630' lat='23.2097705' lon='72.6838505' />
  <node id='11891270994' timestamp='2024-05-09T12:05:20Z' uid='18353822' user='futuretale200' visible='true' version='1' changeset='151096630' lat='23.2097506' lon='72.6838535' />
  <node id='11891270995' timestamp='2024-05-09T12:05:20Z' uid='18353822' user='futuretale200' visible='true' version='1' changeset='151096630' lat='23.209756' lon='72.6838063' />
  <node id='11891270996' timestamp='2024-05-09T12:05:20Z' uid='18353822' user='futuretale200' visible='true' version='1' changeset='151096630' lat='23.2097144' lon='72.6838083' />
  <node id='11891270997' timestamp='2024-05-09T12:05:20Z' uid='18353822' user='futuretale200' visible='true' version='1' changeset='151096630' lat='23.2097235' lon='72.6837601' />
  <node id='11891270998' timestamp='2024-05-09T12:05:20Z' uid='18353822' user='futuretale200' visible='true' version='1' changeset='151096630' lat='23.2096855' lon='72.6837571' />
  <node id='11891270999' timestamp='2024-05-09T12:05:20Z' uid='18353822' user='futuretale200' visible='true' version='1' changeset='151096630' lat='23.2096882' lon='72.6837748' />
  <node id='11891271000' timestamp='2024-05-09T12:05:20Z' uid='18353822' user='futuretale200' visible='true' version='1' changeset='151096630' lat='23.209606' lon='72.6837797' />
  <node id='11891271001' timestamp='2024-05-09T12:05:20Z' uid='18353822' user='futuretale200' visible='true' version='1' changeset='151096630' lat='23.2095597' lon='72.6838522' />
  <node id='11891271002' timestamp='2024-05-09T12:05:20Z' uid='18353822' user='futuretale200' visible='true' version='1' changeset='151096630' lat='23.2095529' lon='72.68385' />
  <node id='11891271003' timestamp='2024-05-09T12:05:20Z' uid='18353822' user='futuretale200' visible='true' version='1' changeset='151096630' lat='23.2095207' lon='72.6838969' />
  <node id='11891271004' timestamp='2024-05-09T12:05:20Z' uid='18353822' user='futuretale200' visible='true' version='1' changeset='151096630' lat='23.2095231' lon='72.6838451' />
  <node id='11891271005' timestamp='2024-05-09T12:05:20Z' uid='18353822' user='futuretale200' visible='true' version='1' changeset='151096630' lat='23.2095118' lon='72.6838451' />
  <node id='11891271006' timestamp='2024-05-09T12:05:20Z' uid='18353822' user='futuretale200' visible='true' version='1' changeset='151096630' lat='23.2095101' lon='72.6838388' />
  <node id='11891271007' timestamp='2024-05-09T12:05:20Z' uid='18353822' user='futuretale200' visible='true' version='1' changeset='151096630' lat='23.2094803' lon='72.6838399' />
  <node id='11891271008' timestamp='2024-05-09T12:05:20Z' uid='18353822' user='futuretale200' visible='true' version='1' changeset='151096630' lat='23.2094779' lon='72.6837256' />
  <node id='11891271009' timestamp='2024-05-09T12:05:20Z' uid='18353822' user='futuretale200' visible='true' version='1' changeset='151096630' lat='23.209496' lon='72.6837244' />
  <node id='11891271010' timestamp='2024-05-09T12:05:20Z' uid='18353822' user='futuretale200' visible='true' version='1' changeset='151096630' lat='23.2094923' lon='72.6836853' />
  <node id='11891271011' timestamp='2024-05-09T12:05:20Z' uid='18353822' user='futuretale200' visible='true' version='1' changeset='151096630' lat='23.2094741' lon='72.6836861' />
  <node id='11891271012' timestamp='2024-05-09T12:05:20Z' uid='18353822' user='futuretale200' visible='true' version='1' changeset='151096630' lat='23.2094731' lon='72.6834264' />
  <node id='11891271013' timestamp='2024-05-09T12:05:20Z' uid='18353822' user='futuretale200' visible='true' version='1' changeset='151096630' lat='23.2095347' lon='72.6834257' />
  <node id='11891271014' timestamp='2024-05-09T12:05:20Z' uid='18353822' user='futuretale200' visible='true' version='1' changeset='151096630' lat='23.2095351' lon='72.683419' />
  <node id='11891271015' timestamp='2024-05-09T12:05:20Z' uid='18353822' user='futuretale200' visible='true' version='1' changeset='151096630' lat='23.2096028' lon='72.6834182' />
  <node id='11891271016' timestamp='2024-05-09T12:05:20Z' uid='18353822' user='futuretale200' visible='true' version='1' changeset='151096630' lat='23.2095768' lon='72.6834458' />
  <node id='11891271017' timestamp='2024-05-09T12:05:20Z' uid='18353822' user='futuretale200' visible='true' version='1' changeset='151096630' lat='23.2096107' lon='72.683483' />
  <node id='11891271018' timestamp='2024-05-09T12:05:20Z' uid='18353822' user='futuretale200' visible='true' version='1' changeset='151096630' lat='23.2095981' lon='72.6834927' />
  <node id='11891271019' timestamp='2024-05-09T12:05:20Z' uid='18353822' user='futuretale200' visible='true' version='1' changeset='151096630' lat='23.2096477' lon='72.6835318' />
  <node id='11891271020' timestamp='2024-05-09T12:05:20Z' uid='18353822' user='futuretale200' visible='true' version='1' changeset='151096630' lat='23.20961' lon='72.6835333' />
  <node id='11891271021' timestamp='2024-05-09T12:05:20Z' uid='18353822' user='futuretale200' visible='true' version='1' changeset='151096630' lat='23.2096111' lon='72.6837293' />
  <node id='11891271022' timestamp='2024-05-09T12:05:20Z' uid='18353822' user='futuretale200' visible='true' version='1' changeset='151096630' lat='23.2096234' lon='72.6837289' />
  <node id='11891271023' timestamp='2024-05-09T12:05:20Z' uid='18353822' user='futuretale200' visible='true' version='1' changeset='151096630' lat='23.2096227' lon='72.6837334' />
  <node id='11891271024' timestamp='2024-05-09T12:05:20Z' uid='18353822' user='futuretale200' visible='true' version='1' changeset='151096630' lat='23.209683' lon='72.6837308' />
  <node id='11891271025' timestamp='2024-05-09T12:05:20Z' uid='18353822' user='futuretale200' visible='true' version='1' changeset='151096630' lat='23.2096843' lon='72.683723' />
  <node id='11891271026' timestamp='2024-05-09T12:05:20Z' uid='18353822' user='futuretale200' visible='true' version='1' changeset='151096630' lat='23.2097018' lon='72.6837203' />
  <node id='11891271027' timestamp='2024-05-09T12:05:20Z' uid='18353822' user='futuretale200' visible='true' version='1' changeset='151096630' lat='23.2097011' lon='72.6836764' />
  <node id='11891271028' timestamp='2024-05-09T12:05:20Z' uid='18353822' user='futuretale200' visible='true' version='1' changeset='151096630' lat='23.2097121' lon='72.6836764' />
  <node id='11891271029' timestamp='2024-05-09T12:05:20Z' uid='18353822' user='futuretale200' visible='true' version='1' changeset='151096630' lat='23.2097059' lon='72.6835769' />
  <node id='11891271030' timestamp='2024-05-09T12:05:20Z' uid='18353822' user='futuretale200' visible='true' version='1' changeset='151096630' lat='23.2096905' lon='72.6835765' />
  <node id='11891271031' timestamp='2024-05-09T12:05:20Z' uid='18353822' user='futuretale200' visible='true' version='1' changeset='151096630' lat='23.2096878' lon='72.6835162' />
  <node id='11891271032' timestamp='2024-05-09T12:05:20Z' uid='18353822' user='futuretale200' visible='true' version='1' changeset='151096630' lat='23.2096744' lon='72.6835031' />
  <node id='11891271033' timestamp='2024-05-09T12:05:20Z' uid='18353822' user='futuretale200' visible='true' version='1' changeset='151096630' lat='23.2096741' lon='72.6834853' />
  <node id='11891271034' timestamp='2024-05-09T12:05:20Z' uid='18353822' user='futuretale200' visible='true' version='1' changeset='151096630' lat='23.2096857' lon='72.6834834' />
  <node id='11891271035' timestamp='2024-05-09T12:05:20Z' uid='18353822' user='futuretale200' visible='true' version='1' changeset='151096630' lat='23.209683' lon='72.6834447' />
  <node id='11891271036' timestamp='2024-05-09T12:05:20Z' uid='18353822' user='futuretale200' visible='true' version='1' changeset='151096630' lat='23.2098059' lon='72.6834406' />
  <node id='11891271037' timestamp='2024-05-09T12:05:20Z' uid='18353822' user='futuretale200' visible='true' version='1' changeset='151096630' lat='23.2098086' lon='72.6834674' />
  <node id='11891271038' timestamp='2024-05-09T12:05:20Z' uid='18353822' user='futuretale200' visible='true' version='1' changeset='151096630' lat='23.209796' lon='72.6834666' />
  <node id='11891271039' timestamp='2024-05-09T12:05:20Z' uid='18353822' user='futuretale200' visible='true' version='1' changeset='151096630' lat='23.2098011' lon='72.6835784' />
  <node id='11891271040' timestamp='2024-05-09T12:05:20Z' uid='18353822' user='futuretale200' visible='true' version='1' changeset='151096630' lat='23.2097929' lon='72.683578' />
  <node id='11891271041' timestamp='2024-05-09T12:05:20Z' uid='18353822' user='futuretale200' visible='true' version='1' changeset='151096630' lat='23.2097949' lon='72.6836712' />
  <node id='11891271042' timestamp='2024-05-09T12:05:20Z' uid='18353822' user='futuretale200' visible='true' version='1' changeset='151096630' lat='23.2098086' lon='72.6836708' />
  <node id='11891271043' timestamp='2024-05-09T12:05:20Z' uid='18353822' user='futuretale200' visible='true' version='1' changeset='151096630' lat='23.2098066' lon='72.6837926' />
  <node id='11891271044' timestamp='2024-05-09T12:05:20Z' uid='18353822' user='futuretale200' visible='true' version='1' changeset='151096630' lat='23.2098179' lon='72.6837919' />
  <node id='11891271045' timestamp='2024-05-09T12:05:20Z' uid='18353822' user='futuretale200' visible='true' version='1' changeset='151096630' lat='23.2098186' lon='72.6838023' />
  <node id='11891271046' timestamp='2024-05-09T12:05:20Z' uid='18353822' user='futuretale200' visible='true' version='1' changeset='151096630' lat='23.2098812' lon='72.6838016' />
  <node id='11891271047' timestamp='2024-05-09T12:05:20Z' uid='18353822' user='futuretale200' visible='true' version='1' changeset='151096630' lat='23.2098812' lon='72.6837919' />
  <node id='11891271048' timestamp='2024-05-09T12:05:20Z' uid='18353822' user='futuretale200' visible='true' version='1' changeset='151096630' lat='23.2098911' lon='72.6837908' />
  <node id='11891271049' timestamp='2024-05-09T12:05:20Z' uid='18353822' user='futuretale200' visible='true' version='1' changeset='151096630' lat='23.2098887' lon='72.6837665' />
  <node id='11891271050' timestamp='2024-05-09T12:05:20Z' uid='18353822' user='futuretale200' visible='true' version='1' changeset='151096630' lat='23.2099052' lon='72.6837643' />
  <node id='11891271051' timestamp='2024-05-09T12:05:20Z' uid='18353822' user='futuretale200' visible='true' version='1' changeset='151096630' lat='23.2099072' lon='72.6837423' />
  <node id='11891271052' timestamp='2024-05-09T12:05:20Z' uid='18353822' user='futuretale200' visible='true' version='1' changeset='151096630' lat='23.2098905' lon='72.6837393' />
  <node id='11891271053' timestamp='2024-05-09T12:05:20Z' uid='18353822' user='futuretale200' visible='true' version='1' changeset='151096630' lat='23.2098829' lon='72.6835415' />
  <node id='11891271054' timestamp='2024-05-09T12:05:20Z' uid='18353822' user='futuretale200' visible='true' version='1' changeset='151096630' lat='23.2098939' lon='72.68354' />
  <node id='11891271055' timestamp='2024-05-09T12:05:20Z' uid='18353822' user='futuretale200' visible='true' version='1' changeset='151096630' lat='23.2098939' lon='72.6835333' />
  <node id='11891271056' timestamp='2024-05-09T12:05:20Z' uid='18353822' user='futuretale200' visible='true' version='1' changeset='151096630' lat='23.2098781' lon='72.6835333' />
  <node id='11891271057' timestamp='2024-05-09T12:05:20Z' uid='18353822' user='futuretale200' visible='true' version='1' changeset='151096630' lat='23.2098559' lon='72.6835158' />
  <node id='11891271058' timestamp='2024-05-09T12:05:20Z' uid='18353822' user='futuretale200' visible='true' version='1' changeset='151096630' lat='23.2098805' lon='72.6834827' />
  <node id='11891271059' timestamp='2024-05-09T12:05:20Z' uid='18353822' user='futuretale200' visible='true' version='1' changeset='151096630' lat='23.2098689' lon='72.6834696' />
  <node id='11891271060' timestamp='2024-05-09T12:05:20Z' uid='18353822' user='futuretale200' visible='true' version='1' changeset='151096630' lat='23.2099014' lon='72.6834342' />
  <node id='11891271061' timestamp='2024-05-09T12:05:20Z' uid='18353822' user='futuretale200' visible='true' version='1' changeset='151096630' lat='23.2098867' lon='72.6834134' />
  <node id='11891271062' timestamp='2024-05-09T13:01:29Z' uid='18353822' user='futuretale200' visible='true' version='2' changeset='151099153' lat='23.210504' lon='72.6836577' />
  <node id='11891271063' timestamp='2024-05-09T13:01:29Z' uid='18353822' user='futuretale200' visible='true' version='2' changeset='151099153' lat='23.2105049' lon='72.6836945' />
  <node id='11891271064' timestamp='2024-05-09T13:01:29Z' uid='18353822' user='futuretale200' visible='true' version='2' changeset='151099153' lat='23.2104924' lon='72.6836949' />
  <node id='11891271065' timestamp='2024-05-09T13:01:29Z' uid='18353822' user='futuretale200' visible='true' version='2' changeset='151099153' lat='23.2104935' lon='72.6837385' />
  <node id='11891271066' timestamp='2024-05-09T13:01:29Z' uid='18353822' user='futuretale200' visible='true' version='2' changeset='151099153' lat='23.2103603' lon='72.6837423' />
  <node id='11891271067' timestamp='2024-05-09T13:01:29Z' uid='18353822' user='futuretale200' visible='true' version='2' changeset='151099153' lat='23.2103612' lon='72.6837769' />
  <node id='11891271068' timestamp='2024-05-09T13:01:29Z' uid='18353822' user='futuretale200' visible='true' version='2' changeset='151099153' lat='23.2102247' lon='72.6837808' />
  <node id='11891274569' timestamp='2024-05-09T13:01:29Z' uid='18353822' user='futuretale200' visible='true' version='2' changeset='151099153' lat='23.2102236' lon='72.683735' />
  <node id='11891274570' timestamp='2024-05-09T12:05:20Z' uid='18353822' user='futuretale200' visible='true' version='1' changeset='151096630' lat='23.2101249' lon='72.6837379' />
  <node id='11891274571' timestamp='2024-05-09T12:05:20Z' uid='18353822' user='futuretale200' visible='true' version='1' changeset='151096630' lat='23.2101081' lon='72.6837211' />
  <node id='11891274572' timestamp='2024-05-09T13:01:29Z' uid='18353822' user='futuretale200' visible='true' version='2' changeset='151099153' lat='23.2101074' lon='72.6837014' />
  <node id='11891274573' timestamp='2024-05-09T13:01:29Z' uid='18353822' user='futuretale200' visible='true' version='2' changeset='151099153' lat='23.2101192' lon='72.6837009' />
  <node id='11891274574' timestamp='2024-05-09T13:01:29Z' uid='18353822' user='futuretale200' visible='true' version='2' changeset='151099153' lat='23.2101181' lon='72.6836684' />
  <node id='11891274575' timestamp='2024-05-09T13:01:29Z' uid='18353822' user='futuretale200' visible='true' version='2' changeset='151099153' lat='23.2101346' lon='72.6836677' />
  <node id='11891274576' timestamp='2024-05-09T13:01:29Z' uid='18353822' user='futuretale200' visible='true' version='2' changeset='151099153' lat='23.2101335' lon='72.6836362' />
  <node id='11891274577' timestamp='2024-05-09T13:01:29Z' uid='18353822' user='futuretale200' visible='true' version='2' changeset='151099153' lat='23.2101462' lon='72.6836357' />
  <node id='11891274578' timestamp='2024-05-09T13:01:29Z' uid='18353822' user='futuretale200' visible='true' version='2' changeset='151099153' lat='23.2101388' lon='72.6834176' />
  <node id='11891274579' timestamp='2024-05-09T13:01:29Z' uid='18353822' user='futuretale200' visible='true' version='2' changeset='151099153' lat='23.2102475' lon='72.6834132' />
  <node id='11891274580' timestamp='2024-05-09T13:01:29Z' uid='18353822' user='futuretale200' visible='true' version='2' changeset='151099153' lat='23.2102499' lon='72.6834831' />
  <node id='11891274581' timestamp='2024-05-09T13:01:29Z' uid='18353822' user='futuretale200' visible='true' version='2' changeset='151099153' lat='23.2102606' lon='72.6834827' />
  <node id='11891274582' timestamp='2024-05-09T13:01:29Z' uid='18353822' user='futuretale200' visible='true' version='2' changeset='151099153' lat='23.2102615' lon='72.6835131' />
  <node id='11891274583' timestamp='2024-05-09T13:01:29Z' uid='18353822' user='futuretale200' visible='true' version='2' changeset='151099153' lat='23.2102359' lon='72.683514' />
  <node id='11891274584' timestamp='2024-05-09T13:01:29Z' uid='18353822' user='futuretale200' visible='true' version='2' changeset='151099153' lat='23.2102368' lon='72.683545' />
  <node id='11891274585' timestamp='2024-05-09T13:01:29Z' uid='18353822' user='futuretale200' visible='true' version='2' changeset='151099153' lat='23.2102496' lon='72.6835445' />
  <node id='11891274586' timestamp='2024-05-09T13:01:29Z' uid='18353822' user='futuretale200' visible='true' version='2' changeset='151099153' lat='23.2102513' lon='72.6836028' />
  <node id='11891274587' timestamp='2024-05-09T13:01:29Z' uid='18353822' user='futuretale200' visible='true' version='2' changeset='151099153' lat='23.2102636' lon='72.6836024' />
  <node id='11891274588' timestamp='2024-05-09T13:01:29Z' uid='18353822' user='futuretale200' visible='true' version='2' changeset='151099153' lat='23.2102649' lon='72.6836532' />
  <node id='11891274589' timestamp='2024-05-09T13:01:29Z' uid='18353822' user='futuretale200' visible='true' version='2' changeset='151099153' lat='23.210279' lon='72.6836528' />
  <node id='11891274590' timestamp='2024-05-09T13:01:29Z' uid='18353822' user='futuretale200' visible='true' version='2' changeset='151099153' lat='23.2102793' lon='72.6836622' />
  <node id='11891274591' timestamp='2024-05-09T13:01:29Z' uid='18353822' user='futuretale200' visible='true' version='2' changeset='151099153' lat='23.2103305' lon='72.6836608' />
  <node id='11891274592' timestamp='2024-05-09T13:01:29Z' uid='18353822' user='futuretale200' visible='true' version='2' changeset='151099153' lat='23.2103302' lon='72.6836481' />
  <node id='11891274593' timestamp='2024-05-09T13:01:29Z' uid='18353822' user='futuretale200' visible='true' version='2' changeset='151099153' lat='23.210345' lon='72.6836477' />
  <node id='11891274594' timestamp='2024-05-09T12:05:20Z' uid='18353822' user='futuretale200' visible='true' version='1' changeset='151096630' lat='23.210341' lon='72.6834695' />
  <node id='11891274595' timestamp='2024-05-09T13:01:29Z' uid='18353822' user='futuretale200' visible='true' version='2' changeset='151099153' lat='23.2104192' lon='72.6835524' />
  <node id='11891274596' timestamp='2024-05-09T13:01:29Z' uid='18353822' user='futuretale200' visible='true' version='2' changeset='151099153' lat='23.2104345' lon='72.6835353' />
  <node id='11891274597' timestamp='2024-05-09T12:05:20Z' uid='18353822' user='futuretale200' visible='true' version='1' changeset='151096630' lat='23.2104838' lon='72.6835876' />
  <node id='11891274598' timestamp='2024-05-09T13:01:29Z' uid='18353822' user='futuretale200' visible='true' version='2' changeset='151099153' lat='23.2104855' lon='72.6836582' />
  <node id='11891274599' timestamp='2024-05-09T12:05:20Z' uid='18353822' user='futuretale200' visible='true' version='1' changeset='151096630' lat='23.2100286' lon='72.6844919' />
  <node id='11891274600' timestamp='2024-05-09T12:05:20Z' uid='18353822' user='futuretale200' visible='true' version='1' changeset='151096630' lat='23.2100474' lon='72.6844792' />
  <node id='11891274601' timestamp='2024-05-09T12:05:20Z' uid='18353822' user='futuretale200' visible='true' version='1' changeset='151096630' lat='23.2100343' lon='72.6843013' />
  <node id='11891274602' timestamp='2024-05-09T13:22:15Z' uid='18353822' user='futuretale200' visible='true' version='2' changeset='151100055' lat='23.2100316' lon='72.6842641' />
  <node id='11891274603' timestamp='2024-05-09T12:05:20Z' uid='18353822' user='futuretale200' visible='true' version='1' changeset='151096630' lat='23.2099835' lon='72.6842682' />
  <node id='11891274604' timestamp='2024-05-09T13:22:15Z' uid='18353822' user='futuretale200' visible='true' version='2' changeset='151100055' lat='23.2098506' lon='72.6841188' />
  <node id='11891274606' timestamp='2024-05-09T13:22:15Z' uid='18353822' user='futuretale200' visible='true' version='2' changeset='151100055' lat='23.2096935' lon='72.6845732' />
  <node id='11891274607' timestamp='2024-05-09T12:05:20Z' uid='18353822' user='futuretale200' visible='true' version='1' changeset='151096630' lat='23.2096275' lon='72.6845023' />
  <node id='11891274608' timestamp='2024-05-09T13:22:15Z' uid='18353822' user='futuretale200' visible='true' version='2' changeset='151100055' lat='23.209699' lon='72.6845008' />
  <node id='11891319450' timestamp='2024-05-09T13:22:15Z' uid='18353822' user='futuretale200' visible='true' version='2' changeset='151100055' lat='23.2100063' lon='72.6839109' />
  <node id='11891319451' timestamp='2024-05-09T12:30:44Z' uid='18353822' user='futuretale200' visible='true' version='1' changeset='151097668' lat='23.2100108' lon='72.6841175' />
  <node id='11891319452' timestamp='2024-05-09T13:22:15Z' uid='18353822' user='futuretale200' visible='true' version='2' changeset='151100055' lat='23.2099464' lon='72.6840481' />
  <node id='11891319453' timestamp='2024-05-09T13:22:15Z' uid='18353822' user='futuretale200' visible='true' version='2' changeset='151100055' lat='23.2098665' lon='72.6841359' />
  <node id='11891319454' timestamp='2024-05-09T13:22:15Z' uid='18353822' user='futuretale200' visible='true' version='2' changeset='151100055' lat='23.2099348' lon='72.6840262' />
  <node id='11891319455' timestamp='2024-05-09T12:30:44Z' uid='18353822' user='futuretale200' visible='true' version='1' changeset='151097668' lat='23.2099184' lon='72.6840085' />
  <node id='11891319456' timestamp='2024-05-09T13:22:15Z' uid='18353822' user='futuretale200' visible='true' version='2' changeset='151100055' lat='23.20998' lon='72.6840069' />
  <node id='11891319457' timestamp='2024-05-09T12:30:44Z' uid='18353822' user='futuretale200' visible='true' version='1' changeset='151097668' lat='23.2095356' lon='72.6847812' />
  <node id='11891319458' timestamp='2024-05-09T13:01:29Z' uid='18353822' user='futuretale200' visible='true' version='2' changeset='151099153' lat='23.2093973' lon='72.6847122' />
  <node id='11891319459' timestamp='2024-05-09T13:01:29Z' uid='18353822' user='futuretale200' visible='true' version='2' changeset='151099153' lat='23.209335' lon='72.6847655' />
  <node id='11891319460' timestamp='2024-05-09T13:01:29Z' uid='18353822' user='futuretale200' visible='true' version='2' changeset='151099153' lat='23.2093665' lon='72.6847647' />
  <node id='11891319461' timestamp='2024-05-09T13:01:29Z' uid='18353822' user='futuretale200' visible='true' version='2' changeset='151099153' lat='23.2093422' lon='72.6849021' />
  <node id='11891319462' timestamp='2024-05-09T13:01:29Z' uid='18353822' user='futuretale200' visible='true' version='2' changeset='151099153' lat='23.2093441' lon='72.6849848' />
  <node id='11891319463' timestamp='2024-05-09T13:01:29Z' uid='18353822' user='futuretale200' visible='true' version='2' changeset='151099153' lat='23.2093638' lon='72.6849842' />
  <node id='11891319464' timestamp='2024-05-09T13:01:29Z' uid='18353822' user='futuretale200' visible='true' version='2' changeset='151099153' lat='23.2093657' lon='72.6850694' />
  <node id='11891319465' timestamp='2024-05-09T13:01:29Z' uid='18353822' user='futuretale200' visible='true' version='2' changeset='151099153' lat='23.2093466' lon='72.6850699' />
  <node id='11891319466' timestamp='2024-05-09T13:01:29Z' uid='18353822' user='futuretale200' visible='true' version='2' changeset='151099153' lat='23.209347' lon='72.6850873' />
  <node id='11891319467' timestamp='2024-05-09T13:01:29Z' uid='18353822' user='futuretale200' visible='true' version='2' changeset='151099153' lat='23.209327' lon='72.6850879' />
  <node id='11891319468' timestamp='2024-05-09T13:01:29Z' uid='18353822' user='futuretale200' visible='true' version='2' changeset='151099153' lat='23.2093275' lon='72.6851067' />
  <node id='11891329269' timestamp='2024-05-09T13:01:29Z' uid='18353822' user='futuretale200' visible='true' version='2' changeset='151099153' lat='23.2092606' lon='72.6850932' />
  <node id='11891329270' timestamp='2024-05-09T13:01:29Z' uid='18353822' user='futuretale200' visible='true' version='2' changeset='151099153' lat='23.209232' lon='72.6849885' />
  <node id='11891329271' timestamp='2024-05-09T13:01:29Z' uid='18353822' user='futuretale200' visible='true' version='2' changeset='151099153' lat='23.2092448' lon='72.6849881' />
  <node id='11891329272' timestamp='2024-05-09T13:01:29Z' uid='18353822' user='futuretale200' visible='true' version='2' changeset='151099153' lat='23.2092435' lon='72.6849392' />
  <node id='11891329273' timestamp='2024-05-09T13:01:29Z' uid='18353822' user='futuretale200' visible='true' version='2' changeset='151099153' lat='23.2092296' lon='72.6849396' />
  <node id='11891329274' timestamp='2024-05-09T13:01:29Z' uid='18353822' user='futuretale200' visible='true' version='2' changeset='151099153' lat='23.2092389' lon='72.6847682' />
  <node id='11891329275' timestamp='2024-05-09T13:01:29Z' uid='18353822' user='futuretale200' visible='true' version='2' changeset='151099153' lat='23.209225' lon='72.6847686' />
  <node id='11891329276' timestamp='2024-05-09T13:01:29Z' uid='18353822' user='futuretale200' visible='true' version='2' changeset='151099153' lat='23.2090762' lon='72.6847175' />
  <node id='11891329277' timestamp='2024-05-09T13:01:29Z' uid='18353822' user='futuretale200' visible='true' version='2' changeset='151099153' lat='23.2090787' lon='72.6848054' />
  <node id='11891329278' timestamp='2024-05-09T13:01:29Z' uid='18353822' user='futuretale200' visible='true' version='2' changeset='151099153' lat='23.2091362' lon='72.684915' />
  <node id='11891329279' timestamp='2024-05-09T13:01:29Z' uid='18353822' user='futuretale200' visible='true' version='2' changeset='151099153' lat='23.2091071' lon='72.6849159' />
  <node id='11891329280' timestamp='2024-05-09T13:01:29Z' uid='18353822' user='futuretale200' visible='true' version='2' changeset='151099153' lat='23.2091091' lon='72.6849875' />
  <node id='11891329281' timestamp='2024-05-09T13:01:29Z' uid='18353822' user='futuretale200' visible='true' version='2' changeset='151099153' lat='23.2091264' lon='72.6849869' />
  <node id='11891329282' timestamp='2024-05-09T13:01:29Z' uid='18353822' user='futuretale200' visible='true' version='2' changeset='151099153' lat='23.2091287' lon='72.6850678' />
  <node id='11891329283' timestamp='2024-05-09T13:01:29Z' uid='18353822' user='futuretale200' visible='true' version='2' changeset='151099153' lat='23.2091058' lon='72.6850686' />
  <node id='11891329285' timestamp='2024-05-09T12:30:44Z' uid='18353822' user='futuretale200' visible='true' version='1' changeset='151097668' lat='23.2091077' lon='72.685135' />
  <node id='11891329286' timestamp='2024-05-09T13:01:29Z' uid='18353822' user='futuretale200' visible='true' version='2' changeset='151099153' lat='23.2091656' lon='72.6851593' />
  <node id='11891329287' timestamp='2024-05-09T13:01:29Z' uid='18353822' user='futuretale200' visible='true' version='2' changeset='151099153' lat='23.2091667' lon='72.6851845' />
  <node id='11891329288' timestamp='2024-05-09T13:01:29Z' uid='18353822' user='futuretale200' visible='true' version='2' changeset='151099153' lat='23.2092172' lon='72.685182' />
  <node id='11891329289' timestamp='2024-05-09T13:01:29Z' uid='18353822' user='futuretale200' visible='true' version='2' changeset='151099153' lat='23.2092182' lon='72.6852058' />
  <node id='11891329290' timestamp='2024-05-09T13:01:29Z' uid='18353822' user='futuretale200' visible='true' version='2' changeset='151099153' lat='23.2094866' lon='72.6850905' />
  <node id='11891329291' timestamp='2024-05-09T12:30:44Z' uid='18353822' user='futuretale200' visible='true' version='1' changeset='151097668' lat='23.2094738' lon='72.6847879' />
  <node id='11891329292' timestamp='2024-05-09T12:30:44Z' uid='18353822' user='futuretale200' visible='true' version='1' changeset='151097668' lat='23.209487' lon='72.6847696' />
  <node id='11891329293' timestamp='2024-05-09T12:30:44Z' uid='18353822' user='futuretale200' visible='true' version='1' changeset='151097668' lat='23.2088983' lon='72.6857765' />
  <node id='11891329294' timestamp='2024-05-09T13:01:29Z' uid='18353822' user='futuretale200' visible='true' version='2' changeset='151099153' lat='23.2089502' lon='72.6854486' />
  <node id='11891329295' timestamp='2024-05-09T13:01:29Z' uid='18353822' user='futuretale200' visible='true' version='2' changeset='151099153' lat='23.209021' lon='72.6853773' />
  <node id='11891329296' timestamp='2024-05-09T13:01:29Z' uid='18353822' user='futuretale200' visible='true' version='2' changeset='151099153' lat='23.2092217' lon='72.6853304' />
  <node id='11891329297' timestamp='2024-05-09T13:01:29Z' uid='18353822' user='futuretale200' visible='true' version='2' changeset='151099153' lat='23.2092212' lon='72.6853044' />
  <node id='11891329299' timestamp='2024-05-09T12:30:44Z' uid='18353822' user='futuretale200' visible='true' version='1' changeset='151097668' lat='23.2093949' lon='72.6853762' />
  <node id='11891329300' timestamp='2024-05-09T12:30:44Z' uid='18353822' user='futuretale200' visible='true' version='1' changeset='151097668' lat='23.2094244' lon='72.6853874' />
  <node id='11891329301' timestamp='2024-05-09T13:01:29Z' uid='18353822' user='futuretale200' visible='true' version='2' changeset='151099153' lat='23.2094581' lon='72.6853442' />
  <node id='11891329302' timestamp='2024-05-09T12:30:44Z' uid='18353822' user='futuretale200' visible='true' version='1' changeset='151097668' lat='23.2094414' lon='72.6853287' />
  <node id='11891329303' timestamp='2024-05-09T13:01:29Z' uid='18353822' user='futuretale200' visible='true' version='2' changeset='151099153' lat='23.209501' lon='72.6853275' />
  <node id='11891329304' timestamp='2024-05-09T12:30:44Z' uid='18353822' user='futuretale200' visible='true' version='1' changeset='151097668' lat='23.2095013' lon='72.6853472' />
  <node id='11891329305' timestamp='2024-05-09T12:30:44Z' uid='18353822' user='futuretale200' visible='true' version='1' changeset='151097668' lat='23.2096568' lon='72.6846668' />
  <node id='11891329306' timestamp='2024-05-09T12:30:44Z' uid='18353822' user='futuretale200' visible='true' version='1' changeset='151097668' lat='23.2096174' lon='72.6847583' />
  <node id='11891329307' timestamp='2024-05-09T12:30:44Z' uid='18353822' user='futuretale200' visible='true' version='1' changeset='151097668' lat='23.2096139' lon='72.684714' />
  <node id='11891329308' timestamp='2024-05-09T12:30:44Z' uid='18353822' user='futuretale200' visible='true' version='1' changeset='151097668' lat='23.2098796' lon='72.6850496' />
  <node id='11891329309' timestamp='2024-05-09T12:30:44Z' uid='18353822' user='futuretale200' visible='true' version='1' changeset='151097668' lat='23.2099034' lon='72.6850502' />
  <node id='11891329310' timestamp='2024-05-09T12:30:44Z' uid='18353822' user='futuretale200' visible='true' version='1' changeset='151097668' lat='23.209901' lon='72.6849616' />
  <node id='11891329311' timestamp='2024-05-09T12:30:44Z' uid='18353822' user='futuretale200' visible='true' version='1' changeset='151097668' lat='23.2098783' lon='72.684964' />
  <node id='11891329312' timestamp='2024-05-09T12:30:44Z' uid='18353822' user='futuretale200' visible='true' version='1' changeset='151097668' lat='23.2098783' lon='72.6848828' />
  <node id='11891329313' timestamp='2024-05-09T12:30:44Z' uid='18353822' user='futuretale200' visible='true' version='1' changeset='151097668' lat='23.2099017' lon='72.6848833' />
  <node id='11891329314' timestamp='2024-05-09T12:30:44Z' uid='18353822' user='futuretale200' visible='true' version='1' changeset='151097668' lat='23.2099013' lon='72.6848291' />
  <node id='11891329315' timestamp='2024-05-09T12:30:44Z' uid='18353822' user='futuretale200' visible='true' version='1' changeset='151097668' lat='23.2098723' lon='72.6847806' />
  <node id='11891329316' timestamp='2024-05-09T12:30:44Z' uid='18353822' user='futuretale200' visible='true' version='1' changeset='151097668' lat='23.2098635' lon='72.6847721' />
  <node id='11891329317' timestamp='2024-05-09T12:30:44Z' uid='18353822' user='futuretale200' visible='true' version='1' changeset='151097668' lat='23.2099041' lon='72.6846986' />
  <node id='11891329318' timestamp='2024-05-09T12:30:44Z' uid='18353822' user='futuretale200' visible='true' version='1' changeset='151097668' lat='23.2097661' lon='72.685037' />
  <node id='11891329319' timestamp='2024-05-09T12:30:44Z' uid='18353822' user='futuretale200' visible='true' version='1' changeset='151097668' lat='23.2097816' lon='72.6850329' />
  <node id='11891329320' timestamp='2024-05-09T12:30:44Z' uid='18353822' user='futuretale200' visible='true' version='1' changeset='151097668' lat='23.2097993' lon='72.6850795' />
  <node id='11891329321' timestamp='2024-05-09T12:30:44Z' uid='18353822' user='futuretale200' visible='true' version='1' changeset='151097668' lat='23.2098017' lon='72.6850967' />
  <node id='11891329322' timestamp='2024-05-09T12:30:44Z' uid='18353822' user='futuretale200' visible='true' version='1' changeset='151097668' lat='23.2098607' lon='72.6850974' />
  <node id='11891329323' timestamp='2024-05-09T12:30:44Z' uid='18353822' user='futuretale200' visible='true' version='1' changeset='151097668' lat='23.2098798' lon='72.6850732' />
  <node id='11891329324' timestamp='2024-05-09T12:30:44Z' uid='18353822' user='futuretale200' visible='true' version='1' changeset='151097668' lat='23.2097787' lon='72.6849012' />
  <node id='11891329325' timestamp='2024-05-09T12:30:44Z' uid='18353822' user='futuretale200' visible='true' version='1' changeset='151097668' lat='23.2097564' lon='72.6849' />
  <node id='11891329326' timestamp='2024-05-09T12:30:44Z' uid='18353822' user='futuretale200' visible='true' version='1' changeset='151097668' lat='23.2097571' lon='72.6848793' />
  <node id='11891329327' timestamp='2024-05-09T12:30:44Z' uid='18353822' user='futuretale200' visible='true' version='1' changeset='151097668' lat='23.2097771' lon='72.6848792' />
  <node id='11891329328' timestamp='2024-05-09T12:30:44Z' uid='18353822' user='futuretale200' visible='true' version='1' changeset='151097668' lat='23.2099373' lon='72.6851372' />
  <node id='11891329329' timestamp='2024-05-09T12:30:44Z' uid='18353822' user='futuretale200' visible='true' version='1' changeset='151097668' lat='23.2099374' lon='72.6851837' />
  <node id='11891329330' timestamp='2024-05-09T12:30:44Z' uid='18353822' user='futuretale200' visible='true' version='1' changeset='151097668' lat='23.2098161' lon='72.6851908' />
  <node id='11891329331' timestamp='2024-05-09T12:30:44Z' uid='18353822' user='futuretale200' visible='true' version='1' changeset='151097668' lat='23.2098152' lon='72.6851548' />
  <node id='11891329332' timestamp='2024-05-09T12:30:44Z' uid='18353822' user='futuretale200' visible='true' version='1' changeset='151097668' lat='23.2097633' lon='72.6851579' />
  <node id='11891329333' timestamp='2024-05-09T12:30:44Z' uid='18353822' user='futuretale200' visible='true' version='1' changeset='151097668' lat='23.2097617' lon='72.6851968' />
  <node id='11891329334' timestamp='2024-05-09T12:30:44Z' uid='18353822' user='futuretale200' visible='true' version='1' changeset='151097668' lat='23.209657' lon='72.6851975' />
  <node id='11891329335' timestamp='2024-05-09T12:30:44Z' uid='18353822' user='futuretale200' visible='true' version='1' changeset='151097668' lat='23.2096571' lon='72.6851527' />
  <node id='11891329336' timestamp='2024-05-09T13:01:29Z' uid='18353822' user='futuretale200' visible='true' version='2' changeset='151099153' lat='23.2107172' lon='72.6834114' />
  <node id='11891329337' timestamp='2024-05-09T13:01:29Z' uid='18353822' user='futuretale200' visible='true' version='2' changeset='151099153' lat='23.2107164' lon='72.6833868' />
  <node id='11891329338' timestamp='2024-05-09T13:01:29Z' uid='18353822' user='futuretale200' visible='true' version='2' changeset='151099153' lat='23.2105815' lon='72.6836373' />
  <node id='11891329339' timestamp='2024-05-09T13:01:29Z' uid='18353822' user='futuretale200' visible='true' version='2' changeset='151099153' lat='23.2106262' lon='72.6836356' />
  <node id='11891329340' timestamp='2024-05-09T13:01:29Z' uid='18353822' user='futuretale200' visible='true' version='2' changeset='151099153' lat='23.2105724' lon='72.6835577' />
  <node id='11891329341' timestamp='2024-05-09T12:30:44Z' uid='18353822' user='futuretale200' visible='true' version='1' changeset='151097668' lat='23.2105729' lon='72.6835737' />
  <node id='11891329342' timestamp='2024-05-09T12:30:44Z' uid='18353822' user='futuretale200' visible='true' version='1' changeset='151097668' lat='23.210536' lon='72.6838262' />
  <node id='11891329343' timestamp='2024-05-09T13:01:29Z' uid='18353822' user='futuretale200' visible='true' version='2' changeset='151099153' lat='23.2111175' lon='72.6832552' />
  <node id='11891329345' timestamp='2024-05-09T13:01:29Z' uid='18353822' user='futuretale200' visible='true' version='2' changeset='151099153' lat='23.2111789' lon='72.6858964' />
  <node id='11891329347' timestamp='2024-05-09T13:01:29Z' uid='18353822' user='futuretale200' visible='true' version='2' changeset='151099153' lat='23.2092775' lon='72.684059' />
  <node id='11891329348' timestamp='2024-05-09T12:30:44Z' uid='18353822' user='futuretale200' visible='true' version='1' changeset='151097668' lat='23.2098629' lon='72.6840429' />
  <node id='11891329349' timestamp='2024-05-09T12:30:44Z' uid='18353822' user='futuretale200' visible='true' version='1' changeset='151097668' lat='23.2093608' lon='72.6845883' />
  <node id='11891329350' timestamp='2024-05-09T13:01:29Z' uid='18353822' user='futuretale200' visible='true' version='2' changeset='151099153' lat='23.2089211' lon='72.6846005' />
  <node id='11891329352' timestamp='2024-05-09T13:01:29Z' uid='18353822' user='futuretale200' visible='true' version='2' changeset='151099153' lat='23.208933' lon='72.6851038' />
  <node id='11891329353' timestamp='2024-05-09T13:01:29Z' uid='18353822' user='futuretale200' visible='true' version='2' changeset='151099153' lat='23.2086639' lon='72.6851113' />
  <node id='11891329354' timestamp='2024-05-09T13:01:29Z' uid='18353822' user='futuretale200' visible='true' version='2' changeset='151099153' lat='23.2086838' lon='72.6859651' />
  <node id='11891360362' timestamp='2024-05-09T13:01:29Z' uid='18353822' user='futuretale200' visible='true' version='1' changeset='151099153' lat='23.2108317' lon='72.6843867' />
  <node id='11891360363' timestamp='2024-05-09T13:01:29Z' uid='18353822' user='futuretale200' visible='true' version='1' changeset='151099153' lat='23.2109039' lon='72.6843008' />
  <node id='11891360364' timestamp='2024-05-09T13:01:29Z' uid='18353822' user='futuretale200' visible='true' version='1' changeset='151099153' lat='23.2110085' lon='72.6842674' />
  <node id='11891360365' timestamp='2024-05-09T13:01:29Z' uid='18353822' user='futuretale200' visible='true' version='1' changeset='151099153' lat='23.210753' lon='72.6839893' />
  <node id='11891360366' timestamp='2024-05-09T13:01:29Z' uid='18353822' user='futuretale200' visible='true' version='1' changeset='151099153' lat='23.2107833' lon='72.6840151' />
  <node id='11891360367' timestamp='2024-05-09T13:01:29Z' uid='18353822' user='futuretale200' visible='true' version='1' changeset='151099153' lat='23.2106884' lon='72.6839679' />
  <node id='11891360368' timestamp='2024-05-09T13:01:29Z' uid='18353822' user='futuretale200' visible='true' version='1' changeset='151099153' lat='23.2106306' lon='72.6839664' />
  <node id='11891383163' timestamp='2024-05-09T13:22:15Z' uid='18353822' user='futuretale200' visible='true' version='1' changeset='151100055' lat='23.2105991' lon='72.685444' />
  <node id='11891383164' timestamp='2024-05-09T13:22:15Z' uid='18353822' user='futuretale200' visible='true' version='1' changeset='151100055' lat='23.2105722' lon='72.6854695' />
  <node id='11891383165' timestamp='2024-05-09T13:22:15Z' uid='18353822' user='futuretale200' visible='true' version='1' changeset='151100055' lat='23.2105512' lon='72.6854433' />
  <node id='11891383166' timestamp='2024-05-09T13:22:15Z' uid='18353822' user='futuretale200' visible='true' version='1' changeset='151100055' lat='23.2105238' lon='72.6854816' />
  <node id='11891383167' timestamp='2024-05-09T13:22:15Z' uid='18353822' user='futuretale200' visible='true' version='1' changeset='151100055' lat='23.210542' lon='72.6855029' />
  <node id='11891383168' timestamp='2024-05-09T13:22:15Z' uid='18353822' user='futuretale200' visible='true' version='1' changeset='151100055' lat='23.2105684' lon='72.6854762' />
  <node id='11891383369' timestamp='2024-05-09T13:01:29Z' uid='18353822' user='futuretale200' visible='true' version='1' changeset='151099153' lat='23.2106585' lon='72.6838828' />
  <node id='11891383370' timestamp='2024-05-09T13:01:29Z' uid='18353822' user='futuretale200' visible='true' version='1' changeset='151099153' lat='23.2106577' lon='72.6838766' />
  <node id='11891383371' timestamp='2024-05-09T13:01:29Z' uid='18353822' user='futuretale200' visible='true' version='1' changeset='151099153' lat='23.2106584' lon='72.6838707' />
  <node id='11891383372' timestamp='2024-05-09T13:01:29Z' uid='18353822' user='futuretale200' visible='true' version='1' changeset='151099153' lat='23.2106649' lon='72.6838606' />
  <node id='11891383373' timestamp='2024-05-09T13:01:29Z' uid='18353822' user='futuretale200' visible='true' version='1' changeset='151099153' lat='23.2106701' lon='72.6838574' />
  <node id='11891383374' timestamp='2024-05-09T13:01:29Z' uid='18353822' user='futuretale200' visible='true' version='1' changeset='151099153' lat='23.2106758' lon='72.6838566' />
  <node id='11891383375' timestamp='2024-05-09T13:01:29Z' uid='18353822' user='futuretale200' visible='true' version='1' changeset='151099153' lat='23.2106796' lon='72.6838576' />
  <node id='11891383376' timestamp='2024-05-09T13:01:29Z' uid='18353822' user='futuretale200' visible='true' version='1' changeset='151099153' lat='23.2107021' lon='72.6838796' />
  <node id='11891383377' timestamp='2024-05-09T13:01:29Z' uid='18353822' user='futuretale200' visible='true' version='1' changeset='151099153' lat='23.2107189' lon='72.6838792' />
  <node id='11891383378' timestamp='2024-05-09T13:01:29Z' uid='18353822' user='futuretale200' visible='true' version='1' changeset='151099153' lat='23.2105729' lon='72.6841538' />
  <node id='11891383379' timestamp='2024-05-09T13:01:29Z' uid='18353822' user='futuretale200' visible='true' version='1' changeset='151099153' lat='23.2105735' lon='72.6841897' />
  <node id='11891383380' timestamp='2024-05-09T13:01:29Z' uid='18353822' user='futuretale200' visible='true' version='1' changeset='151099153' lat='23.2105501' lon='72.6841901' />
  <node id='11891383381' timestamp='2024-05-09T13:01:29Z' uid='18353822' user='futuretale200' visible='true' version='1' changeset='151099153' lat='23.2105509' lon='72.684237' />
  <node id='11891383382' timestamp='2024-05-09T13:01:29Z' uid='18353822' user='futuretale200' visible='true' version='1' changeset='151099153' lat='23.2104369' lon='72.6842494' />
  <node id='11891383383' timestamp='2024-05-09T13:01:29Z' uid='18353822' user='futuretale200' visible='true' version='1' changeset='151099153' lat='23.2104069' lon='72.6842162' />
  <node id='11891383384' timestamp='2024-05-09T13:01:29Z' uid='18353822' user='futuretale200' visible='true' version='1' changeset='151099153' lat='23.2101403' lon='72.6844074' />
  <node id='11891383385' timestamp='2024-05-09T13:01:29Z' uid='18353822' user='futuretale200' visible='true' version='1' changeset='151099153' lat='23.2104411' lon='72.684535' />
  <node id='11891383386' timestamp='2024-05-09T13:01:29Z' uid='18353822' user='futuretale200' visible='true' version='1' changeset='151099153' lat='23.2103862' lon='72.684597' />
  <node id='11891383387' timestamp='2024-05-09T13:01:29Z' uid='18353822' user='futuretale200' visible='true' version='1' changeset='151099153' lat='23.2103691' lon='72.6845843' />
  <node id='11891383388' timestamp='2024-05-09T13:01:29Z' uid='18353822' user='futuretale200' visible='true' version='1' changeset='151099153' lat='23.2102781' lon='72.6845326' />
  <node id='11891383389' timestamp='2024-05-09T13:01:29Z' uid='18353822' user='futuretale200' visible='true' version='1' changeset='151099153' lat='23.2101656' lon='72.6848889' />
  <node id='11891383390' timestamp='2024-05-09T13:01:29Z' uid='18353822' user='futuretale200' visible='true' version='1' changeset='151099153' lat='23.2101392' lon='72.68489' />
  <node id='11891383391' timestamp='2024-05-09T13:01:29Z' uid='18353822' user='futuretale200' visible='true' version='1' changeset='151099153' lat='23.2101403' lon='72.684921' />
  <node id='11891383392' timestamp='2024-05-09T13:01:29Z' uid='18353822' user='futuretale200' visible='true' version='1' changeset='151099153' lat='23.2101685' lon='72.6849198' />
  <node id='11891383393' timestamp='2024-05-09T13:01:29Z' uid='18353822' user='futuretale200' visible='true' version='1' changeset='151099153' lat='23.2105797' lon='72.6849386' />
  <node id='11891383394' timestamp='2024-05-09T13:01:29Z' uid='18353822' user='futuretale200' visible='true' version='1' changeset='151099153' lat='23.2105872' lon='72.6849428' />
  <node id='11891383395' timestamp='2024-05-09T13:01:29Z' uid='18353822' user='futuretale200' visible='true' version='1' changeset='151099153' lat='23.2105932' lon='72.6849502' />
  <node id='11891383396' timestamp='2024-05-09T13:01:29Z' uid='18353822' user='futuretale200' visible='true' version='1' changeset='151099153' lat='23.2105942' lon='72.6849572' />
  <node id='11891383397' timestamp='2024-05-09T13:01:29Z' uid='18353822' user='futuretale200' visible='true' version='1' changeset='151099153' lat='23.2105908' lon='72.6849673' />
  <node id='11891383398' timestamp='2024-05-09T13:01:29Z' uid='18353822' user='futuretale200' visible='true' version='1' changeset='151099153' lat='23.2105856' lon='72.6849719' />
  <node id='11891383399' timestamp='2024-05-09T13:01:29Z' uid='18353822' user='futuretale200' visible='true' version='1' changeset='151099153' lat='23.210565' lon='72.6849728' />
  <node id='11891383400' timestamp='2024-05-09T13:01:29Z' uid='18353822' user='futuretale200' visible='true' version='1' changeset='151099153' lat='23.2101195' lon='72.6851299' />
  <node id='11891383401' timestamp='2024-05-09T13:01:29Z' uid='18353822' user='futuretale200' visible='true' version='1' changeset='151099153' lat='23.2106469' lon='72.6851882' />
  <node id='11891383402' timestamp='2024-05-09T13:01:29Z' uid='18353822' user='futuretale200' visible='true' version='1' changeset='151099153' lat='23.2093936' lon='72.685301' />
  <node id='11891383403' timestamp='2024-05-09T13:01:29Z' uid='18353822' user='futuretale200' visible='true' version='1' changeset='151099153' lat='23.2111069' lon='72.6844507' />
  <node id='11891383404' timestamp='2024-05-09T13:01:29Z' uid='18353822' user='futuretale200' visible='true' version='1' changeset='151099153' lat='23.2111072' lon='72.6844685' />
  <node id='11891383405' timestamp='2024-05-09T13:01:29Z' uid='18353822' user='futuretale200' visible='true' version='1' changeset='151099153' lat='23.2106933' lon='72.6844518' />
  <node id='11891383406' timestamp='2024-05-09T13:01:29Z' uid='18353822' user='futuretale200' visible='true' version='1' changeset='151099153' lat='23.210654' lon='72.6845019' />
  <node id='11891383407' timestamp='2024-05-09T13:01:29Z' uid='18353822' user='futuretale200' visible='true' version='1' changeset='151099153' lat='23.2107922' lon='72.6844281' />
  <node id='11891383408' timestamp='2024-05-09T13:01:29Z' uid='18353822' user='futuretale200' visible='true' version='1' changeset='151099153' lat='23.2110563' lon='72.6844829' />
  <node id='11891383409' timestamp='2024-05-09T13:01:29Z' uid='18353822' user='futuretale200' visible='true' version='1' changeset='151099153' lat='23.2111133' lon='72.6844761' />
  <node id='11891383410' timestamp='2024-05-09T13:01:29Z' uid='18353822' user='futuretale200' visible='true' version='1' changeset='151099153' lat='23.2111163' lon='72.684608' />
  <node id='11891383411' timestamp='2024-05-09T13:01:29Z' uid='18353822' user='futuretale200' visible='true' version='1' changeset='151099153' lat='23.2106613' lon='72.6845133' />
  <node id='11891383412' timestamp='2024-05-09T13:01:29Z' uid='18353822' user='futuretale200' visible='true' version='1' changeset='151099153' lat='23.2107171' lon='72.6848952' />
  <node id='11891383413' timestamp='2024-05-09T13:01:29Z' uid='18353822' user='futuretale200' visible='true' version='1' changeset='151099153' lat='23.2107159' lon='72.6849207' />
  <node id='11891383414' timestamp='2024-05-09T13:01:29Z' uid='18353822' user='futuretale200' visible='true' version='1' changeset='151099153' lat='23.2106846' lon='72.6845115' />
  <node id='11891383415' timestamp='2024-05-09T13:01:29Z' uid='18353822' user='futuretale200' visible='true' version='1' changeset='151099153' lat='23.210712' lon='72.6844931' />
  <node id='11891383416' timestamp='2024-05-09T13:01:29Z' uid='18353822' user='futuretale200' visible='true' version='1' changeset='151099153' lat='23.2107119' lon='72.6845063' />
  <node id='11891398744' timestamp='2024-05-09T13:43:16Z' uid='18353822' user='futuretale200' visible='true' version='1' changeset='151101124' lat='23.2122147' lon='72.6857842' />
  <node id='11891398745' timestamp='2024-05-09T13:43:16Z' uid='18353822' user='futuretale200' visible='true' version='1' changeset='151101124' lat='23.2121698' lon='72.6858169' />
  <node id='11891398746' timestamp='2024-05-09T13:43:16Z' uid='18353822' user='futuretale200' visible='true' version='1' changeset='151101124' lat='23.2122528' lon='72.6857503' />
  <node id='11891398747' timestamp='2024-05-09T13:43:16Z' uid='18353822' user='futuretale200' visible='true' version='1' changeset='151101124' lat='23.2161583' lon='72.687698' />
  <node id='11891398748' timestamp='2024-05-09T13:43:16Z' uid='18353822' user='futuretale200' visible='true' version='1' changeset='151101124' lat='23.2112131' lon='72.6889457' />
  <node id='11891398749' timestamp='2024-05-09T13:43:16Z' uid='18353822' user='futuretale200' visible='true' version='1' changeset='151101124' lat='23.2115177' lon='72.6842518' />
  <node id='11891398750' timestamp='2024-05-09T13:43:16Z' uid='18353822' user='futuretale200' visible='true' version='1' changeset='151101124' lat='23.2113777' lon='72.6842267' />
  <node id='11891398751' timestamp='2024-05-09T13:43:16Z' uid='18353822' user='futuretale200' visible='true' version='1' changeset='151101124' lat='23.2114404' lon='72.6842568' />
  <node id='11891398755' timestamp='2024-05-09T13:43:16Z' uid='18353822' user='futuretale200' visible='true' version='1' changeset='151101124' lat='23.2117411' lon='72.682727' />
  <node id='11891398756' timestamp='2024-05-09T13:43:16Z' uid='18353822' user='futuretale200' visible='true' version='1' changeset='151101124' lat='23.2119573' lon='72.6827225' />
  <node id='11891398757' timestamp='2024-05-09T13:43:16Z' uid='18353822' user='futuretale200' visible='true' version='1' changeset='151101124' lat='23.2119583' lon='72.6827784' />
  <node id='11891398758' timestamp='2024-05-09T13:43:16Z' uid='18353822' user='futuretale200' visible='true' version='1' changeset='151101124' lat='23.2121514' lon='72.6827743' />
  <node id='11891398759' timestamp='2024-05-09T13:43:16Z' uid='18353822' user='futuretale200' visible='true' version='1' changeset='151101124' lat='23.2121505' lon='72.6827262' />
  <node id='11891398760' timestamp='2024-05-09T13:43:16Z' uid='18353822' user='futuretale200' visible='true' version='1' changeset='151101124' lat='23.2141585' lon='72.685444' />
  <node id='11891398761' timestamp='2024-05-09T13:43:16Z' uid='18353822' user='futuretale200' visible='true' version='1' changeset='151101124' lat='23.2141588' lon='72.6855207' />
  <node id='11891398762' timestamp='2024-05-09T13:43:16Z' uid='18353822' user='futuretale200' visible='true' version='1' changeset='151101124' lat='23.2140908' lon='72.6855211' />
  <node id='11891398763' timestamp='2024-05-09T13:43:16Z' uid='18353822' user='futuretale200' visible='true' version='1' changeset='151101124' lat='23.2140709' lon='72.6854498' />
  <node id='11891398764' timestamp='2024-05-09T13:43:16Z' uid='18353822' user='futuretale200' visible='true' version='1' changeset='151101124' lat='23.2131134' lon='72.6841634' />
  <node id='11891398765' timestamp='2024-05-09T13:43:16Z' uid='18353822' user='futuretale200' visible='true' version='1' changeset='151101124' lat='23.2130613' lon='72.6847042' />
  <node id='11891412869' timestamp='2024-05-09T13:22:15Z' uid='18353822' user='futuretale200' visible='true' version='1' changeset='151100055' lat='23.2105437' lon='72.6851774' />
  <node id='11891412870' timestamp='2024-05-09T13:22:15Z' uid='18353822' user='futuretale200' visible='true' version='1' changeset='151100055' lat='23.2101368' lon='72.6857734' />
  <node id='11891412871' timestamp='2024-05-09T13:22:15Z' uid='18353822' user='futuretale200' visible='true' version='1' changeset='151100055' lat='23.2101615' lon='72.6854493' />
  <node id='11891412872' timestamp='2024-05-09T13:22:15Z' uid='18353822' user='futuretale200' visible='true' version='1' changeset='151100055' lat='23.2101608' lon='72.6854129' />
  <node id='11891412873' timestamp='2024-05-09T13:22:15Z' uid='18353822' user='futuretale200' visible='true' version='1' changeset='151100055' lat='23.2102001' lon='72.685412' />
  <node id='11891412874' timestamp='2024-05-09T13:22:15Z' uid='18353822' user='futuretale200' visible='true' version='1' changeset='151100055' lat='23.2104996' lon='72.685265' />
  <node id='11891412875' timestamp='2024-05-09T13:22:15Z' uid='18353822' user='futuretale200' visible='true' version='1' changeset='151100055' lat='23.2104761' lon='72.6852962' />
  <node id='11891412876' timestamp='2024-05-09T13:22:15Z' uid='18353822' user='futuretale200' visible='true' version='1' changeset='151100055' lat='23.2105794' lon='72.6853958' />
  <node id='11891412877' timestamp='2024-05-09T13:22:15Z' uid='18353822' user='futuretale200' visible='true' version='1' changeset='151100055' lat='23.2105656' lon='72.6852586' />
  <node id='11891412878' timestamp='2024-05-09T13:22:15Z' uid='18353822' user='futuretale200' visible='true' version='1' changeset='151100055' lat='23.2106268' lon='72.6852512' />
  <node id='11891412879' timestamp='2024-05-09T13:22:15Z' uid='18353822' user='futuretale200' visible='true' version='1' changeset='151100055' lat='23.2105746' lon='72.6852022' />
  <node id='11891412880' timestamp='2024-05-09T13:22:15Z' uid='18353822' user='futuretale200' visible='true' version='1' changeset='151100055' lat='23.2105641' lon='72.6851531' />
  <node id='11891412881' timestamp='2024-05-09T13:22:15Z' uid='18353822' user='futuretale200' visible='true' version='1' changeset='151100055' lat='23.2105304' lon='72.6851777' />
  <node id='11891412882' timestamp='2024-05-09T13:22:15Z' uid='18353822' user='futuretale200' visible='true' version='1' changeset='151100055' lat='23.2105716' lon='72.6851501' />
  <node id='11891412883' timestamp='2024-05-09T13:22:15Z' uid='18353822' user='futuretale200' visible='true' version='1' changeset='151100055' lat='23.2105796' lon='72.6851496' />
  <node id='11891412884' timestamp='2024-05-09T13:22:15Z' uid='18353822' user='futuretale200' visible='true' version='1' changeset='151100055' lat='23.2105888' lon='72.6851547' />
  <node id='11891412885' timestamp='2024-05-09T13:22:15Z' uid='18353822' user='futuretale200' visible='true' version='1' changeset='151100055' lat='23.2105948' lon='72.6851705' />
  <node id='11891412886' timestamp='2024-05-09T13:22:15Z' uid='18353822' user='futuretale200' visible='true' version='1' changeset='151100055' lat='23.2105931' lon='72.6851788' />
  <node id='11891412887' timestamp='2024-05-09T13:22:15Z' uid='18353822' user='futuretale200' visible='true' version='1' changeset='151100055' lat='23.210509' lon='72.6854746' />
  <node id='11891412888' timestamp='2024-05-09T13:22:15Z' uid='18353822' user='futuretale200' visible='true' version='1' changeset='151100055' lat='23.210474' lon='72.6854741' />
  <node id='11891412889' timestamp='2024-05-09T13:22:15Z' uid='18353822' user='futuretale200' visible='true' version='1' changeset='151100055' lat='23.2100564' lon='72.6845638' />
  <node id='11891412890' timestamp='2024-05-09T13:22:15Z' uid='18353822' user='futuretale200' visible='true' version='1' changeset='151100055' lat='23.2100574' lon='72.6846213' />
  <node id='11891412891' timestamp='2024-05-09T13:22:15Z' uid='18353822' user='futuretale200' visible='true' version='1' changeset='151100055' lat='23.2097154' lon='72.6846283' />
  <node id='11891412892' timestamp='2024-05-09T13:22:15Z' uid='18353822' user='futuretale200' visible='true' version='1' changeset='151100055' lat='23.2097144' lon='72.6845707' />
  <node id='11891412893' timestamp='2024-05-09T13:22:15Z' uid='18353822' user='futuretale200' visible='true' version='1' changeset='151100055' lat='23.211446' lon='72.6865832' />
  <node id='11891412894' timestamp='2024-05-09T13:22:15Z' uid='18353822' user='futuretale200' visible='true' version='1' changeset='151100055' lat='23.2114567' lon='72.6864264' />
  <node id='11891412895' timestamp='2024-05-09T13:22:15Z' uid='18353822' user='futuretale200' visible='true' version='1' changeset='151100055' lat='23.2118187' lon='72.6864302' />
  <node id='11891412896' timestamp='2024-05-09T13:22:15Z' uid='18353822' user='futuretale200' visible='true' version='1' changeset='151100055' lat='23.2117094' lon='72.6864306' />
  <node id='11891412897' timestamp='2024-05-09T13:22:15Z' uid='18353822' user='futuretale200' visible='true' version='1' changeset='151100055' lat='23.211993' lon='72.6864572' />
  <node id='11891412898' timestamp='2024-05-09T13:22:15Z' uid='18353822' user='futuretale200' visible='true' version='1' changeset='151100055' lat='23.2118788' lon='72.6864638' />
  <node id='11891412899' timestamp='2024-05-09T13:22:15Z' uid='18353822' user='futuretale200' visible='true' version='1' changeset='151100055' lat='23.2117569' lon='72.6864281' />
  <node id='11891412900' timestamp='2024-05-09T13:22:15Z' uid='18353822' user='futuretale200' visible='true' version='1' changeset='151100055' lat='23.2116181' lon='72.6864287' />
  <node id='11891412901' timestamp='2024-05-09T13:22:15Z' uid='18353822' user='futuretale200' visible='true' version='1' changeset='151100055' lat='23.211564' lon='72.687679' />
  <node id='11891412902' timestamp='2024-05-09T13:22:15Z' uid='18353822' user='futuretale200' visible='true' version='1' changeset='151100055' lat='23.2117789' lon='72.6880998' />
  <node id='11891412903' timestamp='2024-05-09T13:22:15Z' uid='18353822' user='futuretale200' visible='true' version='1' changeset='151100055' lat='23.2117977' lon='72.6880785' />
  <node id='11891412904' timestamp='2024-05-09T13:22:15Z' uid='18353822' user='futuretale200' visible='true' version='1' changeset='151100055' lat='23.2118532' lon='72.6881364' />
  <node id='11891412905' timestamp='2024-05-09T13:22:15Z' uid='18353822' user='futuretale200' visible='true' version='1' changeset='151100055' lat='23.21184' lon='72.6881513' />
  <node id='11891412906' timestamp='2024-05-09T13:22:15Z' uid='18353822' user='futuretale200' visible='true' version='1' changeset='151100055' lat='23.2118661' lon='72.6881785' />
  <node id='11891412907' timestamp='2024-05-09T13:22:15Z' uid='18353822' user='futuretale200' visible='true' version='1' changeset='151100055' lat='23.2118558' lon='72.6881902' />
  <node id='11891412908' timestamp='2024-05-09T13:22:15Z' uid='18353822' user='futuretale200' visible='true' version='1' changeset='151100055' lat='23.2118746' lon='72.6882099' />
  <node id='11891412909' timestamp='2024-05-09T13:22:15Z' uid='18353822' user='futuretale200' visible='true' version='1' changeset='151100055' lat='23.211996' lon='72.6890248' />
  <node id='11891412910' timestamp='2024-05-09T13:22:15Z' uid='18353822' user='futuretale200' visible='true' version='1' changeset='151100055' lat='23.2118927' lon='72.6890365' />
  <node id='11891412911' timestamp='2024-05-09T13:22:15Z' uid='18353822' user='futuretale200' visible='true' version='1' changeset='151100055' lat='23.211649' lon='72.6893639' />
  <node id='11891412912' timestamp='2024-05-09T13:22:15Z' uid='18353822' user='futuretale200' visible='true' version='1' changeset='151100055' lat='23.2116699' lon='72.6894284' />
  <node id='11891412913' timestamp='2024-05-09T13:22:15Z' uid='18353822' user='futuretale200' visible='true' version='1' changeset='151100055' lat='23.2116715' lon='72.6894418' />
  <node id='11891412914' timestamp='2024-05-09T13:22:15Z' uid='18353822' user='futuretale200' visible='true' version='1' changeset='151100055' lat='23.2113661' lon='72.6889748' />
  <node id='11891412915' timestamp='2024-05-09T13:22:15Z' uid='18353822' user='futuretale200' visible='true' version='1' changeset='151100055' lat='23.2114009' lon='72.6890112' />
  <node id='11891412916' timestamp='2024-05-09T13:22:15Z' uid='18353822' user='futuretale200' visible='true' version='1' changeset='151100055' lat='23.2113525' lon='72.688636' />
  <node id='11891412917' timestamp='2024-05-09T13:22:15Z' uid='18353822' user='futuretale200' visible='true' version='1' changeset='151100055' lat='23.2113447' lon='72.6886244' />
  <node id='11891412918' timestamp='2024-05-09T13:22:15Z' uid='18353822' user='futuretale200' visible='true' version='1' changeset='151100055' lat='23.2113911' lon='72.6886232' />
  <node id='11891412919' timestamp='2024-05-09T13:22:15Z' uid='18353822' user='futuretale200' visible='true' version='1' changeset='151100055' lat='23.2113404' lon='72.6883478' />
  <node id='11891412920' timestamp='2024-05-09T13:22:15Z' uid='18353822' user='futuretale200' visible='true' version='1' changeset='151100055' lat='23.2113757' lon='72.6880465' />
  <node id='11891412921' timestamp='2024-05-09T13:22:15Z' uid='18353822' user='futuretale200' visible='true' version='1' changeset='151100055' lat='23.2113799' lon='72.6883362' />
  <node id='11891412922' timestamp='2024-05-09T13:22:15Z' uid='18353822' user='futuretale200' visible='true' version='1' changeset='151100055' lat='23.211385' lon='72.6883466' />
  <node id='11891412923' timestamp='2024-05-09T13:22:15Z' uid='18353822' user='futuretale200' visible='true' version='1' changeset='151100055' lat='23.2113577' lon='72.6876836' />
  <node id='11891412924' timestamp='2024-05-09T13:22:15Z' uid='18353822' user='futuretale200' visible='true' version='1' changeset='151100055' lat='23.2113629' lon='72.6879533' />
  <node id='11891412925' timestamp='2024-05-09T13:22:15Z' uid='18353822' user='futuretale200' visible='true' version='1' changeset='151100055' lat='23.2113684' lon='72.6876477' />
  <node id='11891459313' action='modify' timestamp='2024-05-09T13:58:48Z' uid='18353822' user='futuretale200' visible='true' version='1' changeset='151101924' lat='23.2112407' lon='72.6858983'>
    <tag k='name:en' v='snake road end' />
  </node>
  <node id='11891459314' timestamp='2024-05-09T13:58:48Z' uid='18353822' user='futuretale200' visible='true' version='1' changeset='151101924' lat='23.2113731' lon='72.6859047' />
  <node id='11891459315' timestamp='2024-05-09T13:58:48Z' uid='18353822' user='futuretale200' visible='true' version='1' changeset='151101924' lat='23.2114224' lon='72.6859069' />
  <node id='11891459316' timestamp='2024-05-09T13:58:48Z' uid='18353822' user='futuretale200' visible='true' version='1' changeset='151101924' lat='23.2114599' lon='72.6858983' />
  <node id='11891459317' timestamp='2024-05-09T13:58:48Z' uid='18353822' user='futuretale200' visible='true' version='1' changeset='151101924' lat='23.2115085' lon='72.6858747' />
  <node id='11891459318' timestamp='2024-05-09T13:58:48Z' uid='18353822' user='futuretale200' visible='true' version='1' changeset='151101924' lat='23.2115696' lon='72.6858562' />
  <node id='11891459319' timestamp='2024-05-09T13:58:48Z' uid='18353822' user='futuretale200' visible='true' version='1' changeset='151101924' lat='23.2115968' lon='72.6858414' />
  <node id='11891459320' timestamp='2024-05-09T13:58:48Z' uid='18353822' user='futuretale200' visible='true' version='1' changeset='151101924' lat='23.2116319' lon='72.6858254' />
  <node id='11891459321' timestamp='2024-05-09T13:58:48Z' uid='18353822' user='futuretale200' visible='true' version='1' changeset='151101924' lat='23.2116602' lon='72.6858192' />
  <node id='11891459322' timestamp='2024-05-09T13:58:48Z' uid='18353822' user='futuretale200' visible='true' version='1' changeset='151101924' lat='23.2116874' lon='72.685813' />
  <node id='11891459323' timestamp='2024-05-09T13:58:48Z' uid='18353822' user='futuretale200' visible='true' version='1' changeset='151101924' lat='23.2117282' lon='72.6858032' />
  <node id='11891459324' timestamp='2024-05-09T13:58:48Z' uid='18353822' user='futuretale200' visible='true' version='1' changeset='151101924' lat='23.2117712' lon='72.6858032' />
  <node id='11891459325' timestamp='2024-05-09T13:58:48Z' uid='18353822' user='futuretale200' visible='true' version='1' changeset='151101924' lat='23.2118177' lon='72.6858118' />
  <node id='11891459326' timestamp='2024-05-09T13:58:48Z' uid='18353822' user='futuretale200' visible='true' version='1' changeset='151101924' lat='23.2118449' lon='72.6858155' />
  <node id='11891459327' timestamp='2024-05-09T13:58:48Z' uid='18353822' user='futuretale200' visible='true' version='1' changeset='151101924' lat='23.21188' lon='72.6858229' />
  <node id='11891459328' timestamp='2024-05-09T13:58:48Z' uid='18353822' user='futuretale200' visible='true' version='1' changeset='151101924' lat='23.2119491' lon='72.6858389' />
  <node id='11891459329' timestamp='2024-05-09T13:58:48Z' uid='18353822' user='futuretale200' visible='true' version='1' changeset='151101924' lat='23.2120023' lon='72.6858439' />
  <node id='11891459330' timestamp='2024-05-09T13:58:48Z' uid='18353822' user='futuretale200' visible='true' version='1' changeset='151101924' lat='23.2120431' lon='72.6858488' />
  <node id='11891459331' timestamp='2024-05-09T13:58:48Z' uid='18353822' user='futuretale200' visible='true' version='1' changeset='151101924' lat='23.2120884' lon='72.6858512' />
  <node id='11891459332' timestamp='2024-05-09T13:58:48Z' uid='18353822' user='futuretale200' visible='true' version='1' changeset='151101924' lat='23.2121405' lon='72.6858476' />
  <node id='11891459333' timestamp='2024-05-09T13:58:48Z' uid='18353822' user='futuretale200' visible='true' version='1' changeset='151101924' lat='23.2121869' lon='72.6858377' />
  <node id='11891459334' timestamp='2024-05-09T13:58:48Z' uid='18353822' user='futuretale200' visible='true' version='1' changeset='151101924' lat='23.2122345' lon='72.6858143' />
  <node id='11891459335' timestamp='2024-05-09T13:58:48Z' uid='18353822' user='futuretale200' visible='true' version='1' changeset='151101924' lat='23.212273' lon='72.6857921' />
  <node id='11891459336' timestamp='2024-05-09T13:58:48Z' uid='18353822' user='futuretale200' visible='true' version='1' changeset='151101924' lat='23.2122991' lon='72.6857711' />
  <node id='11891459337' timestamp='2024-05-09T13:58:48Z' uid='18353822' user='futuretale200' visible='true' version='1' changeset='151101924' lat='23.2123228' lon='72.6857539' />
  <node id='11891459338' timestamp='2024-05-09T13:58:48Z' uid='18353822' user='futuretale200' visible='true' version='1' changeset='151101924' lat='23.2123546' lon='72.6857317' />
  <node id='11891459339' timestamp='2024-05-09T13:58:48Z' uid='18353822' user='futuretale200' visible='true' version='1' changeset='151101924' lat='23.2123863' lon='72.6857145' />
  <node id='11891459340' timestamp='2024-05-09T13:58:48Z' uid='18353822' user='futuretale200' visible='true' version='1' changeset='151101924' lat='23.2124282' lon='72.6856972' />
  <node id='11891459341' timestamp='2024-05-09T13:58:48Z' uid='18353822' user='futuretale200' visible='true' version='1' changeset='151101924' lat='23.2124644' lon='72.6856873' />
  <node id='11891459342' timestamp='2024-05-09T13:58:48Z' uid='18353822' user='futuretale200' visible='true' version='1' changeset='151101924' lat='23.2125165' lon='72.6856762' />
  <node id='11891459343' timestamp='2024-05-09T13:58:48Z' uid='18353822' user='futuretale200' visible='true' version='1' changeset='151101924' lat='23.2125494' lon='72.685675' />
  <node id='11891459344' timestamp='2024-05-09T13:58:48Z' uid='18353822' user='futuretale200' visible='true' version='1' changeset='151101924' lat='23.2125811' lon='72.6856762' />
  <node id='11891459345' timestamp='2024-05-09T13:58:48Z' uid='18353822' user='futuretale200' visible='true' version='1' changeset='151101924' lat='23.212623' lon='72.6856824' />
  <node id='11891459346' timestamp='2024-05-09T13:58:48Z' uid='18353822' user='futuretale200' visible='true' version='1' changeset='151101924' lat='23.2126615' lon='72.685691' />
  <node id='11891459347' timestamp='2024-05-09T13:58:48Z' uid='18353822' user='futuretale200' visible='true' version='1' changeset='151101924' lat='23.2126864' lon='72.6857009' />
  <node id='11891459348' timestamp='2024-05-09T13:58:48Z' uid='18353822' user='futuretale200' visible='true' version='1' changeset='151101924' lat='23.2127215' lon='72.685712' />
  <node id='11891459349' timestamp='2024-05-09T13:58:48Z' uid='18353822' user='futuretale200' visible='true' version='1' changeset='151101924' lat='23.2127544' lon='72.6857342' />
  <node id='11891459350' timestamp='2024-05-09T13:58:48Z' uid='18353822' user='futuretale200' visible='true' version='1' changeset='151101924' lat='23.2127884' lon='72.6857613' />
  <node id='11891459351' timestamp='2024-05-09T13:58:48Z' uid='18353822' user='futuretale200' visible='true' version='1' changeset='151101924' lat='23.2128269' lon='72.6857958' />
  <node id='11891459352' timestamp='2024-05-09T13:58:48Z' uid='18353822' user='futuretale200' visible='true' version='1' changeset='151101924' lat='23.2128677' lon='72.6858266' />
  <node id='11891459353' timestamp='2024-05-09T13:58:48Z' uid='18353822' user='futuretale200' visible='true' version='1' changeset='151101924' lat='23.2129186' lon='72.6858549' />
  <node id='11891459354' timestamp='2024-05-09T13:58:48Z' uid='18353822' user='futuretale200' visible='true' version='1' changeset='151101924' lat='23.2129458' lon='72.6858611' />
  <node id='11891459355' timestamp='2024-05-09T13:58:48Z' uid='18353822' user='futuretale200' visible='true' version='1' changeset='151101924' lat='23.2129707' lon='72.685866' />
  <node id='11891459356' timestamp='2024-05-09T13:58:48Z' uid='18353822' user='futuretale200' visible='true' version='1' changeset='151101924' lat='23.2130047' lon='72.6858673' />
  <node id='11891459357' timestamp='2024-05-09T13:58:48Z' uid='18353822' user='futuretale200' visible='true' version='1' changeset='151101924' lat='23.21305' lon='72.685871' />
  <node id='11891459358' timestamp='2024-05-09T13:58:48Z' uid='18353822' user='futuretale200' visible='true' version='1' changeset='151101924' lat='23.2130772' lon='72.6858722' />
  <node id='11891459359' timestamp='2024-05-09T13:58:48Z' uid='18353822' user='futuretale200' visible='true' version='1' changeset='151101924' lat='23.2131293' lon='72.685871' />
  <node id='11891459360' action='modify' timestamp='2024-05-09T13:58:48Z' uid='18353822' user='futuretale200' visible='true' version='1' changeset='151101924' lat='23.2131689895' lon='72.68590213915'>
    <tag k='name:en' v='snake road start' />
  </node>
  <node id='11891459361' timestamp='2024-05-09T13:58:48Z' uid='18353822' user='futuretale200' visible='true' version='1' changeset='151101924' lat='23.2120789' lon='72.6858682' />
  <node id='11891459362' timestamp='2024-05-09T13:58:48Z' uid='18353822' user='futuretale200' visible='true' version='1' changeset='151101924' lat='23.212075' lon='72.6858827' />
  <node id='11891459363' timestamp='2024-05-09T13:58:48Z' uid='18353822' user='futuretale200' visible='true' version='1' changeset='151101924' lat='23.2120735' lon='72.6859063' />
  <node id='11891459364' timestamp='2024-05-09T13:58:48Z' uid='18353822' user='futuretale200' visible='true' version='1' changeset='151101924' lat='23.2120725' lon='72.6859562' />
  <node id='11891459365' action='modify' timestamp='2024-05-09T13:58:48Z' uid='18353822' user='futuretale200' visible='true' version='1' changeset='151101924' lat='23.21206699468' lon='72.68641304947' />
  <node id='11891459366' timestamp='2024-06-05T18:09:44Z' uid='13913100' user='rahilarious' visible='true' version='2' changeset='152299907' lat='23.2130956' lon='72.6868396' />
  <node id='11891459367' timestamp='2024-06-05T18:09:44Z' uid='13913100' user='rahilarious' visible='true' version='2' changeset='152299907' lat='23.2131557' lon='72.6868877' />
  <node id='11891459368' timestamp='2024-06-05T18:09:44Z' uid='13913100' user='rahilarious' visible='true' version='2' changeset='152299907' lat='23.2131854' lon='72.6871896' />
  <node id='11891496669' timestamp='2024-06-05T18:09:44Z' uid='13913100' user='rahilarious' visible='true' version='2' changeset='152299907' lat='23.2131912' lon='72.6874402' />
  <node id='11891496670' timestamp='2024-05-09T13:58:48Z' uid='18353822' user='futuretale200' visible='true' version='1' changeset='151101924' lat='23.2129854' lon='72.6877141' />
  <node id='11891496671' timestamp='2024-06-05T18:09:44Z' uid='13913100' user='rahilarious' visible='true' version='2' changeset='152299907' lat='23.2116726' lon='72.6868455' />
  <node id='11891496672' timestamp='2024-06-05T18:09:44Z' uid='13913100' user='rahilarious' visible='true' version='2' changeset='152299907' lat='23.2116352' lon='72.6871147' />
  <node id='11891553409' timestamp='2024-05-09T14:25:56Z' uid='18353822' user='futuretale200' visible='true' version='1' changeset='151103252' lat='23.2069061' lon='72.6856278' />
  <node id='11891553410' timestamp='2024-05-09T14:25:56Z' uid='18353822' user='futuretale200' visible='true' version='1' changeset='151103252' lat='23.2074246' lon='72.6853129' />
  <node id='11891553411' timestamp='2024-05-09T14:25:56Z' uid='18353822' user='futuretale200' visible='true' version='1' changeset='151103252' lat='23.2072358' lon='72.6858376' />
  <node id='11891553412' timestamp='2024-05-09T14:25:56Z' uid='18353822' user='futuretale200' visible='true' version='1' changeset='151103252' lat='23.206786' lon='72.6851733' />
  <node id='11891553413' timestamp='2024-05-09T14:25:56Z' uid='18353822' user='futuretale200' visible='true' version='1' changeset='151103252' lat='23.2067782' lon='72.6851862' />
  <node id='11891553414' timestamp='2024-05-09T14:25:56Z' uid='18353822' user='futuretale200' visible='true' version='1' changeset='151103252' lat='23.2068133' lon='72.6852113' />
  <node id='11891553415' timestamp='2024-05-09T14:25:56Z' uid='18353822' user='futuretale200' visible='true' version='1' changeset='151103252' lat='23.2068244' lon='72.6851929' />
  <node id='11891553416' timestamp='2024-05-09T14:25:56Z' uid='18353822' user='futuretale200' visible='true' version='1' changeset='151103252' lat='23.206876' lon='72.6852298' />
  <node id='11891553417' timestamp='2024-05-09T14:25:56Z' uid='18353822' user='futuretale200' visible='true' version='1' changeset='151103252' lat='23.2068627' lon='72.6852518' />
  <node id='11891553418' timestamp='2024-05-09T14:25:56Z' uid='18353822' user='futuretale200' visible='true' version='1' changeset='151103252' lat='23.2068816' lon='72.6852653' />
  <node id='11891553419' timestamp='2024-05-09T14:25:56Z' uid='18353822' user='futuretale200' visible='true' version='1' changeset='151103252' lat='23.2069069' lon='72.6852235' />
  <node id='11891553420' timestamp='2024-05-09T14:25:56Z' uid='18353822' user='futuretale200' visible='true' version='1' changeset='151103252' lat='23.2069196' lon='72.6852325' />
  <node id='11891553421' timestamp='2024-05-09T14:25:56Z' uid='18353822' user='futuretale200' visible='true' version='1' changeset='151103252' lat='23.2069281' lon='72.6852184' />
  <node id='11891553422' timestamp='2024-05-09T14:25:56Z' uid='18353822' user='futuretale200' visible='true' version='1' changeset='151103252' lat='23.2069903' lon='72.6852628' />
  <node id='11891553423' timestamp='2024-05-09T14:25:56Z' uid='18353822' user='futuretale200' visible='true' version='1' changeset='151103252' lat='23.2069678' lon='72.6853001' />
  <node id='11891553424' timestamp='2024-05-09T14:25:56Z' uid='18353822' user='futuretale200' visible='true' version='1' changeset='151103252' lat='23.2069558' lon='72.6852915' />
  <node id='11891553425' timestamp='2024-05-09T14:25:56Z' uid='18353822' user='futuretale200' visible='true' version='1' changeset='151103252' lat='23.2069329' lon='72.6853295' />
  <node id='11891553426' timestamp='2024-05-09T14:25:56Z' uid='18353822' user='futuretale200' visible='true' version='1' changeset='151103252' lat='23.2069507' lon='72.6853327' />
  <node id='11891553427' timestamp='2024-05-09T14:25:56Z' uid='18353822' user='futuretale200' visible='true' version='1' changeset='151103252' lat='23.2069228' lon='72.6853962' />
  <node id='11891553428' timestamp='2024-05-09T14:25:56Z' uid='18353822' user='futuretale200' visible='true' version='1' changeset='151103252' lat='23.2068913' lon='72.6853798' />
  <node id='11891553429' timestamp='2024-05-09T14:25:56Z' uid='18353822' user='futuretale200' visible='true' version='1' changeset='151103252' lat='23.2068718' lon='72.6854243' />
  <node id='11891553430' timestamp='2024-05-09T14:25:56Z' uid='18353822' user='futuretale200' visible='true' version='1' changeset='151103252' lat='23.2068865' lon='72.6854319' />
  <node id='11891553431' timestamp='2024-05-09T14:25:56Z' uid='18353822' user='futuretale200' visible='true' version='1' changeset='151103252' lat='23.2068587' lon='72.6854951' />
  <node id='11891553432' timestamp='2024-05-09T14:25:56Z' uid='18353822' user='futuretale200' visible='true' version='1' changeset='151103252' lat='23.2068353' lon='72.6854829' />
  <node id='11891553433' timestamp='2024-05-09T14:25:56Z' uid='18353822' user='futuretale200' visible='true' version='1' changeset='151103252' lat='23.2068146' lon='72.6855301' />
  <node id='11891553434' timestamp='2024-05-09T14:25:56Z' uid='18353822' user='futuretale200' visible='true' version='1' changeset='151103252' lat='23.2068363' lon='72.6855301' />
  <node id='11891553435' timestamp='2024-05-09T14:25:56Z' uid='18353822' user='futuretale200' visible='true' version='1' changeset='151103252' lat='23.2067959' lon='72.6855969' />
  <node id='11891553436' timestamp='2024-05-09T14:25:56Z' uid='18353822' user='futuretale200' visible='true' version='1' changeset='151103252' lat='23.2067808' lon='72.6855862' />
  <node id='11891553437' timestamp='2024-05-09T14:25:56Z' uid='18353822' user='futuretale200' visible='true' version='1' changeset='151103252' lat='23.206772' lon='72.6856008' />
  <node id='11891553438' timestamp='2024-05-09T14:25:56Z' uid='18353822' user='futuretale200' visible='true' version='1' changeset='151103252' lat='23.2066616' lon='72.6855219' />
  <node id='11891553439' timestamp='2024-05-09T14:25:56Z' uid='18353822' user='futuretale200' visible='true' version='1' changeset='151103252' lat='23.2066732' lon='72.6855027' />
  <node id='11891553440' timestamp='2024-05-09T14:25:56Z' uid='18353822' user='futuretale200' visible='true' version='1' changeset='151103252' lat='23.2066583' lon='72.6854921' />
  <node id='11891553441' timestamp='2024-05-09T14:25:56Z' uid='18353822' user='futuretale200' visible='true' version='1' changeset='151103252' lat='23.2066886' lon='72.6854419' />
  <node id='11891553442' timestamp='2024-05-09T14:25:56Z' uid='18353822' user='futuretale200' visible='true' version='1' changeset='151103252' lat='23.2067126' lon='72.6854591' />
  <node id='11891553443' timestamp='2024-05-09T14:25:56Z' uid='18353822' user='futuretale200' visible='true' version='1' changeset='151103252' lat='23.2067258' lon='72.6854372' />
  <node id='11891553444' timestamp='2024-05-09T14:25:56Z' uid='18353822' user='futuretale200' visible='true' version='1' changeset='151103252' lat='23.2067689' lon='72.685468' />
  <node id='11891553445' timestamp='2024-05-09T14:25:56Z' uid='18353822' user='futuretale200' visible='true' version='1' changeset='151103252' lat='23.206816' lon='72.6853898' />
  <node id='11891553446' timestamp='2024-05-09T14:25:56Z' uid='18353822' user='futuretale200' visible='true' version='1' changeset='151103252' lat='23.2067468' lon='72.6853404' />
  <node id='11891553447' timestamp='2024-05-09T14:25:56Z' uid='18353822' user='futuretale200' visible='true' version='1' changeset='151103252' lat='23.2067712' lon='72.6853' />
  <node id='11891553448' timestamp='2024-05-09T14:25:56Z' uid='18353822' user='futuretale200' visible='true' version='1' changeset='151103252' lat='23.2067031' lon='72.6852514' />
  <node id='11891553449' timestamp='2024-05-09T14:25:56Z' uid='18353822' user='futuretale200' visible='true' version='1' changeset='151103252' lat='23.2066908' lon='72.6852717' />
  <node id='11891553450' timestamp='2024-05-09T14:25:56Z' uid='18353822' user='futuretale200' visible='true' version='1' changeset='151103252' lat='23.2067067' lon='72.685283' />
  <node id='11891553451' timestamp='2024-05-09T14:25:56Z' uid='18353822' user='futuretale200' visible='true' version='1' changeset='151103252' lat='23.206654' lon='72.6853708' />
  <node id='11891553452' timestamp='2024-05-09T14:25:56Z' uid='18353822' user='futuretale200' visible='true' version='1' changeset='151103252' lat='23.2066402' lon='72.6853611' />
  <node id='11891553453' timestamp='2024-05-09T14:25:56Z' uid='18353822' user='futuretale200' visible='true' version='1' changeset='151103252' lat='23.2066323' lon='72.6853744' />
  <node id='11891553454' timestamp='2024-05-09T14:25:56Z' uid='18353822' user='futuretale200' visible='true' version='1' changeset='151103252' lat='23.2066433' lon='72.6853822' />
  <node id='11891553455' timestamp='2024-05-09T14:25:56Z' uid='18353822' user='futuretale200' visible='true' version='1' changeset='151103252' lat='23.2065972' lon='72.6854599' />
  <node id='11891553456' timestamp='2024-05-09T14:25:56Z' uid='18353822' user='futuretale200' visible='true' version='1' changeset='151103252' lat='23.2065851' lon='72.6854515' />
  <node id='11891553457' timestamp='2024-05-09T14:25:56Z' uid='18353822' user='futuretale200' visible='true' version='1' changeset='151103252' lat='23.2065741' lon='72.6854701' />
  <node id='11891553458' timestamp='2024-05-09T14:25:56Z' uid='18353822' user='futuretale200' visible='true' version='1' changeset='151103252' lat='23.2065254' lon='72.6854361' />
  <node id='11891553459' timestamp='2024-05-09T14:25:56Z' uid='18353822' user='futuretale200' visible='true' version='1' changeset='151103252' lat='23.2064833' lon='72.6855076' />
  <node id='11891553460' timestamp='2024-05-09T14:25:56Z' uid='18353822' user='futuretale200' visible='true' version='1' changeset='151103252' lat='23.2064714' lon='72.6854893' />
  <node id='11891553461' timestamp='2024-05-09T14:25:56Z' uid='18353822' user='futuretale200' visible='true' version='1' changeset='151103252' lat='23.2065136' lon='72.6854138' />
  <node id='11891553462' timestamp='2024-05-09T14:25:56Z' uid='18353822' user='futuretale200' visible='true' version='1' changeset='151103252' lat='23.2064606' lon='72.6853788' />
  <node id='11891553463' timestamp='2024-05-09T14:25:56Z' uid='18353822' user='futuretale200' visible='true' version='1' changeset='151103252' lat='23.2064665' lon='72.6853574' />
  <node id='11891553464' timestamp='2024-05-09T14:25:56Z' uid='18353822' user='futuretale200' visible='true' version='1' changeset='151103252' lat='23.2064496' lon='72.6853454' />
  <node id='11891553465' timestamp='2024-05-09T14:25:56Z' uid='18353822' user='futuretale200' visible='true' version='1' changeset='151103252' lat='23.2064926' lon='72.6852731' />
  <node id='11891553466' timestamp='2024-05-09T14:25:56Z' uid='18353822' user='futuretale200' visible='true' version='1' changeset='151103252' lat='23.2065181' lon='72.6852911' />
  <node id='11891553467' timestamp='2024-05-09T14:25:56Z' uid='18353822' user='futuretale200' visible='true' version='1' changeset='151103252' lat='23.206536' lon='72.685261' />
  <node id='11891553468' timestamp='2024-05-09T14:25:56Z' uid='18353822' user='futuretale200' visible='true' version='1' changeset='151103252' lat='23.2065213' lon='72.6852506' />
  <node id='11891553669' timestamp='2024-05-09T14:25:56Z' uid='18353822' user='futuretale200' visible='true' version='1' changeset='151103252' lat='23.2065495' lon='72.6852034' />
  <node id='11891553670' timestamp='2024-05-09T14:25:56Z' uid='18353822' user='futuretale200' visible='true' version='1' changeset='151103252' lat='23.2065751' lon='72.6852215' />
  <node id='11891553671' timestamp='2024-05-09T14:25:56Z' uid='18353822' user='futuretale200' visible='true' version='1' changeset='151103252' lat='23.2066096' lon='72.6851637' />
  <node id='11891553672' timestamp='2024-05-09T14:25:56Z' uid='18353822' user='futuretale200' visible='true' version='1' changeset='151103252' lat='23.2065925' lon='72.6851516' />
  <node id='11891553673' timestamp='2024-05-09T14:25:56Z' uid='18353822' user='futuretale200' visible='true' version='1' changeset='151103252' lat='23.2066139' lon='72.685116' />
  <node id='11891553674' timestamp='2024-05-09T14:25:56Z' uid='18353822' user='futuretale200' visible='true' version='1' changeset='151103252' lat='23.2066307' lon='72.6851279' />
  <node id='11891553675' timestamp='2024-05-09T14:25:56Z' uid='18353822' user='futuretale200' visible='true' version='1' changeset='151103252' lat='23.2066395' lon='72.6851132' />
  <node id='11891553676' timestamp='2024-05-09T14:25:56Z' uid='18353822' user='futuretale200' visible='true' version='1' changeset='151103252' lat='23.2067069' lon='72.6851613' />
  <node id='11891553677' timestamp='2024-05-09T14:25:56Z' uid='18353822' user='futuretale200' visible='true' version='1' changeset='151103252' lat='23.2067257' lon='72.6851302' />
  <node id='11891553678' timestamp='2024-05-09T14:25:56Z' uid='18353822' user='futuretale200' visible='true' version='1' changeset='151103252' lat='23.2064631' lon='72.6857632' />
  <node id='11891553679' timestamp='2024-05-09T14:25:56Z' uid='18353822' user='futuretale200' visible='true' version='1' changeset='151103252' lat='23.2064195' lon='72.6857322' />
  <node id='11891553680' timestamp='2024-05-09T14:25:56Z' uid='18353822' user='futuretale200' visible='true' version='1' changeset='151103252' lat='23.20644' lon='72.6857012' />
  <node id='11891553681' timestamp='2024-05-09T14:25:56Z' uid='18353822' user='futuretale200' visible='true' version='1' changeset='151103252' lat='23.206389' lon='72.6856612' />
  <node id='11891553682' timestamp='2024-05-09T14:25:56Z' uid='18353822' user='futuretale200' visible='true' version='1' changeset='151103252' lat='23.2064347' lon='72.6855921' />
  <node id='11891553683' timestamp='2024-05-09T14:25:56Z' uid='18353822' user='futuretale200' visible='true' version='1' changeset='151103252' lat='23.206474' lon='72.6856186' />
  <node id='11891553684' timestamp='2024-05-09T14:25:56Z' uid='18353822' user='futuretale200' visible='true' version='1' changeset='151103252' lat='23.206484' lon='72.6855904' />
  <node id='11891553685' timestamp='2024-05-09T14:25:56Z' uid='18353822' user='futuretale200' visible='true' version='1' changeset='151103252' lat='23.206507' lon='72.6856052' />
  <node id='11891553686' timestamp='2024-05-09T14:25:56Z' uid='18353822' user='futuretale200' visible='true' version='1' changeset='151103252' lat='23.2065364' lon='72.6855511' />
  <node id='11891553687' timestamp='2024-05-09T14:25:56Z' uid='18353822' user='futuretale200' visible='true' version='1' changeset='151103252' lat='23.2065171' lon='72.6855387' />
  <node id='11891553688' timestamp='2024-05-09T14:25:56Z' uid='18353822' user='futuretale200' visible='true' version='1' changeset='151103252' lat='23.2065263' lon='72.6855217' />
  <node id='11891553689' timestamp='2024-05-09T14:25:56Z' uid='18353822' user='futuretale200' visible='true' version='1' changeset='151103252' lat='23.2062413' lon='72.6856299' />
  <node id='11891553690' timestamp='2024-05-09T14:25:56Z' uid='18353822' user='futuretale200' visible='true' version='1' changeset='151103252' lat='23.2063071' lon='72.6856772' />
  <node id='11891553691' timestamp='2024-05-09T14:25:56Z' uid='18353822' user='futuretale200' visible='true' version='1' changeset='151103252' lat='23.2063104' lon='72.6856718' />
  <node id='11891553692' timestamp='2024-05-09T14:25:56Z' uid='18353822' user='futuretale200' visible='true' version='1' changeset='151103252' lat='23.206276' lon='72.6856472' />
  <node id='11891553693' timestamp='2024-05-09T14:25:56Z' uid='18353822' user='futuretale200' visible='true' version='1' changeset='151103252' lat='23.2063904' lon='72.6854577' />
  <node id='11891553694' timestamp='2024-05-09T14:25:56Z' uid='18353822' user='futuretale200' visible='true' version='1' changeset='151103252' lat='23.2064031' lon='72.6854734' />
  <node id='11891553695' timestamp='2024-05-09T14:25:56Z' uid='18353822' user='futuretale200' visible='true' version='1' changeset='151103252' lat='23.2063062' lon='72.6849965' />
  <node id='11891553696' timestamp='2024-05-09T14:25:56Z' uid='18353822' user='futuretale200' visible='true' version='1' changeset='151103252' lat='23.2063312' lon='72.6849563' />
  <node id='11891553697' timestamp='2024-05-09T14:25:56Z' uid='18353822' user='futuretale200' visible='true' version='1' changeset='151103252' lat='23.2063895' lon='72.6849992' />
  <node id='11891553698' timestamp='2024-05-09T14:25:56Z' uid='18353822' user='futuretale200' visible='true' version='1' changeset='151103252' lat='23.2063544' lon='72.6850214' />
  <node id='11891553699' timestamp='2024-05-09T14:25:56Z' uid='18353822' user='futuretale200' visible='true' version='1' changeset='151103252' lat='23.2063707' lon='72.6850318' />
  <node id='11891553700' timestamp='2024-05-09T14:25:56Z' uid='18353822' user='futuretale200' visible='true' version='1' changeset='151103252' lat='23.2063199' lon='72.6851258' />
  <node id='11891553701' timestamp='2024-05-09T14:25:56Z' uid='18353822' user='futuretale200' visible='true' version='1' changeset='151103252' lat='23.2062671' lon='72.685092' />
  <node id='11891553702' timestamp='2024-05-09T14:25:56Z' uid='18353822' user='futuretale200' visible='true' version='1' changeset='151103252' lat='23.2062616' lon='72.6851022' />
  <node id='11891553703' timestamp='2024-05-09T14:25:56Z' uid='18353822' user='futuretale200' visible='true' version='1' changeset='151103252' lat='23.2063042' lon='72.6851291' />
  <node id='11891553704' timestamp='2024-05-09T14:25:56Z' uid='18353822' user='futuretale200' visible='true' version='1' changeset='151103252' lat='23.2062546' lon='72.6852223' />
  <node id='11891553705' timestamp='2024-05-09T14:25:56Z' uid='18353822' user='futuretale200' visible='true' version='1' changeset='151103252' lat='23.2062476' lon='72.6852179' />
  <node id='11891553706' timestamp='2024-05-09T14:25:56Z' uid='18353822' user='futuretale200' visible='true' version='1' changeset='151103252' lat='23.2062323' lon='72.6852474' />
  <node id='11891553707' timestamp='2024-05-09T14:25:56Z' uid='18353822' user='futuretale200' visible='true' version='1' changeset='151103252' lat='23.2061607' lon='72.6852036' />
  <node id='11891553708' timestamp='2024-05-09T14:25:56Z' uid='18353822' user='futuretale200' visible='true' version='1' changeset='151103252' lat='23.2061067' lon='72.6853084' />
  <node id='11891553709' timestamp='2024-05-09T14:25:56Z' uid='18353822' user='futuretale200' visible='true' version='1' changeset='151103252' lat='23.2061658' lon='72.6853443' />
  <node id='11891553710' timestamp='2024-05-09T14:25:56Z' uid='18353822' user='futuretale200' visible='true' version='1' changeset='151103252' lat='23.2061535' lon='72.6853684' />
  <node id='11891553711' timestamp='2024-05-09T14:25:56Z' uid='18353822' user='futuretale200' visible='true' version='1' changeset='151103252' lat='23.2061647' lon='72.6853751' />
  <node id='11891553712' timestamp='2024-05-09T14:25:56Z' uid='18353822' user='futuretale200' visible='true' version='1' changeset='151103252' lat='23.2061296' lon='72.6854447' />
  <node id='11891553713' timestamp='2024-05-09T14:25:56Z' uid='18353822' user='futuretale200' visible='true' version='1' changeset='151103252' lat='23.2061149' lon='72.685436' />
  <node id='11891553714' timestamp='2024-05-09T14:25:56Z' uid='18353822' user='futuretale200' visible='true' version='1' changeset='151103252' lat='23.2061033' lon='72.6854591' />
  <node id='11891553715' timestamp='2024-05-09T14:25:56Z' uid='18353822' user='futuretale200' visible='true' version='1' changeset='151103252' lat='23.2060483' lon='72.6854267' />
  <node id='11891553716' timestamp='2024-05-09T14:25:56Z' uid='18353822' user='futuretale200' visible='true' version='1' changeset='151103252' lat='23.2060344' lon='72.6854548' />
  <node id='11891553717' timestamp='2024-05-09T14:25:56Z' uid='18353822' user='futuretale200' visible='true' version='1' changeset='151103252' lat='23.2061051' lon='72.6854964' />
  <node id='11891553718' timestamp='2024-05-09T14:25:56Z' uid='18353822' user='futuretale200' visible='true' version='1' changeset='151103252' lat='23.2060565' lon='72.6855944' />
  <node id='11891553719' timestamp='2024-05-09T14:25:56Z' uid='18353822' user='futuretale200' visible='true' version='1' changeset='151103252' lat='23.206027' lon='72.6855612' />
  <node id='11891553720' timestamp='2024-05-09T14:25:56Z' uid='18353822' user='futuretale200' visible='true' version='1' changeset='151103252' lat='23.2060179' lon='72.6855764' />
  <node id='11891553721' timestamp='2024-05-09T14:25:56Z' uid='18353822' user='futuretale200' visible='true' version='1' changeset='151103252' lat='23.2058851' lon='72.6854822' />
  <node id='11891553722' timestamp='2024-05-09T14:25:56Z' uid='18353822' user='futuretale200' visible='true' version='1' changeset='151103252' lat='23.2059004' lon='72.6854567' />
  <node id='11891553723' timestamp='2024-05-09T14:25:56Z' uid='18353822' user='futuretale200' visible='true' version='1' changeset='151103252' lat='23.2058657' lon='72.6854321' />
  <node id='11891553724' timestamp='2024-05-09T14:25:56Z' uid='18353822' user='futuretale200' visible='true' version='1' changeset='151103252' lat='23.2058796' lon='72.6854089' />
  <node id='11891553725' timestamp='2024-05-09T14:25:56Z' uid='18353822' user='futuretale200' visible='true' version='1' changeset='151103252' lat='23.205917' lon='72.6854354' />
  <node id='11891553726' timestamp='2024-05-09T14:25:56Z' uid='18353822' user='futuretale200' visible='true' version='1' changeset='151103252' lat='23.2059391' lon='72.6853984' />
  <node id='11891553727' timestamp='2024-05-09T14:25:56Z' uid='18353822' user='futuretale200' visible='true' version='1' changeset='151103252' lat='23.2059236' lon='72.6853874' />
  <node id='11891553728' timestamp='2024-05-09T14:25:56Z' uid='18353822' user='futuretale200' visible='true' version='1' changeset='151103252' lat='23.2059684' lon='72.6853127' />
  <node id='11891553729' timestamp='2024-05-09T14:25:56Z' uid='18353822' user='futuretale200' visible='true' version='1' changeset='151103252' lat='23.2060305' lon='72.6853568' />
  <node id='11891553730' timestamp='2024-05-09T14:25:56Z' uid='18353822' user='futuretale200' visible='true' version='1' changeset='151103252' lat='23.2060405' lon='72.6853401' />
  <node id='11891553731' timestamp='2024-05-09T14:25:56Z' uid='18353822' user='futuretale200' visible='true' version='1' changeset='151103252' lat='23.205985' lon='72.6853006' />
  <node id='11891553732' timestamp='2024-05-09T14:25:56Z' uid='18353822' user='futuretale200' visible='true' version='1' changeset='151103252' lat='23.2060363' lon='72.6852154' />
  <node id='11891553733' timestamp='2024-05-09T14:25:56Z' uid='18353822' user='futuretale200' visible='true' version='1' changeset='151103252' lat='23.2060534' lon='72.6852276' />
  <node id='11891553734' timestamp='2024-05-09T14:25:56Z' uid='18353822' user='futuretale200' visible='true' version='1' changeset='151103252' lat='23.2060881' lon='72.68517' />
  <node id='11891553735' timestamp='2024-05-09T14:25:56Z' uid='18353822' user='futuretale200' visible='true' version='1' changeset='151103252' lat='23.2060654' lon='72.6851538' />
  <node id='11891553736' timestamp='2024-05-09T14:25:56Z' uid='18353822' user='futuretale200' visible='true' version='1' changeset='151103252' lat='23.2061149' lon='72.6850714' />
  <node id='11891553737' timestamp='2024-05-09T14:25:56Z' uid='18353822' user='futuretale200' visible='true' version='1' changeset='151103252' lat='23.2061754' lon='72.6851144' />
  <node id='11891553738' timestamp='2024-05-09T14:25:56Z' uid='18353822' user='futuretale200' visible='true' version='1' changeset='151103252' lat='23.2061898' lon='72.6850904' />
  <node id='11891553739' timestamp='2024-05-09T14:25:56Z' uid='18353822' user='futuretale200' visible='true' version='1' changeset='151103252' lat='23.2061378' lon='72.6850534' />
  <node id='11891553740' timestamp='2024-05-09T14:25:56Z' uid='18353822' user='futuretale200' visible='true' version='1' changeset='151103252' lat='23.2061845' lon='72.6849758' />
  <node id='11891553741' timestamp='2024-05-09T14:25:56Z' uid='18353822' user='futuretale200' visible='true' version='1' changeset='151103252' lat='23.2062015' lon='72.684998' />
  <node id='11891553742' timestamp='2024-05-09T14:25:56Z' uid='18353822' user='futuretale200' visible='true' version='1' changeset='151103252' lat='23.2062398' lon='72.6849362' />
  <node id='11891553743' timestamp='2024-05-09T14:25:56Z' uid='18353822' user='futuretale200' visible='true' version='1' changeset='151103252' lat='23.2061994' lon='72.6849064' />
  <node id='11891553744' timestamp='2024-05-09T14:25:56Z' uid='18353822' user='futuretale200' visible='true' version='1' changeset='151103252' lat='23.2061813' lon='72.6849356' />
  <node id='11891553745' timestamp='2024-05-09T14:25:56Z' uid='18353822' user='futuretale200' visible='true' version='1' changeset='151103252' lat='23.2061513' lon='72.6849136' />
  <node id='11891553746' timestamp='2024-05-09T14:25:56Z' uid='18353822' user='futuretale200' visible='true' version='1' changeset='151103252' lat='23.2061923' lon='72.6848477' />
  <node id='11891553747' timestamp='2024-05-09T14:25:56Z' uid='18353822' user='futuretale200' visible='true' version='1' changeset='151103252' lat='23.2063111' lon='72.684935' />
  <node id='11891553748' timestamp='2024-05-09T14:25:56Z' uid='18353822' user='futuretale200' visible='true' version='1' changeset='151103252' lat='23.2062833' lon='72.6849797' />
  <node id='11891553749' timestamp='2024-05-09T14:25:56Z' uid='18353822' user='futuretale200' visible='true' version='1' changeset='151103252' lat='23.206207' lon='72.6848238' />
  <node id='11891553750' timestamp='2024-05-09T14:25:56Z' uid='18353822' user='futuretale200' visible='true' version='1' changeset='151103252' lat='23.206079' lon='72.6850346' />
  <node id='11891553751' timestamp='2024-05-09T14:25:56Z' uid='18353822' user='futuretale200' visible='true' version='1' changeset='151103252' lat='23.2058994' lon='72.684901' />
  <node id='11891553752' timestamp='2024-05-09T14:25:56Z' uid='18353822' user='futuretale200' visible='true' version='1' changeset='151103252' lat='23.2060191' lon='72.6847329' />
  <node id='11891553773' timestamp='2024-05-09T14:25:56Z' uid='18353822' user='futuretale200' visible='true' version='1' changeset='151103252' lat='23.2058163' lon='72.6854688' />
  <node id='11891553774' timestamp='2024-05-09T14:25:56Z' uid='18353822' user='futuretale200' visible='true' version='1' changeset='151103252' lat='23.2050882' lon='72.6849539' />
  <node id='11891553775' timestamp='2024-05-09T14:25:56Z' uid='18353822' user='futuretale200' visible='true' version='1' changeset='151103252' lat='23.2050607' lon='72.684938' />
  <node id='11891553776' timestamp='2024-05-09T14:25:56Z' uid='18353822' user='futuretale200' visible='true' version='1' changeset='151103252' lat='23.2050871' lon='72.6848842' />
  <node id='11891553777' timestamp='2024-05-09T14:25:56Z' uid='18353822' user='futuretale200' visible='true' version='1' changeset='151103252' lat='23.2050871' lon='72.6847609' />
  <node id='11891553778' timestamp='2024-05-09T14:25:56Z' uid='18353822' user='futuretale200' visible='true' version='1' changeset='151103252' lat='23.2050152' lon='72.6847193' />
  <node id='11891553779' timestamp='2024-05-09T14:25:56Z' uid='18353822' user='futuretale200' visible='true' version='1' changeset='151103252' lat='23.2049189' lon='72.6849162' />
  <node id='11891553780' timestamp='2024-05-09T14:25:56Z' uid='18353822' user='futuretale200' visible='true' version='1' changeset='151103252' lat='23.2048045' lon='72.68485' />
  <node id='11891553781' timestamp='2024-05-09T14:25:56Z' uid='18353822' user='futuretale200' visible='true' version='1' changeset='151103252' lat='23.2050508' lon='72.6843463' />
  <node id='11891553782' timestamp='2024-05-09T14:25:56Z' uid='18353822' user='futuretale200' visible='true' version='1' changeset='151103252' lat='23.2055122' lon='72.6846134' />
  <node id='11891553783' timestamp='2024-05-09T14:25:56Z' uid='18353822' user='futuretale200' visible='true' version='1' changeset='151103252' lat='23.2065415' lon='72.6861573' />
  <node id='11891553784' timestamp='2024-05-09T14:25:56Z' uid='18353822' user='futuretale200' visible='true' version='1' changeset='151103252' lat='23.2059143' lon='72.687183' />
  <node id='11891553785' timestamp='2024-05-09T14:25:56Z' uid='18353822' user='futuretale200' visible='true' version='1' changeset='151103252' lat='23.2057684' lon='72.6874834' />
  <node id='11891553786' timestamp='2024-05-09T14:25:56Z' uid='18353822' user='futuretale200' visible='true' version='1' changeset='151103252' lat='23.205583' lon='72.6873976' />
  <node id='11891553787' timestamp='2024-05-09T14:25:56Z' uid='18353822' user='futuretale200' visible='true' version='1' changeset='151103252' lat='23.205299' lon='72.6871701' />
  <node id='11891553788' timestamp='2024-05-09T14:25:56Z' uid='18353822' user='futuretale200' visible='true' version='1' changeset='151103252' lat='23.2050466' lon='72.6869642' />
  <node id='11891553789' timestamp='2024-05-09T14:25:56Z' uid='18353822' user='futuretale200' visible='true' version='1' changeset='151103252' lat='23.2048691' lon='72.6867496' />
  <node id='11891553790' timestamp='2024-05-09T14:25:56Z' uid='18353822' user='futuretale200' visible='true' version='1' changeset='151103252' lat='23.204731' lon='72.6864835' />
  <node id='11891553791' timestamp='2024-05-09T14:25:56Z' uid='18353822' user='futuretale200' visible='true' version='1' changeset='151103252' lat='23.2047153' lon='72.6862389' />
  <node id='11891553792' timestamp='2024-05-09T14:25:56Z' uid='18353822' user='futuretale200' visible='true' version='1' changeset='151103252' lat='23.2046916' lon='72.6859385' />
  <node id='11891553793' timestamp='2024-05-09T14:25:56Z' uid='18353822' user='futuretale200' visible='true' version='1' changeset='151103252' lat='23.2047271' lon='72.6856681' />
  <node id='11891553794' timestamp='2024-05-09T14:25:56Z' uid='18353822' user='futuretale200' visible='true' version='1' changeset='151103252' lat='23.2048296' lon='72.6853377' />
  <node id='11891553795' timestamp='2024-05-09T14:25:56Z' uid='18353822' user='futuretale200' visible='true' version='1' changeset='151103252' lat='23.2049282' lon='72.6850759' />
  <node id='11891553796' timestamp='2024-05-09T14:25:56Z' uid='18353822' user='futuretale200' visible='true' version='1' changeset='151103252' lat='23.2096745' lon='72.6845528' />
  <node id='11891553797' timestamp='2024-05-09T14:25:56Z' uid='18353822' user='futuretale200' visible='true' version='1' changeset='151103252' lat='23.2095191' lon='72.6847639' />
  <node id='11891553798' timestamp='2024-05-09T14:25:56Z' uid='18353822' user='futuretale200' visible='true' version='1' changeset='151103252' lat='23.2095017' lon='72.6847457' />
  <node id='11891553799' timestamp='2024-05-09T14:25:56Z' uid='18353822' user='futuretale200' visible='true' version='1' changeset='151103252' lat='23.2140667' lon='72.6901479' />
  <node id='11891553800' timestamp='2024-05-09T14:25:56Z' uid='18353822' user='futuretale200' visible='true' version='1' changeset='151103252' lat='23.2133569' lon='72.6866983' />
  <node id='11958946948' timestamp='2024-06-05T18:09:44Z' uid='13913100' user='rahilarious' visible='true' version='1' changeset='152299907' lat='23.2128085' lon='72.6869792' />
  <node id='11958946949' timestamp='2024-06-05T18:09:44Z' uid='13913100' user='rahilarious' visible='true' version='1' changeset='152299907' lat='23.2119802' lon='72.6869819' />
  <node id='12415654325' timestamp='2024-12-12T11:06:12Z' uid='18826385' user='MarinaKuzko' visible='true' version='1' changeset='160203077' lat='23.2467356' lon='72.6248334' />
  <node id='12415654375' timestamp='2024-12-12T11:06:12Z' uid='18826385' user='MarinaKuzko' visible='true' version='1' changeset='160203077' lat='23.2524422' lon='72.6293843' />
  <node id='12526119536' timestamp='2025-01-23T10:37:57Z' uid='21810426' user='rumanola' visible='true' version='1' changeset='161668678' lat='23.214868' lon='72.6931585' />
  <node id='12526119550' timestamp='2025-01-23T10:37:57Z' uid='21810426' user='rumanola' visible='true' version='1' changeset='161668678' lat='23.2159447' lon='72.6938581' />
  <node id='12535629854' timestamp='2025-01-27T06:04:01Z' uid='19795114' user='kunalchhapre' visible='true' version='1' changeset='161804682' lat='23.1834105' lon='72.6743448' />
  <node id='12548740399' timestamp='2025-02-01T09:48:47Z' uid='19294215' user='akshayola' visible='true' version='1' changeset='162004628' lat='23.2064891' lon='72.6882222' />
  <node id='12548740400' timestamp='2025-02-01T09:48:47Z' uid='19294215' user='akshayola' visible='true' version='1' changeset='162004628' lat='23.2062554' lon='72.6883657' />
  <node id='12548748001' timestamp='2025-02-01T09:48:47Z' uid='19294215' user='akshayola' visible='true' version='1' changeset='162004628' lat='23.2062143' lon='72.6883815' />
  <node id='12548748002' timestamp='2025-02-01T09:48:47Z' uid='19294215' user='akshayola' visible='true' version='1' changeset='162004628' lat='23.2061806' lon='72.6883789' />
  <node id='12548748003' timestamp='2025-02-01T09:48:47Z' uid='19294215' user='akshayola' visible='true' version='1' changeset='162004628' lat='23.2060043' lon='72.6882716' />
  <node id='12548748004' timestamp='2025-02-01T09:48:47Z' uid='19294215' user='akshayola' visible='true' version='1' changeset='162004628' lat='23.205993' lon='72.6882436' />
  <node id='12548748005' timestamp='2025-02-01T09:48:47Z' uid='19294215' user='akshayola' visible='true' version='1' changeset='162004628' lat='23.205993' lon='72.6881864' />
  <way id='29349855' timestamp='2022-10-17T12:37:18Z' uid='10573457' user='Pendulun' visible='true' version='14' changeset='127670163'>
    <nd ref='322848657' />
    <nd ref='9451446695' />
    <nd ref='322849874' />
    <nd ref='3458890615' />
    <nd ref='3458890613' />
    <nd ref='322849875' />
    <nd ref='322849876' />
    <nd ref='5263406088' />
    <nd ref='322849877' />
    <nd ref='5263406089' />
    <nd ref='5263406090' />
    <nd ref='9451446707' />
    <nd ref='9451446706' />
    <nd ref='9451446705' />
    <nd ref='9451446704' />
    <nd ref='3458890637' />
    <nd ref='3458890638' />
    <nd ref='3459618755' />
    <nd ref='322849883' />
    <nd ref='322849884' />
    <nd ref='322849885' />
    <nd ref='322849886' />
    <nd ref='322849887' />
    <nd ref='322849888' />
    <nd ref='322849889' />
    <nd ref='322849890' />
    <nd ref='322849891' />
    <nd ref='322849892' />
    <nd ref='322849893' />
    <nd ref='322849894' />
    <nd ref='322849895' />
    <nd ref='322849896' />
    <nd ref='10108616110' />
    <nd ref='322849897' />
    <nd ref='322849898' />
    <nd ref='322849899' />
    <nd ref='322849900' />
    <nd ref='322849901' />
    <nd ref='322849902' />
    <nd ref='3459621935' />
    <nd ref='322849903' />
    <nd ref='322849904' />
    <nd ref='322849905' />
    <nd ref='322849906' />
    <nd ref='322849907' />
    <nd ref='3459621977' />
    <nd ref='322849908' />
    <nd ref='322849909' />
    <nd ref='322849910' />
    <nd ref='322849911' />
    <nd ref='322849912' />
    <nd ref='322849913' />
    <nd ref='322849914' />
    <nd ref='322849915' />
    <nd ref='322849916' />
    <nd ref='322849917' />
    <nd ref='322849918' />
    <nd ref='322849919' />
    <nd ref='322849920' />
    <nd ref='322849921' />
    <nd ref='322849922' />
    <nd ref='322849925' />
    <nd ref='322849926' />
    <nd ref='322849927' />
    <nd ref='322849928' />
    <nd ref='322849929' />
    <nd ref='322849930' />
    <nd ref='322849931' />
    <nd ref='322849932' />
    <nd ref='322849933' />
    <nd ref='322849934' />
    <nd ref='322849935' />
    <nd ref='322849936' />
    <nd ref='322849937' />
    <nd ref='322849938' />
    <nd ref='322849939' />
    <nd ref='322849940' />
    <nd ref='322849942' />
    <nd ref='322849943' />
    <nd ref='322849944' />
    <nd ref='3459621947' />
    <nd ref='322849945' />
    <nd ref='322849946' />
    <nd ref='3459206823' />
    <nd ref='322849947' />
    <nd ref='3459206805' />
    <nd ref='322849948' />
    <nd ref='322849949' />
    <nd ref='322849950' />
    <nd ref='322849951' />
    <nd ref='322849952' />
    <nd ref='322849953' />
    <nd ref='3458890655' />
    <nd ref='322849954' />
    <nd ref='322849955' />
    <nd ref='322849956' />
    <nd ref='322849957' />
    <nd ref='322849958' />
    <nd ref='322849959' />
    <nd ref='322849960' />
    <nd ref='322849961' />
    <nd ref='322849962' />
    <nd ref='322849963' />
    <nd ref='3458890622' />
    <nd ref='5263406091' />
    <nd ref='5263406087' />
    <nd ref='5263406086' />
    <nd ref='322849965' />
    <nd ref='322849967' />
    <nd ref='322849968' />
    <nd ref='322848654' />
    <nd ref='322847260' />
    <nd ref='322847261' />
    <nd ref='9451446699' />
    <nd ref='3458890609' />
    <nd ref='322848657' />
    <tag k='natural' v='water' />
    <tag k='water' v='river' />
  </way>
  <way id='164775730' timestamp='2021-02-05T07:13:06Z' uid='10797461' user='VLD146' visible='true' version='10' changeset='98747529'>
    <nd ref='1763813974' />
    <nd ref='2394217022' />
    <nd ref='1958739234' />
    <nd ref='1763813970' />
    <nd ref='1958739230' />
    <nd ref='1763813971' />
    <nd ref='1763813973' />
    <nd ref='1958739236' />
    <nd ref='1763813972' />
    <nd ref='1958739232' />
    <nd ref='1958739226' />
    <nd ref='1763813969' />
    <nd ref='1763813968' />
    <nd ref='1763813967' />
    <nd ref='1763813966' />
    <nd ref='2394217021' />
    <nd ref='1763813965' />
    <nd ref='1958739205' />
    <nd ref='1763813964' />
    <nd ref='1958739200' />
    <nd ref='1763813963' />
    <nd ref='1958739196' />
    <nd ref='1763813962' />
    <nd ref='1958739186' />
    <nd ref='1763813960' />
    <nd ref='1958739176' />
    <nd ref='1763813957' />
    <nd ref='1958739166' />
    <nd ref='1763813954' />
    <nd ref='1958739160' />
    <nd ref='1763813956' />
    <nd ref='1763813958' />
    <nd ref='1958739182' />
    <nd ref='1763813961' />
    <nd ref='1958739185' />
    <nd ref='1958739183' />
    <nd ref='1763813959' />
    <nd ref='1958739173' />
    <nd ref='1958739171' />
    <nd ref='1958739169' />
    <nd ref='1958739168' />
    <nd ref='1763813955' />
    <nd ref='1958739164' />
    <nd ref='1763813953' />
    <nd ref='1958739148' />
    <nd ref='1958739147' />
    <nd ref='1763813952' />
    <nd ref='1958739146' />
    <nd ref='1763813951' />
    <nd ref='1958739144' />
    <nd ref='1763813950' />
    <nd ref='1958739143' />
    <nd ref='1763813949' />
    <nd ref='1958739142' />
    <nd ref='1763813948' />
    <nd ref='1958739139' />
    <nd ref='1763813947' />
    <nd ref='1958739134' />
    <nd ref='1763813946' />
    <nd ref='1958739131' />
    <nd ref='1958739129' />
    <nd ref='1958739125' />
    <nd ref='1763813945' />
    <nd ref='1763813944' />
    <nd ref='1763813943' />
    <nd ref='1763813942' />
    <nd ref='1763813941' />
    <nd ref='1763813940' />
    <nd ref='1763813939' />
    <nd ref='1763813938' />
    <nd ref='1958739115' />
    <nd ref='1763813937' />
    <nd ref='1958739113' />
    <nd ref='8396090653' />
    <nd ref='1763813936' />
    <nd ref='1958739112' />
    <nd ref='1763813935' />
    <nd ref='1763813934' />
    <nd ref='1877453055' />
    <nd ref='1763813933' />
    <nd ref='1763813932' />
    <nd ref='1958739109' />
    <nd ref='1763813931' />
    <nd ref='1763813930' />
    <nd ref='1763813929' />
    <nd ref='1763813928' />
    <nd ref='1763813927' />
    <nd ref='1958739107' />
    <nd ref='1763813926' />
    <nd ref='1763813925' />
    <nd ref='1763813924' />
    <nd ref='1958739106' />
    <nd ref='1763813923' />
    <nd ref='1958739105' />
    <nd ref='1763813922' />
    <nd ref='1958739103' />
    <nd ref='1763813919' />
    <nd ref='1763813920' />
    <nd ref='1958739104' />
    <nd ref='1763813921' />
    <nd ref='1958739102' />
    <nd ref='1763813918' />
    <nd ref='1763813917' />
    <nd ref='6621549786' />
    <nd ref='1763813916' />
    <nd ref='8395818917' />
    <nd ref='1763813909' />
    <tag k='alt_name:ar' v='نهر سابارماتي' />
    <tag k='name' v='Sabarmati' />
    <tag k='name:ar' v='نهر سبارمتي' />
    <tag k='name:gu' v='સાબરમતી' />
    <tag k='name:kn' v='ಸಾಬರಮತಿ' />
    <tag k='name:ur' v='دریائے سابرمتی' />
    <tag k='short_name:ar' v='سبارمتي' />
    <tag k='waterway' v='river' />
  </way>
  <way id='307192494' timestamp='2024-02-29T06:46:33Z' uid='16275581' user='ompatekar' visible='true' version='19' changeset='148038251'>
    <nd ref='6945068975' />
    <nd ref='6945068977' />
    <nd ref='3122732497' />
    <nd ref='8377601479' />
    <nd ref='3122732498' />
    <nd ref='6868879233' />
    <nd ref='3122732499' />
    <nd ref='3122732500' />
    <nd ref='6868879231' />
    <nd ref='6868879232' />
    <nd ref='8377637197' />
    <nd ref='3122732501' />
    <nd ref='6868879230' />
    <nd ref='3122732502' />
    <nd ref='6868879228' />
    <nd ref='6868879229' />
    <nd ref='3122732503' />
    <nd ref='6868879227' />
    <nd ref='6877353763' />
    <nd ref='3122732504' />
    <nd ref='6868879226' />
    <nd ref='3122732505' />
    <nd ref='3122732506' />
    <nd ref='6868879225' />
    <nd ref='3122732507' />
    <nd ref='6868879224' />
    <nd ref='3122732508' />
    <nd ref='3122732509' />
    <nd ref='3122732510' />
    <nd ref='6877142010' />
    <nd ref='6868879222' />
    <nd ref='3122732511' />
    <nd ref='6877036646' />
    <nd ref='6868879221' />
    <nd ref='8377926973' />
    <nd ref='3122732512' />
    <nd ref='6868879220' />
    <nd ref='3122732513' />
    <nd ref='3122732515' />
    <nd ref='8392533893' />
    <nd ref='3122732516' />
    <nd ref='6868879219' />
    <nd ref='6868879217' />
    <nd ref='6868879218' />
    <nd ref='6868879216' />
    <nd ref='6877028811' />
    <nd ref='3122732517' />
    <nd ref='6868879215' />
    <nd ref='3122732518' />
    <nd ref='6868879214' />
    <nd ref='6868879213' />
    <nd ref='6868879212' />
    <nd ref='3122732519' />
    <nd ref='6868879211' />
    <tag k='highway' v='tertiary' />
    <tag k='oneway' v='yes' />
    <tag k='source' v='Bing aerial imagery' />
  </way>
  <way id='338817493' timestamp='2024-05-09T14:25:56Z' uid='18353822' user='futuretale200' visible='true' version='14' changeset='151103252'>
    <nd ref='322849902' />
    <nd ref='3459621938' />
    <nd ref='3459621936' />
    <nd ref='3459621925' />
    <nd ref='3459621921' />
    <nd ref='3459621916' />
    <nd ref='3459621915' />
    <nd ref='3459621914' />
    <nd ref='3459621912' />
    <nd ref='3459621913' />
    <nd ref='3459621911' />
    <nd ref='3459621909' />
    <nd ref='3459621910' />
    <nd ref='3459621908' />
    <nd ref='3459621907' />
    <nd ref='3459621906' />
    <nd ref='3459621905' />
    <nd ref='3459621903' />
    <nd ref='3459621901' />
    <nd ref='3459621900' />
    <nd ref='3459621904' />
    <nd ref='3459621902' />
    <nd ref='3459621899' />
    <nd ref='3459618767' />
    <nd ref='3459618774' />
    <nd ref='3459618769' />
    <nd ref='11891553799' />
    <nd ref='3459618771' />
    <nd ref='3459618779' />
    <nd ref='7444664893' />
    <nd ref='3459618773' />
    <nd ref='3459618775' />
    <nd ref='3459618770' />
    <nd ref='3459618772' />
    <nd ref='3459618777' />
    <nd ref='3459618787' />
    <nd ref='11891259205' />
    <nd ref='3459618781' />
    <nd ref='3459618783' />
    <nd ref='10582176957' />
    <nd ref='3459618789' />
    <nd ref='10582176956' />
    <nd ref='10582239831' />
    <nd ref='10582239836' />
    <nd ref='3459618792' />
    <nd ref='10582239837' />
    <nd ref='10582176955' />
    <nd ref='10582176954' />
    <nd ref='10582176960' />
    <nd ref='10582176959' />
    <nd ref='10582176958' />
    <nd ref='3459621898' />
    <nd ref='10582239879' />
    <nd ref='3459621897' />
    <nd ref='10582176953' />
    <nd ref='3459621894' />
    <nd ref='3459621895' />
    <nd ref='3459621893' />
    <nd ref='3459618791' />
    <nd ref='3459618790' />
    <nd ref='3459618776' />
    <nd ref='3459618768' />
    <nd ref='3459618766' />
    <nd ref='3459618765' />
    <nd ref='3459618764' />
    <nd ref='10585999813' />
    <nd ref='3459618763' />
    <nd ref='11891398759' />
    <nd ref='11891398758' />
    <nd ref='11891398757' />
    <nd ref='11891398756' />
    <nd ref='11891398755' />
    <nd ref='10585999815' />
    <nd ref='10585999814' />
    <nd ref='6512018388' />
    <nd ref='6512018387' />
    <nd ref='3459618762' />
    <nd ref='3459618761' />
    <nd ref='6512029456' />
    <nd ref='3459618759' />
    <nd ref='3459618757' />
    <nd ref='3459618760' />
    <nd ref='3459618756' />
    <nd ref='3459618747' />
    <nd ref='3459618740' />
    <nd ref='3459618738' />
    <nd ref='3459618735' />
    <nd ref='3459618736' />
    <nd ref='3459618739' />
    <nd ref='3459618741' />
    <nd ref='3459618742' />
    <nd ref='3459618749' />
    <nd ref='3459618750' />
    <nd ref='3459618753' />
    <nd ref='3459618754' />
    <nd ref='3459618752' />
    <nd ref='3459618745' />
    <nd ref='3459618746' />
    <nd ref='3459618748' />
    <nd ref='3459618743' />
    <nd ref='3459618737' />
    <nd ref='3459618744' />
    <nd ref='3459618751' />
    <nd ref='3459618755' />
    <nd ref='322849883' />
    <nd ref='322849884' />
    <nd ref='322849885' />
    <nd ref='322849886' />
    <nd ref='322849887' />
    <nd ref='322849888' />
    <nd ref='322849889' />
    <nd ref='322849890' />
    <nd ref='322849891' />
    <nd ref='322849892' />
    <nd ref='322849893' />
    <nd ref='322849894' />
    <nd ref='322849895' />
    <nd ref='322849896' />
    <nd ref='10108616110' />
    <nd ref='322849897' />
    <nd ref='322849898' />
    <nd ref='322849899' />
    <nd ref='322849900' />
    <nd ref='322849901' />
    <nd ref='322849902' />
    <tag k='landuse' v='forest' />
  </way>
  <way id='678188813' timestamp='2019-05-31T11:42:02Z' uid='9957476' user='Karan0908' visible='true' version='3' changeset='70805806'>
    <nd ref='6350037292' />
    <nd ref='6350037293' />
    <nd ref='6512900382' />
    <nd ref='6350037294' />
    <nd ref='6350037295' />
    <nd ref='6513068424' />
    <nd ref='6350037292' />
    <tag k='landuse' v='residential' />
    <tag k='name' v='Housing Block' />
  </way>
  <way id='692219288' timestamp='2024-05-09T13:22:15Z' uid='18353822' user='futuretale200' visible='true' version='7' changeset='151100055'>
    <nd ref='6497616481' />
    <nd ref='11891412881' />
    <nd ref='11891412869' />
    <nd ref='11891412880' />
    <nd ref='11891412882' />
    <nd ref='11891412883' />
    <nd ref='11891412884' />
    <nd ref='11891412885' />
    <nd ref='11891412886' />
    <nd ref='11891412879' />
    <nd ref='11891412878' />
    <nd ref='11891412877' />
    <nd ref='11891412876' />
    <nd ref='6497616482' />
    <nd ref='10585999816' />
    <nd ref='6497616483' />
    <nd ref='11891412887' />
    <nd ref='11891412888' />
    <nd ref='11891412875' />
    <nd ref='11891412874' />
    <nd ref='6497616484' />
    <nd ref='6497616685' />
    <nd ref='6497616686' />
    <nd ref='6497616687' />
    <nd ref='6497616688' />
    <nd ref='11891412870' />
    <nd ref='6497616689' />
    <nd ref='6497616690' />
    <nd ref='11891412871' />
    <nd ref='11891412872' />
    <nd ref='11891412873' />
    <nd ref='6497616691' />
    <nd ref='6497616481' />
    <tag k='building' v='yes' />
    <tag k='height' v='7' />
    <tag k='name' v='Duven Hostel' />
    <tag k='operator' v='IIT Gandhinagar' />
    <tag k='ref' v='I01161004187' />
    <tag k='tourism' v='hostel' />
  </way>
  <way id='692219289' timestamp='2024-05-09T11:52:59Z' uid='18353822' user='futuretale200' visible='true' version='5' changeset='151096112'>
    <nd ref='6497616692' />
    <nd ref='6497616693' />
    <nd ref='6497616694' />
    <nd ref='6497616695' />
    <nd ref='6497616696' />
    <nd ref='6497616697' />
    <nd ref='6497616698' />
    <nd ref='6497616699' />
    <nd ref='10582105852' />
    <nd ref='10582105855' />
    <nd ref='6497616700' />
    <nd ref='6497616701' />
    <nd ref='6497616692' />
    <tag k='building' v='yes' />
    <tag k='height' v='7' />
    <tag k='name' v='Chimair Hostel' />
    <tag k='operator' v='IIT Gandhinagar' />
    <tag k='ref' v='I01161006486' />
    <tag k='tourism' v='hostel' />
  </way>
  <way id='692219290' timestamp='2024-05-09T13:01:29Z' uid='18353822' user='futuretale200' visible='true' version='6' changeset='151099153'>
    <nd ref='6497616702' />
    <nd ref='6497616703' />
    <nd ref='6497616704' />
    <nd ref='6497616705' />
    <nd ref='6497616706' />
    <nd ref='6497616707' />
    <nd ref='6497616708' />
    <nd ref='6497616709' />
    <nd ref='11891383413' />
    <nd ref='11891383412' />
    <nd ref='6497616711' />
    <nd ref='6497616712' />
    <nd ref='6497616713' />
    <nd ref='6497616714' />
    <nd ref='10582105857' />
    <nd ref='11891383416' />
    <nd ref='11891383415' />
    <nd ref='11891383408' />
    <nd ref='6497616702' />
    <tag k='building' v='yes' />
    <tag k='height' v='7' />
    <tag k='name' v='Beauki Hostel' />
    <tag k='operator' v='IIT Gandhinagar' />
    <tag k='ref' v='I01163009107' />
    <tag k='tourism' v='hostel' />
  </way>
  <way id='692219291' timestamp='2024-05-09T13:01:29Z' uid='18353822' user='futuretale200' visible='true' version='7' changeset='151099153'>
    <nd ref='6497616716' />
    <nd ref='10582105847' />
    <nd ref='11891383393' />
    <nd ref='11891383394' />
    <nd ref='11891383395' />
    <nd ref='11891383396' />
    <nd ref='11891383397' />
    <nd ref='11891383398' />
    <nd ref='11891383399' />
    <nd ref='6497616717' />
    <nd ref='6497616718' />
    <nd ref='11891383392' />
    <nd ref='11891383391' />
    <nd ref='11891383390' />
    <nd ref='11891383389' />
    <nd ref='11837283203' />
    <nd ref='11837283206' />
    <nd ref='11837283205' />
    <nd ref='6497616722' />
    <nd ref='6497616723' />
    <nd ref='6497616724' />
    <nd ref='11837283202' />
    <nd ref='6497616726' />
    <nd ref='11891383388' />
    <nd ref='10582105863' />
    <nd ref='11891383387' />
    <nd ref='11891383386' />
    <nd ref='11837283211' />
    <nd ref='6497616716' />
    <tag k='building' v='yes' />
    <tag k='guest_house' v='student_accomodation' />
    <tag k='height' v='7' />
    <tag k='layer' v='1' />
    <tag k='name' v='Emiet Hostel' />
    <tag k='operator' v='IIT Gandhinagar' />
    <tag k='ref' v='Emiet' />
    <tag k='tourism' v='hostel' />
  </way>
  <way id='692219292' timestamp='2024-05-09T13:01:29Z' uid='18353822' user='futuretale200' visible='true' version='7' changeset='151099153'>
    <nd ref='6497616731' />
    <nd ref='11891383383' />
    <nd ref='6497616732' />
    <nd ref='6497616733' />
    <nd ref='6497616734' />
    <nd ref='6497616735' />
    <nd ref='6497616736' />
    <nd ref='11891383381' />
    <nd ref='11891383380' />
    <nd ref='11891383379' />
    <nd ref='11891383378' />
    <nd ref='6497616737' />
    <nd ref='6497616739' />
    <nd ref='11837283201' />
    <nd ref='6497616741' />
    <nd ref='6497616742' />
    <nd ref='11891383382' />
    <nd ref='6497616731' />
    <tag k='building' v='yes' />
    <tag k='height' v='7' />
    <tag k='name' v='Firpeal Hostel' />
    <tag k='operator' v='IIT Gandhinagar' />
    <tag k='ref' v='Firpeal' />
    <tag k='tourism' v='hostel' />
  </way>
  <way id='692219293' timestamp='2024-05-09T13:01:29Z' uid='18353822' user='futuretale200' visible='true' version='5' changeset='151099153'>
    <nd ref='6497616743' />
    <nd ref='6497616744' />
    <nd ref='11891360366' />
    <nd ref='11891360365' />
    <nd ref='6497616745' />
    <nd ref='6497616746' />
    <nd ref='6497616747' />
    <nd ref='11891360364' />
    <nd ref='6497616748' />
    <nd ref='11891360363' />
    <nd ref='11891360362' />
    <nd ref='6497616749' />
    <nd ref='6497616750' />
    <nd ref='6497616751' />
    <nd ref='6497616752' />
    <nd ref='11891383377' />
    <nd ref='11891383376' />
    <nd ref='11891383375' />
    <nd ref='11891383374' />
    <nd ref='11891383373' />
    <nd ref='11891383372' />
    <nd ref='11891383371' />
    <nd ref='11891383370' />
    <nd ref='11891383369' />
    <nd ref='6497616753' />
    <nd ref='11891360368' />
    <nd ref='11891360367' />
    <nd ref='6497616755' />
    <nd ref='6497616756' />
    <nd ref='6497616757' />
    <nd ref='6497616758' />
    <nd ref='6497616743' />
    <tag k='building' v='yes' />
    <tag k='height' v='7' />
    <tag k='name' v='Aibaan Hostel' />
    <tag k='operator' v='IIT Gandhinagar' />
    <tag k='ref' v='Aibaan' />
    <tag k='tourism' v='hostel' />
  </way>
  <way id='692219294' timestamp='2023-01-25T06:19:29Z' uid='18353822' user='futuretale200' visible='true' version='3' changeset='131679621'>
    <nd ref='6497616759' />
    <nd ref='6497616760' />
    <nd ref='6497616761' />
    <nd ref='6497616762' />
    <nd ref='6497616763' />
    <nd ref='6497616764' />
    <nd ref='6497616765' />
    <nd ref='6497616766' />
    <nd ref='6497616767' />
    <nd ref='6497616768' />
    <nd ref='6497616769' />
    <nd ref='6497616759' />
    <tag k='addr:housenumber' v='AB 6' />
    <tag k='building' v='university' />
    <tag k='building:levels' v='3' />
    <tag k='name' v='Block 06' />
    <tag k='operator' v='IIT Gandhinagar' />
    <tag k='ref' v='AC 6' />
  </way>
  <way id='692219295' timestamp='2024-05-09T13:43:16Z' uid='18353822' user='futuretale200' visible='true' version='3' changeset='151101124'>
    <nd ref='6497616771' />
    <nd ref='6497616772' />
    <nd ref='6497616773' />
    <nd ref='6497616774' />
    <nd ref='6497616775' />
    <nd ref='6497616776' />
    <nd ref='6497616777' />
    <nd ref='6497616778' />
    <nd ref='11891398763' />
    <nd ref='6497616779' />
    <nd ref='11891398762' />
    <nd ref='11891398761' />
    <nd ref='11891398760' />
    <nd ref='6497616780' />
    <nd ref='6497616781' />
    <nd ref='6497616782' />
    <nd ref='6497616783' />
    <nd ref='6497616784' />
    <nd ref='6497616885' />
    <nd ref='6497616771' />
    <tag k='building' v='university' />
    <tag k='building:levels' v='3' />
    <tag k='building:material' v='cement_block' />
    <tag k='level' v='3' />
    <tag k='name' v='Block 05' />
    <tag k='operator' v='IIT Gandhinagar' />
    <tag k='ref' v='AB 05' />
  </way>
  <way id='693494161' timestamp='2020-04-25T11:00:22Z' uid='11081103' user='awesomeroks' visible='true' version='2' changeset='84100528'>
    <nd ref='6510771981' />
    <nd ref='6510771982' />
    <nd ref='6510771983' />
    <nd ref='6510771984' />
    <nd ref='6510771981' />
    <tag k='addr:city' v='Gandhinagar' />
    <tag k='addr:housenumber' v='Lal Minar' />
    <tag k='addr:postcode' v='382355' />
    <tag k='addr:street' v='IIT Gandhinagar' />
    <tag k='building:levels' v='6' />
    <tag k='historic' v='monument' />
    <tag k='name' v='Lal Minar' />
  </way>
  <way id='693611738' timestamp='2024-05-09T11:52:59Z' uid='18353822' user='futuretale200' visible='true' version='2' changeset='151096112'>
    <nd ref='6511996897' />
    <nd ref='6511996898' />
    <nd ref='6511996899' />
    <nd ref='6511996900' />
    <nd ref='6511996901' />
    <nd ref='6511996897' />
    <tag k='amenity' v='food_court' />
    <tag k='building' v='service' />
    <tag k='description' v='It is IIT Gandhinagar Hostel mess maintained by IIT Gandhinagar.' />
    <tag k='height' v='7' />
    <tag k='name' v='Old Mess IIT Gandhinagar' />
    <tag k='opening_hours' v='24/7' />
    <tag k='operator' v='IIT Gandhinagar' />
  </way>
  <way id='693613067' timestamp='2019-05-30T18:56:24Z' uid='9957476' user='Karan0908' visible='true' version='1' changeset='70783351'>
    <nd ref='6512005821' />
    <nd ref='6512005822' />
    <nd ref='6512005823' />
    <nd ref='6512005824' />
    <nd ref='6512005821' />
    <tag k='access' v='permissive' />
    <tag k='amenity' v='parking' />
    <tag k='capacity' v='100' />
    <tag k='name' v='Parking Area' />
    <tag k='opening_hours' v='24/7' />
    <tag k='operator' v='IIT Gandhinagar' />
    <tag k='parking' v='surface' />
    <tag k='surface' v='concrete' />
  </way>
  <way id='693614281' timestamp='2024-05-09T13:43:16Z' uid='18353822' user='futuretale200' visible='true' version='11' changeset='151101124'>
    <nd ref='6512017285' />
    <nd ref='6512017286' />
    <nd ref='6512123073' />
    <nd ref='11891259216' />
    <nd ref='11891259194' />
    <nd ref='6512017287' />
    <nd ref='11891259198' />
    <nd ref='11891259212' />
    <nd ref='11891259195' />
    <nd ref='11891259197' />
    <nd ref='11891259196' />
    <nd ref='11891259199' />
    <nd ref='11891259200' />
    <nd ref='11891259201' />
    <nd ref='11891259202' />
    <nd ref='6512017288' />
    <nd ref='11675887783' />
    <nd ref='6512017291' />
    <nd ref='6512017292' />
    <nd ref='6512017293' />
    <nd ref='6512100466' />
    <nd ref='6512017294' />
    <nd ref='6877309158' />
    <nd ref='6512017295' />
    <nd ref='6512017296' />
    <nd ref='6512054493' />
    <nd ref='6512017285' />
    <tag k='amenity' v='university' />
    <tag k='building:material' v='cement_block' />
    <tag k='name' v='Academic Block' />
  </way>
  <way id='693614438' timestamp='2024-05-09T13:58:48Z' uid='18353822' user='futuretale200' visible='true' version='3' changeset='151101924'>
    <nd ref='6512017384' />
    <nd ref='3459618762' />
    <nd ref='6512018386' />
    <nd ref='6512018388' />
    <nd ref='10585999814' />
    <nd ref='10585999815' />
    <nd ref='11891398755' />
    <nd ref='11891398756' />
    <nd ref='11891398757' />
    <nd ref='11891398758' />
    <nd ref='11891398759' />
    <nd ref='3459618763' />
    <nd ref='6512017384' />
    <tag k='man_made' v='wastewater_plant' />
    <tag k='name' v='WTP' />
    <tag k='operator' v='IIT Gandhinagar' />
  </way>
  <way id='693615585' timestamp='2024-05-09T13:01:29Z' uid='18353822' user='futuretale200' visible='true' version='7' changeset='151099153'>
    <nd ref='11891329345' />
    <nd ref='11891329354' />
    <nd ref='11891329353' />
    <nd ref='11891329352' />
    <nd ref='11891329350' />
    <nd ref='11891329349' />
    <nd ref='11891329348' />
    <nd ref='11891329347' />
    <nd ref='6512027049' />
    <nd ref='11891329343' />
    <nd ref='11891383409' />
    <nd ref='11891383410' />
    <nd ref='11891329345' />
    <tag k='area' v='yes' />
    <tag k='layer' v='1' />
    <tag k='name' v='Hostel Area' />
    <tag k='operator' v='IIT Gandhinagar' />
  </way>
  <way id='693616494' timestamp='2019-05-30T19:18:48Z' uid='9957476' user='Karan0908' visible='true' version='1' changeset='70783951'>
    <nd ref='6512035037' />
    <nd ref='6512035038' />
    <nd ref='6512035039' />
    <nd ref='6512035040' />
    <nd ref='6512035041' />
    <nd ref='6512035042' />
    <nd ref='6512035037' />
    <tag k='building' v='university' />
    <tag k='building:levels' v='2' />
    <tag k='building:material' v='cement_block' />
    <tag k='name' v='Block 07' />
  </way>
  <way id='693617872' timestamp='2024-05-09T13:43:16Z' uid='18353822' user='futuretale200' visible='true' version='4' changeset='151101124'>
    <nd ref='6512052374' />
    <nd ref='6512052375' />
    <nd ref='6512052376' />
    <nd ref='6512052377' />
    <nd ref='6512052378' />
    <nd ref='6512052379' />
    <nd ref='6512052380' />
    <nd ref='6512052381' />
    <nd ref='6512052382' />
    <nd ref='6512052383' />
    <nd ref='6512053285' />
    <nd ref='6512053286' />
    <nd ref='6512052374' />
    <tag k='air_conditioning' v='yes' />
    <tag k='building' v='office' />
    <tag k='internet_access' v='yes' />
    <tag k='internet_access:fee' v='no' />
    <tag k='internet_access:ssid' v='IITGN SSO' />
    <tag k='name' v='Research Park Block 09' />
    <tag k='nohousenumber' v='yes' />
    <tag k='office' v='research' />
    <tag k='opening_hours' v='24/7' />
    <tag k='website' v='https://sustainability-lab.github.io/' />
    <tag k='wheelchair' v='yes' />
  </way>
  <way id='693618000' timestamp='2023-01-27T06:24:14Z' uid='18353822' user='futuretale200' visible='true' version='4' changeset='131757824'>
    <nd ref='6512054488' />
    <nd ref='6512054489' />
    <nd ref='6512054490' />
    <nd ref='6512054491' />
    <nd ref='6512054492' />
    <nd ref='6512058159' />
    <nd ref='6512054493' />
    <nd ref='6512017296' />
    <nd ref='6512054495' />
    <nd ref='6512054496' />
    <nd ref='6512054488' />
    <tag k='leisure' v='park' />
    <tag k='name' v='Grass Field' />
  </way>
  <way id='693618377' timestamp='2019-05-30T19:40:15Z' uid='9957476' user='Karan0908' visible='true' version='1' changeset='70784510'>
    <nd ref='6512058130' />
    <nd ref='6512058131' />
    <nd ref='6512058132' />
    <nd ref='6512058133' />
    <nd ref='6512058134' />
    <nd ref='6512058135' />
    <nd ref='6512058136' />
    <nd ref='6512058137' />
    <nd ref='6512058138' />
    <nd ref='6512058139' />
    <nd ref='6512058140' />
    <nd ref='6512058141' />
    <nd ref='6512058142' />
    <nd ref='6512058143' />
    <nd ref='6512058144' />
    <nd ref='6512058145' />
    <nd ref='6512058146' />
    <nd ref='6512058147' />
    <nd ref='6512058148' />
    <nd ref='6512058149' />
    <nd ref='6512058150' />
    <nd ref='6512058151' />
    <nd ref='6512058152' />
    <nd ref='6512058153' />
    <nd ref='6512058154' />
    <nd ref='6512058155' />
    <nd ref='6512058156' />
    <nd ref='6512058157' />
    <nd ref='6512058158' />
    <nd ref='6512058159' />
    <nd ref='6512058160' />
    <nd ref='6512058161' />
    <nd ref='6512058162' />
    <nd ref='6512058130' />
    <tag k='building' v='university' />
    <tag k='building:material' v='cement_block' />
    <tag k='name' v='Block 04' />
  </way>
  <way id='693618832' timestamp='2024-05-09T14:25:56Z' uid='18353822' user='futuretale200' visible='true' version='3' changeset='151103252'>
    <nd ref='6512062756' />
    <nd ref='6512062757' />
    <nd ref='6512062758' />
    <nd ref='6512062759' />
    <nd ref='6512062760' />
    <nd ref='6512062761' />
    <nd ref='6512062762' />
    <nd ref='6512062763' />
    <nd ref='6512062764' />
    <nd ref='6512062765' />
    <nd ref='6512062766' />
    <nd ref='6512062767' />
    <nd ref='6512062768' />
    <nd ref='6512062769' />
    <nd ref='6512062770' />
    <nd ref='6512062771' />
    <nd ref='6512062772' />
    <nd ref='6512062756' />
    <tag k='building' v='yes' />
    <tag k='building:material' v='cement_block' />
    <tag k='name' v='Academic Office' />
  </way>
  <way id='693619352' timestamp='2024-05-09T13:43:16Z' uid='18353822' user='futuretale200' visible='true' version='4' changeset='151101124'>
    <nd ref='6512066277' />
    <nd ref='6512066278' />
    <nd ref='6512066279' />
    <nd ref='6512066280' />
    <nd ref='6512066281' />
    <nd ref='6512066282' />
    <nd ref='6512066283' />
    <nd ref='6512066284' />
    <nd ref='6512067685' />
    <nd ref='6512067687' />
    <nd ref='6512067688' />
    <nd ref='6512067689' />
    <nd ref='6512067690' />
    <nd ref='6512067691' />
    <nd ref='6512067692' />
    <nd ref='6512067693' />
    <nd ref='6512067694' />
    <nd ref='6512067695' />
    <nd ref='6512067696' />
    <nd ref='6512067697' />
    <nd ref='6512067698' />
    <nd ref='6512067699' />
    <nd ref='6512067700' />
    <nd ref='6512067701' />
    <nd ref='6512067702' />
    <nd ref='6512067703' />
    <nd ref='6512067704' />
    <nd ref='6512067705' />
    <nd ref='6512067706' />
    <nd ref='6512067707' />
    <nd ref='6512067708' />
    <nd ref='6512067709' />
    <nd ref='6512067710' />
    <nd ref='6512066277' />
    <tag k='building' v='university' />
    <tag k='building:material' v='cement_block' />
    <tag k='name' v='300 Auditorium, Learning Theatre, 2 Degree Cafe' />
  </way>
  <way id='693619445' timestamp='2024-05-09T13:43:16Z' uid='18353822' user='futuretale200' visible='true' version='4' changeset='151101124'>
    <nd ref='6512068890' />
    <nd ref='6512068891' />
    <nd ref='6512068892' />
    <nd ref='6512068893' />
    <nd ref='6512068894' />
    <nd ref='6512068895' />
    <nd ref='6512068897' />
    <nd ref='6512068898' />
    <nd ref='6512068899' />
    <nd ref='6512068900' />
    <nd ref='6512068890' />
    <tag k='addr:housenumber' v='600 Audi' />
    <tag k='building' v='university' />
    <tag k='building:material' v='cement_block' />
    <tag k='name' v='600 Auditorium and Nyasa School (2nd Floor)' />
  </way>
  <way id='693622794' timestamp='2024-05-09T13:43:16Z' uid='18353822' user='futuretale200' visible='true' version='4' changeset='151101124'>
    <nd ref='6512100464' />
    <nd ref='6512100465' />
    <nd ref='6512017291' />
    <nd ref='6512017292' />
    <nd ref='6512017293' />
    <nd ref='6512100466' />
    <nd ref='6512100467' />
    <nd ref='6512100468' />
    <nd ref='6512100464' />
    <tag k='landuse' v='forest' />
    <tag k='name' v='Green' />
  </way>
  <way id='693623802' timestamp='2023-01-25T06:18:58Z' uid='18353822' user='futuretale200' visible='true' version='3' changeset='131679599'>
    <nd ref='6512107851' />
    <nd ref='6512107852' />
    <nd ref='6512107853' />
    <nd ref='6512107854' />
    <nd ref='6512107851' />
    <tag k='access' v='permissive' />
    <tag k='leisure' v='pitch' />
    <tag k='lit' v='yes' />
    <tag k='name' v='Volleyball Ground' />
    <tag k='operator' v='IIT Gandhinagar' />
    <tag k='sport' v='volleyball' />
    <tag k='surface' v='earth' />
  </way>
  <way id='693623877' timestamp='2019-05-30T20:24:56Z' uid='9957476' user='Karan0908' visible='true' version='1' changeset='70785576'>
    <nd ref='6512108985' />
    <nd ref='6512108986' />
    <nd ref='6512108987' />
    <nd ref='6512108988' />
    <nd ref='6512108985' />
    <tag k='access' v='permissive' />
    <tag k='leisure' v='playground' />
    <tag k='name' v='Basketball Ground' />
    <tag k='operator' v='IIT Gandhinagar' />
    <tag k='surface' v='concrete' />
  </way>
  <way id='693624082' timestamp='2024-05-09T13:43:16Z' uid='18353822' user='futuretale200' visible='true' version='5' changeset='151101124'>
    <nd ref='6512110625' />
    <nd ref='6512110627' />
    <nd ref='11891398750' />
    <nd ref='6512110630' />
    <nd ref='11891398751' />
    <nd ref='11891398749' />
    <nd ref='6512110639' />
    <nd ref='6512110641' />
    <nd ref='6512110642' />
    <nd ref='6512110643' />
    <nd ref='6512110644' />
    <nd ref='6512110625' />
    <tag k='name' v='Jal Mandap' />
    <tag k='natural' v='water' />
  </way>
  <way id='693624125' timestamp='2024-05-09T13:43:16Z' uid='18353822' user='futuretale200' visible='true' version='2' changeset='151101124'>
    <nd ref='6512111225' />
    <nd ref='6512111227' />
    <nd ref='6512111229' />
    <nd ref='6512111230' />
    <nd ref='6512111231' />
    <nd ref='6512111234' />
    <nd ref='6512111225' />
    <tag k='name' v='Jal Mandap' />
    <tag k='natural' v='water' />
  </way>
  <way id='693624473' timestamp='2023-01-25T16:30:35Z' uid='18353822' user='futuretale200' visible='true' version='5' changeset='131702876'>
    <nd ref='6512112877' />
    <nd ref='6512112878' />
    <nd ref='6512109599' />
    <nd ref='6512112879' />
    <nd ref='6512112880' />
    <nd ref='6512112877' />
    <tag k='access' v='yes' />
    <tag k='leisure' v='pitch' />
    <tag k='lit' v='yes' />
    <tag k='name' v='Basket Ball Court' />
    <tag k='operator' v='IIT Gandhinagar' />
    <tag k='sport' v='basketball' />
    <tag k='surface' v='concrete' />
  </way>
  <way id='693624543' timestamp='2024-05-09T13:01:29Z' uid='18353822' user='futuretale200' visible='true' version='4' changeset='151099153'>
    <nd ref='6512109597' />
    <nd ref='6512109598' />
    <nd ref='6512109599' />
    <nd ref='6512109600' />
    <nd ref='6512109597' />
    <tag k='natural' v='grassland' />
  </way>
  <way id='693625349' timestamp='2024-05-09T13:43:16Z' uid='18353822' user='futuretale200' visible='true' version='4' changeset='151101124'>
    <nd ref='6512120741' />
    <nd ref='6512120742' />
    <nd ref='6512120744' />
    <nd ref='6512120747' />
    <nd ref='6512120748' />
    <nd ref='6512120750' />
    <nd ref='6512120741' />
    <tag k='natural' v='grassland' />
  </way>
  <way id='693625449' timestamp='2023-01-25T17:08:49Z' uid='18353822' user='futuretale200' visible='true' version='4' changeset='131704169'>
    <nd ref='6512123676' />
    <nd ref='6512123677' />
    <nd ref='6512123678' />
    <nd ref='6512123679' />
    <nd ref='6512123676' />
    <tag k='landuse' v='grass' />
  </way>
  <way id='693625761' timestamp='2024-05-09T13:43:16Z' uid='18353822' user='futuretale200' visible='true' version='4' changeset='151101124'>
    <nd ref='6512123064' />
    <nd ref='6512123065' />
    <nd ref='11891259193' />
    <nd ref='6512123068' />
    <nd ref='6512123069' />
    <nd ref='11891259203' />
    <nd ref='6512123072' />
    <nd ref='6512123064' />
    <tag k='landuse' v='grass' />
    <tag k='name' v='Green Field' />
  </way>
  <way id='693693986' timestamp='2024-05-09T13:43:16Z' uid='18353822' user='futuretale200' visible='true' version='4' changeset='151101124'>
    <nd ref='6512767604' />
    <nd ref='6512767605' />
    <nd ref='6512767606' />
    <nd ref='6512767607' />
    <nd ref='6512767608' />
    <nd ref='6512767609' />
    <nd ref='6512767604' />
    <tag k='natural' v='grassland' />
  </way>
  <way id='693709179' timestamp='2019-05-31T10:16:39Z' uid='9957476' user='Karan0908' visible='true' version='2' changeset='70803149'>
    <nd ref='6512900383' />
    <nd ref='6512900384' />
    <nd ref='6512915885' />
    <nd ref='6512915886' />
    <nd ref='6512915887' />
    <nd ref='6512915888' />
    <nd ref='6512915889' />
    <nd ref='6512915890' />
    <nd ref='6512915891' />
    <nd ref='6512915892' />
    <nd ref='6512900383' />
    <tag k='addr:city' v='Gandhianagr' />
    <tag k='addr:housenumber' v='Housing block 01' />
    <tag k='addr:postcode' v='382355' />
    <tag k='addr:street' v='IIT Gandhinagar' />
    <tag k='building' v='yes' />
    <tag k='building:material' v='cement_block' />
    <tag k='name' v='Block 01' />
    <tag k='wheelchair' v='yes' />
  </way>
  <way id='693709700' timestamp='2019-05-31T10:16:17Z' uid='9957476' user='Karan0908' visible='true' version='1' changeset='70803133'>
    <nd ref='6512915889' />
    <nd ref='6512920250' />
    <nd ref='6512920251' />
    <nd ref='6512920252' />
    <nd ref='6512920253' />
    <nd ref='6512920254' />
    <nd ref='6512920255' />
    <nd ref='6512920256' />
    <nd ref='6512915889' />
    <tag k='building' v='yes' />
    <tag k='building:material' v='cement_block' />
    <tag k='name' v='Block 02' />
  </way>
  <way id='693710057' timestamp='2019-05-31T10:17:40Z' uid='9957476' user='Karan0908' visible='true' version='1' changeset='70803183'>
    <nd ref='6512914937' />
    <nd ref='6512914938' />
    <nd ref='6512914939' />
    <nd ref='6512914940' />
    <nd ref='6512914941' />
    <nd ref='6512914942' />
    <nd ref='6512914943' />
    <nd ref='6512914944' />
    <nd ref='6512914945' />
    <nd ref='6512914946' />
    <nd ref='6512914947' />
    <nd ref='6512914948' />
    <nd ref='6512914937' />
    <tag k='building' v='yes' />
    <tag k='building:material' v='cement_block' />
    <tag k='name' v='Block 03' />
  </way>
  <way id='693710130' timestamp='2019-05-31T10:18:56Z' uid='9957476' user='Karan0908' visible='true' version='1' changeset='70803214'>
    <nd ref='6512920569' />
    <nd ref='6512920570' />
    <nd ref='6512920571' />
    <nd ref='6512920572' />
    <nd ref='6512920573' />
    <nd ref='6512920574' />
    <nd ref='6512920575' />
    <nd ref='6512920576' />
    <nd ref='6512920569' />
    <tag k='building' v='yes' />
    <tag k='name' v='Block 04' />
  </way>
  <way id='693710817' timestamp='2019-05-31T10:19:34Z' uid='9957476' user='Karan0908' visible='true' version='1' changeset='70803235'>
    <nd ref='6512924206' />
    <nd ref='6512924207' />
    <nd ref='6512924208' />
    <nd ref='6512924209' />
    <nd ref='6512924210' />
    <nd ref='6512924211' />
    <nd ref='6512924212' />
    <nd ref='6512920576' />
    <nd ref='6512924206' />
    <tag k='building' v='yes' />
    <tag k='name' v='Block 05' />
  </way>
  <way id='693710903' timestamp='2019-05-31T10:21:08Z' uid='9957476' user='Karan0908' visible='true' version='2' changeset='70803284'>
    <nd ref='6512919391' />
    <nd ref='6512919392' />
    <nd ref='6512919393' />
    <nd ref='6512919394' />
    <nd ref='6512919395' />
    <nd ref='6512919396' />
    <nd ref='6512919397' />
    <nd ref='6512914956' />
    <nd ref='6512919398' />
    <nd ref='6512919391' />
    <tag k='building' v='yes' />
    <tag k='name' v='Block 06' />
  </way>
  <way id='693711026' timestamp='2019-05-31T10:21:08Z' uid='9957476' user='Karan0908' visible='true' version='1' changeset='70803284'>
    <nd ref='6512919397' />
    <nd ref='6512914949' />
    <nd ref='6512914950' />
    <nd ref='6512914951' />
    <nd ref='6512914952' />
    <nd ref='6512914953' />
    <nd ref='6512914954' />
    <nd ref='6512914955' />
    <nd ref='6512914956' />
    <nd ref='6512919397' />
    <tag k='building' v='yes' />
    <tag k='name' v='Block 07' />
  </way>
  <way id='693711110' timestamp='2019-05-31T10:21:46Z' uid='9957476' user='Karan0908' visible='true' version='1' changeset='70803305'>
    <nd ref='6512906966' />
    <nd ref='6512906967' />
    <nd ref='6512906968' />
    <nd ref='6512906969' />
    <nd ref='6512906970' />
    <nd ref='6512906971' />
    <nd ref='6512906972' />
    <nd ref='6512906973' />
    <nd ref='6512906966' />
    <tag k='building' v='yes' />
    <tag k='name' v='Block 08' />
  </way>
  <way id='693711317' timestamp='2019-05-31T10:22:21Z' uid='9957476' user='Karan0908' visible='true' version='1' changeset='70803326'>
    <nd ref='6512924406' />
    <nd ref='6512906973' />
    <nd ref='6512924407' />
    <nd ref='6512924408' />
    <nd ref='6512924409' />
    <nd ref='6512924410' />
    <nd ref='6512924411' />
    <nd ref='6512924412' />
    <nd ref='6512924406' />
    <tag k='building' v='yes' />
    <tag k='name' v='Block 09' />
  </way>
  <way id='693711492' timestamp='2019-05-31T10:23:00Z' uid='9957476' user='Karan0908' visible='true' version='1' changeset='70803351'>
    <nd ref='6512914957' />
    <nd ref='6512914958' />
    <nd ref='6512914959' />
    <nd ref='6512914960' />
    <nd ref='6512914961' />
    <nd ref='6512914962' />
    <nd ref='6512914963' />
    <nd ref='6512914964' />
    <nd ref='6512914965' />
    <nd ref='6512914966' />
    <nd ref='6512914957' />
    <tag k='building' v='yes' />
    <tag k='name' v='Block 10' />
  </way>
  <way id='693711701' timestamp='2019-05-31T10:23:38Z' uid='9957476' user='Karan0908' visible='true' version='1' changeset='70803369'>
    <nd ref='6512937468' />
    <nd ref='6512937469' />
    <nd ref='6512937470' />
    <nd ref='6512937471' />
    <nd ref='6512937472' />
    <nd ref='6512937473' />
    <nd ref='6512937474' />
    <nd ref='6512937475' />
    <nd ref='6512937468' />
    <tag k='building' v='yes' />
    <tag k='name' v='Block 11' />
  </way>
  <way id='693711777' timestamp='2019-05-31T10:24:09Z' uid='9957476' user='Karan0908' visible='true' version='1' changeset='70803384'>
    <nd ref='6512940893' />
    <nd ref='6512937475' />
    <nd ref='6512940894' />
    <nd ref='6512940895' />
    <nd ref='6512940896' />
    <nd ref='6512940897' />
    <nd ref='6512940898' />
    <nd ref='6512940899' />
    <nd ref='6512940893' />
    <tag k='building' v='yes' />
    <tag k='name' v='Block 12' />
  </way>
  <way id='693711889' timestamp='2019-05-31T10:24:46Z' uid='9957476' user='Karan0908' visible='true' version='1' changeset='70803399'>
    <nd ref='6512944274' />
    <nd ref='6512944275' />
    <nd ref='6512944276' />
    <nd ref='6512944277' />
    <nd ref='6512944278' />
    <nd ref='6512944279' />
    <nd ref='6512944280' />
    <nd ref='6512944281' />
    <nd ref='6512944274' />
    <tag k='building' v='yes' />
    <tag k='name' v='Block 13' />
  </way>
  <way id='693712070' timestamp='2019-05-31T10:25:40Z' uid='9957476' user='Karan0908' visible='true' version='1' changeset='70803433'>
    <nd ref='6512946118' />
    <nd ref='6512946119' />
    <nd ref='6512946120' />
    <nd ref='6512946121' />
    <nd ref='6512946122' />
    <nd ref='6512946123' />
    <nd ref='6512946124' />
    <nd ref='6512946125' />
    <nd ref='6512946118' />
    <tag k='building' v='yes' />
    <tag k='name' v='Block 14' />
  </way>
  <way id='693712167' timestamp='2019-05-31T10:26:28Z' uid='9957476' user='Karan0908' visible='true' version='1' changeset='70803457'>
    <nd ref='6512941223' />
    <nd ref='6512941224' />
    <nd ref='6512941225' />
    <nd ref='6512946121' />
    <nd ref='6512941226' />
    <nd ref='6512941227' />
    <nd ref='6512941228' />
    <nd ref='6512941229' />
    <nd ref='6512941223' />
    <tag k='building' v='yes' />
    <tag k='name' v='Block 15' />
  </way>
  <way id='693712199' timestamp='2019-05-31T10:27:42Z' uid='9957476' user='Karan0908' visible='true' version='2' changeset='70803491'>
    <nd ref='6512939696' />
    <nd ref='6512939697' />
    <nd ref='6512939698' />
    <nd ref='6512939699' />
    <nd ref='6512939700' />
    <nd ref='6512939701' />
    <nd ref='6512946938' />
    <nd ref='6512939702' />
    <nd ref='6512939703' />
    <nd ref='6512939696' />
    <tag k='building' v='yes' />
    <tag k='name' v='Block 16' />
  </way>
  <way id='693712257' timestamp='2019-05-31T10:27:42Z' uid='9957476' user='Karan0908' visible='true' version='1' changeset='70803491'>
    <nd ref='6512946931' />
    <nd ref='6512946932' />
    <nd ref='6512946933' />
    <nd ref='6512946934' />
    <nd ref='6512946935' />
    <nd ref='6512946936' />
    <nd ref='6512946937' />
    <nd ref='6512946938' />
    <nd ref='6512946931' />
    <tag k='building' v='yes' />
    <tag k='name' v='Block 17' />
  </way>
  <way id='693712284' timestamp='2019-05-31T10:28:12Z' uid='9957476' user='Karan0908' visible='true' version='1' changeset='70803501'>
    <nd ref='6512942106' />
    <nd ref='6512942107' />
    <nd ref='6512942108' />
    <nd ref='6512942109' />
    <nd ref='6512942110' />
    <nd ref='6512942111' />
    <nd ref='6512942112' />
    <nd ref='6512942113' />
    <nd ref='6512942106' />
    <tag k='building' v='yes' />
    <tag k='name' v='Block 18' />
  </way>
  <way id='693712440' timestamp='2019-05-31T10:28:43Z' uid='9957476' user='Karan0908' visible='true' version='1' changeset='70803517'>
    <nd ref='6512946442' />
    <nd ref='6512946443' />
    <nd ref='6512946444' />
    <nd ref='6512946445' />
    <nd ref='6512946446' />
    <nd ref='6512946447' />
    <nd ref='6512946448' />
    <nd ref='6512946449' />
    <nd ref='6512946442' />
    <tag k='building' v='yes' />
    <tag k='name' v='Block 19' />
  </way>
  <way id='693712916' timestamp='2019-05-31T10:30:55Z' uid='9957476' user='Karan0908' visible='true' version='1' changeset='70803595'>
    <nd ref='6512953594' />
    <nd ref='6512953595' />
    <nd ref='6512953596' />
    <nd ref='6512953597' />
    <nd ref='6512946446' />
    <nd ref='6512953598' />
    <nd ref='6512953599' />
    <nd ref='6512953600' />
    <nd ref='6512953594' />
    <tag k='building' v='yes' />
    <tag k='name' v='Block 20' />
  </way>
  <way id='693713061' timestamp='2023-01-25T14:49:41Z' uid='18353822' user='futuretale200' visible='true' version='2' changeset='131699066'>
    <nd ref='6512924422' />
    <nd ref='6512924423' />
    <nd ref='6512924424' />
    <nd ref='6512924425' />
    <nd ref='6512924426' />
    <nd ref='6512924427' />
    <nd ref='6512953597' />
    <nd ref='6512924428' />
    <nd ref='6512924422' />
    <tag k='building' v='house' />
    <tag k='name' v='Block 21' />
  </way>
  <way id='693713168' timestamp='2019-05-31T10:32:10Z' uid='9957476' user='Karan0908' visible='true' version='1' changeset='70803632'>
    <nd ref='6512956280' />
    <nd ref='6512956281' />
    <nd ref='6512956282' />
    <nd ref='6512956283' />
    <nd ref='6512956284' />
    <nd ref='6512956285' />
    <nd ref='6512956286' />
    <nd ref='6512956287' />
    <nd ref='6512956280' />
    <tag k='building' v='yes' />
    <tag k='name' v='Block 22' />
  </way>
  <way id='693713382' timestamp='2019-05-31T10:32:42Z' uid='9957476' user='Karan0908' visible='true' version='1' changeset='70803646'>
    <nd ref='6512956287' />
    <nd ref='6512949412' />
    <nd ref='6512949413' />
    <nd ref='6512949414' />
    <nd ref='6512949415' />
    <nd ref='6512949416' />
    <nd ref='6512949417' />
    <nd ref='6512949418' />
    <nd ref='6512956287' />
    <tag k='building' v='yes' />
    <tag k='name' v='Block 23' />
  </way>
  <way id='693713425' timestamp='2019-05-31T10:33:23Z' uid='9957476' user='Karan0908' visible='true' version='1' changeset='70803659'>
    <nd ref='6512956046' />
    <nd ref='6512956047' />
    <nd ref='6512956048' />
    <nd ref='6512956049' />
    <nd ref='6512956050' />
    <nd ref='6512956051' />
    <nd ref='6512956052' />
    <nd ref='6512956053' />
    <nd ref='6512956046' />
    <tag k='building' v='yes' />
    <tag k='name' v='Block 24' />
  </way>
  <way id='693713453' timestamp='2019-05-31T10:34:00Z' uid='9957476' user='Karan0908' visible='true' version='1' changeset='70803675'>
    <nd ref='6512957595' />
    <nd ref='6512957596' />
    <nd ref='6512957597' />
    <nd ref='6512957598' />
    <nd ref='6512957599' />
    <nd ref='6512956052' />
    <nd ref='6512957600' />
    <nd ref='6512957601' />
    <nd ref='6512957595' />
    <tag k='building' v='yes' />
    <tag k='name' v='Block 25' />
  </way>
  <way id='693713492' timestamp='2019-05-31T10:34:32Z' uid='9957476' user='Karan0908' visible='true' version='1' changeset='70803688'>
    <nd ref='6512947145' />
    <nd ref='6512947146' />
    <nd ref='6512947147' />
    <nd ref='6512947148' />
    <nd ref='6512947149' />
    <nd ref='6512947150' />
    <nd ref='6512947151' />
    <nd ref='6512947152' />
    <nd ref='6512947145' />
    <tag k='building' v='yes' />
    <tag k='name' v='Block 26' />
  </way>
  <way id='693713840' timestamp='2019-05-31T10:35:18Z' uid='9957476' user='Karan0908' visible='true' version='1' changeset='70803720'>
    <nd ref='6512954154' />
    <nd ref='6512954155' />
    <nd ref='6512954156' />
    <nd ref='6512954157' />
    <nd ref='6512954158' />
    <nd ref='6512947148' />
    <nd ref='6512954159' />
    <nd ref='6512954160' />
    <nd ref='6512954154' />
    <tag k='building' v='yes' />
    <tag k='name' v='Block 27' />
  </way>
  <way id='693724982' timestamp='2019-05-31T11:37:12Z' uid='9957476' user='Karan0908' visible='true' version='1' changeset='70805654'>
    <nd ref='6513062436' />
    <nd ref='6513062437' />
    <nd ref='6513062438' />
    <nd ref='6513062439' />
    <nd ref='6513062440' />
    <nd ref='6513062441' />
    <nd ref='6513062442' />
    <nd ref='6513062443' />
    <nd ref='6513062436' />
    <tag k='building' v='yes' />
    <tag k='name' v='Block 28' />
  </way>
  <way id='693725056' timestamp='2019-05-31T11:37:56Z' uid='9957476' user='Karan0908' visible='true' version='1' changeset='70805680'>
    <nd ref='6513047071' />
    <nd ref='6513047072' />
    <nd ref='6513047073' />
    <nd ref='6513047074' />
    <nd ref='6513047075' />
    <nd ref='6513047076' />
    <nd ref='6513047077' />
    <nd ref='6513047078' />
    <nd ref='6513047071' />
    <tag k='building' v='yes' />
    <tag k='name' v='Block 29' />
  </way>
  <way id='693725317' timestamp='2019-05-31T11:40:29Z' uid='9957476' user='Karan0908' visible='true' version='1' changeset='70805747'>
    <nd ref='6513069286' />
    <nd ref='6513069287' />
    <nd ref='6513069288' />
    <nd ref='6513069289' />
    <nd ref='6513047073' />
    <nd ref='6513069290' />
    <nd ref='6513069291' />
    <nd ref='6513069292' />
    <nd ref='6513069286' />
    <tag k='building' v='hospital' />
    <tag k='name' v='Dispensary' />
  </way>
  <way id='733464506' timestamp='2025-02-01T09:48:47Z' uid='19294215' user='akshayola' visible='true' version='20' changeset='162004628'>
    <nd ref='6868876830' />
    <nd ref='6868876829' />
    <nd ref='6868876834' />
    <nd ref='8378536169' />
    <nd ref='6868876835' />
    <nd ref='6868876836' />
    <nd ref='11821098066' />
    <nd ref='6868876837' />
    <nd ref='6868876838' />
    <nd ref='6868876839' />
    <nd ref='6868876840' />
    <nd ref='6868876841' />
    <nd ref='6868876842' />
    <nd ref='6868876843' />
    <nd ref='12526119550' />
    <nd ref='6868876844' />
    <nd ref='12526119536' />
    <nd ref='8378026801' />
    <nd ref='6868876845' />
    <nd ref='8378026810' />
    <nd ref='6868876846' />
    <nd ref='6868876847' />
    <nd ref='6868876848' />
    <nd ref='6868876849' />
    <nd ref='6868876850' />
    <nd ref='6868876851' />
    <nd ref='6868876852' />
    <nd ref='6868876853' />
    <nd ref='6868876854' />
    <nd ref='6868876855' />
    <nd ref='8377990844' />
    <nd ref='6868876856' />
    <nd ref='8378026811' />
    <nd ref='6868876857' />
    <nd ref='6868876858' />
    <nd ref='6868876859' />
    <nd ref='6868876860' />
    <nd ref='6868876861' />
    <nd ref='6868876862' />
    <nd ref='6868876863' />
    <nd ref='12548740399' />
    <nd ref='6877028810' />
    <nd ref='6868876864' />
    <nd ref='8377927012' />
    <nd ref='6868876833' />
    <nd ref='6868876865' />
    <nd ref='6868876866' />
    <nd ref='6868876867' />
    <nd ref='6868876868' />
    <nd ref='8377948419' />
    <nd ref='6868876869' />
    <nd ref='8377637136' />
    <nd ref='6868876870' />
    <nd ref='6868876871' />
    <nd ref='6868876872' />
    <nd ref='6868876873' />
    <nd ref='6868876874' />
    <nd ref='8377643003' />
    <nd ref='6868876875' />
    <nd ref='6868876876' />
    <nd ref='6868876877' />
    <nd ref='6877142009' />
    <nd ref='6868876878' />
    <nd ref='6868876879' />
    <nd ref='6868876880' />
    <nd ref='8377637130' />
    <nd ref='6868876881' />
    <nd ref='6868876882' />
    <nd ref='6868876883' />
    <nd ref='6868876884' />
    <nd ref='6868879085' />
    <nd ref='6868879086' />
    <nd ref='6868879087' />
    <nd ref='8377637195' />
    <nd ref='6868879088' />
    <nd ref='6868879089' />
    <nd ref='6868879090' />
    <nd ref='6868879091' />
    <nd ref='6868879092' />
    <nd ref='6868879093' />
    <nd ref='6868879094' />
    <nd ref='8377637196' />
    <nd ref='6868879095' />
    <nd ref='6868879096' />
    <nd ref='6868879097' />
    <nd ref='6868879098' />
    <nd ref='8377608455' />
    <nd ref='6868879099' />
    <nd ref='6868879100' />
    <nd ref='6868879101' />
    <nd ref='12535629854' />
    <tag k='highway' v='tertiary' />
    <tag k='oneway' v='yes' />
    <tag k='source' v='Bing aerial imagery' />
  </way>
  <way id='733476257' timestamp='2024-02-29T06:46:33Z' uid='16275581' user='ompatekar' visible='true' version='2' changeset='148038251'>
    <nd ref='6868998046' />
    <nd ref='6868998026' />
    <tag k='access' v='private' />
    <tag k='highway' v='service' />
  </way>
  <way id='733476258' timestamp='2024-02-29T06:46:33Z' uid='16275581' user='ompatekar' visible='true' version='7' changeset='148038251'>
    <nd ref='8378130520' />
    <nd ref='6868998033' />
    <nd ref='6868998032' />
    <nd ref='8378130519' />
    <nd ref='8378130518' />
    <nd ref='10582176931' />
    <nd ref='6868998031' />
    <nd ref='6868998030' />
    <nd ref='8378130517' />
    <nd ref='8378114216' />
    <nd ref='8378114215' />
    <nd ref='6868998029' />
    <nd ref='6869340508' />
    <nd ref='6868998028' />
    <nd ref='6868998027' />
    <nd ref='8378536130' />
    <tag k='access' v='private' />
    <tag k='highway' v='service' />
  </way>
  <way id='733476259' timestamp='2024-02-29T06:46:33Z' uid='16275581' user='ompatekar' visible='true' version='6' changeset='148038251'>
    <nd ref='6876496106' />
    <nd ref='6868998047' />
    <nd ref='6868998046' />
    <nd ref='6868998045' />
    <nd ref='6868998044' />
    <nd ref='8378155612' />
    <nd ref='6868998043' />
    <nd ref='6868998042' />
    <nd ref='6868998041' />
    <nd ref='8378155610' />
    <nd ref='8378155611' />
    <nd ref='6868998040' />
    <nd ref='8378155613' />
    <nd ref='8378155614' />
    <nd ref='8378155615' />
    <nd ref='6868998039' />
    <nd ref='6868998038' />
    <nd ref='6868998037' />
    <nd ref='6868998036' />
    <nd ref='6868998035' />
    <nd ref='6868998026' />
    <nd ref='8378130520' />
    <tag k='access' v='private' />
    <tag k='highway' v='service' />
  </way>
  <way id='733476260' timestamp='2024-02-29T06:46:33Z' uid='16275581' user='ompatekar' visible='true' version='4' changeset='148038251'>
    <nd ref='11675887785' />
    <nd ref='6868998047' />
    <nd ref='6868998048' />
    <tag k='access' v='private' />
    <tag k='highway' v='service' />
    <tag k='oneway' v='yes' />
  </way>
  <way id='733476261' timestamp='2024-02-29T06:46:33Z' uid='16275581' user='ompatekar' visible='true' version='4' changeset='148038251'>
    <nd ref='6868998048' />
    <nd ref='6868998034' />
    <nd ref='6868998050' />
    <nd ref='6876496106' />
    <nd ref='11675887785' />
    <tag k='access' v='private' />
    <tag k='highway' v='service' />
    <tag k='oneway' v='yes' />
  </way>
  <way id='733505536' timestamp='2024-05-09T13:58:48Z' uid='18353822' user='futuretale200' visible='true' version='11' changeset='151101924'>
    <nd ref='6868998034' />
    <nd ref='8378130520' />
    <nd ref='11891398748' />
    <nd ref='6869340528' />
    <nd ref='11891459313' />
    <nd ref='6869340526' />
    <nd ref='6869340525' />
    <nd ref='6869340524' />
    <nd ref='6869340523' />
    <nd ref='7444654581' />
    <nd ref='6877309161' />
    <nd ref='6869340520' />
    <nd ref='6869340519' />
    <nd ref='6877309155' />
    <nd ref='11891459360' />
    <nd ref='6869340516' />
    <nd ref='6965885548' />
    <nd ref='6869340511' />
    <nd ref='6869340508' />
    <tag k='access' v='private' />
    <tag k='highway' v='service' />
    <tag k='surface' v='concrete' />
  </way>
  <way id='734355412' timestamp='2019-10-14T05:39:41Z' uid='10285135' user='Sarathv' visible='true' version='1' changeset='75642075'>
    <nd ref='6877028811' />
    <nd ref='6877028810' />
    <tag k='highway' v='tertiary_link' />
  </way>
  <way id='734360490' timestamp='2024-02-29T06:46:33Z' uid='16275581' user='ompatekar' visible='true' version='4' changeset='148038251'>
    <nd ref='6884191582' />
    <nd ref='6877102357' />
    <nd ref='6877102356' />
    <nd ref='6877102359' />
    <nd ref='6877102355' />
    <nd ref='6877102354' />
    <nd ref='6877102353' />
    <nd ref='6877102352' />
    <nd ref='6877102351' />
    <nd ref='6877102350' />
    <nd ref='6877102349' />
    <nd ref='6877102348' />
    <nd ref='6877102347' />
    <tag k='access' v='private' />
    <tag k='highway' v='footway' />
    <tag k='surface' v='concrete' />
  </way>
  <way id='734360491' timestamp='2024-05-09T13:43:16Z' uid='18353822' user='futuretale200' visible='true' version='6' changeset='151101124'>
    <nd ref='6877102347' />
    <nd ref='6877102362' />
    <nd ref='6884191581' />
    <tag k='access' v='private' />
    <tag k='highway' v='path' />
    <tag k='surface' v='concrete' />
  </way>
  <way id='734380118' timestamp='2024-02-29T06:46:33Z' uid='16275581' user='ompatekar' visible='true' version='2' changeset='148038251'>
    <nd ref='6877309149' />
    <nd ref='6877309148' />
    <tag k='access' v='private' />
    <tag k='highway' v='service' />
  </way>
  <way id='734380119' timestamp='2024-02-29T06:46:33Z' uid='16275581' user='ompatekar' visible='true' version='3' changeset='148038251'>
    <nd ref='6877309154' />
    <nd ref='6877309150' />
    <nd ref='8378155619' />
    <nd ref='8378155620' />
    <nd ref='6877309153' />
    <nd ref='6877309148' />
    <nd ref='8378155621' />
    <nd ref='8378155622' />
    <nd ref='6877309152' />
    <nd ref='6877309151' />
    <nd ref='8378155624' />
    <nd ref='8378155623' />
    <nd ref='6877309149' />
    <nd ref='6877309150' />
    <tag k='access' v='private' />
    <tag k='highway' v='service' />
  </way>
  <way id='734380120' timestamp='2024-05-09T13:43:16Z' uid='18353822' user='futuretale200' visible='true' version='5' changeset='151101124'>
    <nd ref='11891398764' />
    <nd ref='6877309157' />
    <nd ref='11891398765' />
    <nd ref='10580772519' />
    <nd ref='6877309156' />
    <nd ref='8378155618' />
    <nd ref='8378155617' />
    <nd ref='6877309155' />
    <tag k='access' v='private' />
    <tag k='highway' v='service' />
  </way>
  <way id='734380121' timestamp='2024-02-29T06:46:33Z' uid='16275581' user='ompatekar' visible='true' version='4' changeset='148038251'>
    <nd ref='6877309162' />
    <nd ref='7194095815' />
    <nd ref='6877309161' />
    <tag k='access' v='private' />
    <tag k='highway' v='service' />
    <tag k='surface' v='paving_stones' />
  </way>
  <way id='734380123' timestamp='2024-02-29T06:46:33Z' uid='16275581' user='ompatekar' visible='true' version='5' changeset='148038251'>
    <nd ref='6868998028' />
    <nd ref='6877309171' />
    <nd ref='6877309170' />
    <nd ref='8378114214' />
    <nd ref='8378114213' />
    <nd ref='8378114189' />
    <nd ref='6877309169' />
    <nd ref='8378114212' />
    <nd ref='6877309168' />
    <nd ref='8378114211' />
    <nd ref='6877309167' />
    <nd ref='8378114210' />
    <nd ref='10582176961' />
    <nd ref='8378114202' />
    <nd ref='8378114203' />
    <tag k='access' v='private' />
    <tag k='highway' v='service' />
  </way>
  <way id='734380124' timestamp='2024-05-09T14:25:56Z' uid='18353822' user='futuretale200' visible='true' version='12' changeset='151103252'>
    <nd ref='6877339586' />
    <nd ref='6877309182' />
    <nd ref='8378130521' />
    <nd ref='8378130522' />
    <nd ref='6877309181' />
    <nd ref='6877309180' />
    <nd ref='6877309154' />
    <nd ref='6877309179' />
    <nd ref='8378130523' />
    <nd ref='8378130524' />
    <nd ref='6512017296' />
    <nd ref='6877309178' />
    <nd ref='11675883935' />
    <nd ref='6877309162' />
    <nd ref='10581897110' />
    <nd ref='10581897114' />
    <nd ref='10581897115' />
    <nd ref='10582239903' />
    <nd ref='8378026728' />
    <nd ref='6877309177' />
    <nd ref='3459618760' />
    <nd ref='8378026720' />
    <nd ref='6877309175' />
    <nd ref='10582434748' />
    <nd ref='6877309174' />
    <nd ref='6877309173' />
    <nd ref='8378531886' />
    <nd ref='11891553409' />
    <nd ref='6884191582' />
    <nd ref='6868998038' />
    <nd ref='6884191583' />
    <nd ref='11675887784' />
    <nd ref='6877309160' />
    <tag k='access' v='private' />
    <tag k='highway' v='service' />
    <tag k='surface' v='concrete' />
  </way>
  <way id='735363517' timestamp='2024-02-29T06:46:33Z' uid='16275581' user='ompatekar' visible='true' version='4' changeset='148038251'>
    <nd ref='6887435857' />
    <nd ref='6887435856' />
    <nd ref='6887435855' />
    <nd ref='6887435854' />
    <nd ref='6887435853' />
    <nd ref='6887435852' />
    <nd ref='10582220537' />
    <nd ref='6877309183' />
    <tag k='access' v='private' />
    <tag k='construction' v='yes' />
    <tag k='highway' v='service' />
    <tag k='junction' v='roundabout' />
  </way>
  <way id='744276182' timestamp='2024-02-29T06:46:33Z' uid='16275581' user='ompatekar' visible='true' version='2' changeset='148038251'>
    <nd ref='6869340516' />
    <nd ref='6965885547' />
    <nd ref='6965885546' />
    <tag k='access' v='private' />
    <tag k='highway' v='service' />
  </way>
  <way id='795926284' timestamp='2024-02-29T06:46:33Z' uid='16275581' user='ompatekar' visible='true' version='3' changeset='148038251'>
    <nd ref='7444654579' />
    <nd ref='7444654580' />
    <nd ref='7444654581' />
    <tag k='access' v='private' />
    <tag k='bicycle' v='no' />
    <tag k='foot' v='no' />
    <tag k='highway' v='path' />
    <tag k='name' v='walkway' />
    <tag k='surface' v='concrete' />
  </way>
  <way id='795926285' timestamp='2020-04-25T11:00:22Z' uid='11081103' user='awesomeroks' visible='true' version='1' changeset='84100528'>
    <nd ref='7444654582' />
    <nd ref='7444654583' />
    <nd ref='7444654584' />
    <nd ref='7444664885' />
    <nd ref='7444654582' />
    <tag k='leisure' v='pitch' />
    <tag k='name' v='Temporary Football Field' />
    <tag k='sport' v='soccer' />
  </way>
  <way id='795926286' timestamp='2024-05-09T14:25:56Z' uid='18353822' user='futuretale200' visible='true' version='5' changeset='151103252'>
    <nd ref='10585992135' />
    <nd ref='7444664886' />
    <nd ref='7444664887' />
    <nd ref='10582253320' />
    <nd ref='7444664890' />
    <nd ref='3459618775' />
    <nd ref='3459618773' />
    <nd ref='7444664892' />
    <nd ref='7444664893' />
    <nd ref='3459618779' />
    <nd ref='7444664895' />
    <nd ref='3459618771' />
    <nd ref='7444664896' />
    <nd ref='11891553799' />
    <nd ref='7444664897' />
    <nd ref='7444664898' />
    <nd ref='7444664899' />
    <nd ref='7444664900' />
    <nd ref='7444664901' />
    <nd ref='7444664902' />
    <nd ref='7444664903' />
    <nd ref='7444664904' />
    <nd ref='7444664905' />
    <nd ref='7444664906' />
    <nd ref='10585992135' />
    <tag k='leisure' v='pitch' />
    <tag k='name' v='temporary cricket field' />
    <tag k='sport' v='cricket' />
    <tag k='surface' v='tartan' />
  </way>
  <way id='803326423' timestamp='2024-05-09T13:01:29Z' uid='18353822' user='futuretale200' visible='true' version='4' changeset='151099153'>
    <nd ref='10584795305' />
    <nd ref='10584795306' />
    <nd ref='10584795307' />
    <nd ref='7514530773' />
    <nd ref='7514530774' />
    <nd ref='10584776801' />
    <nd ref='7514530779' />
    <nd ref='10584776802' />
    <nd ref='10584795305' />
    <tag k='building' v='yes' />
    <tag k='building:levels' v='1' />
    <tag k='description' v='A place where students of IIT Gandhinagar meet for discussions, events and recreation.' />
    <tag k='height' v='1' />
    <tag k='name' v='Panchayat Circle' />
    <tag k='operator' v='IIT Gandhinagar' />
  </way>
  <way id='901931811' timestamp='2021-01-30T11:09:59Z' uid='11631029' user='VLD264' visible='true' version='1' changeset='98409523'>
    <nd ref='8377948419' />
    <nd ref='8377948418' />
    <nd ref='8377948417' />
    <nd ref='8377927016' />
    <nd ref='8377927015' />
    <nd ref='8377927010' />
    <nd ref='8377927011' />
    <nd ref='8377927014' />
    <nd ref='8377927013' />
    <nd ref='8377927012' />
    <tag k='highway' v='service' />
    <tag k='source' v='Bing aerial imagery' />
  </way>
  <way id='901943221' timestamp='2024-05-09T14:25:56Z' uid='18353822' user='futuretale200' visible='true' version='3' changeset='151103252'>
    <nd ref='8378026740' />
    <nd ref='3459618760' />
    <tag k='access' v='private' />
    <tag k='highway' v='service' />
    <tag k='source' v='maxar' />
  </way>
  <way id='901943222' timestamp='2024-02-29T06:46:33Z' uid='16275581' user='ompatekar' visible='true' version='6' changeset='148038251'>
    <nd ref='8378026776' />
    <nd ref='8378026747' />
    <nd ref='8378026746' />
    <nd ref='8378026745' />
    <nd ref='8378026744' />
    <nd ref='8378026743' />
    <nd ref='8378026742' />
    <nd ref='8378026741' />
    <tag k='highway' v='service' />
    <tag k='source' v='maxar' />
    <tag k='surface' v='concrete' />
  </way>
  <way id='901943223' timestamp='2021-01-30T12:45:32Z' uid='11631029' user='VLD264' visible='true' version='2' changeset='98412913'>
    <nd ref='8378026778' />
    <nd ref='8378026777' />
    <nd ref='8378155604' />
    <nd ref='8378026776' />
    <nd ref='8378026775' />
    <nd ref='8378026774' />
    <nd ref='8378026773' />
    <nd ref='8378026772' />
    <nd ref='8377990864' />
    <nd ref='8378026771' />
    <nd ref='8378026770' />
    <nd ref='8378026754' />
    <nd ref='8378026769' />
    <nd ref='8378026768' />
    <nd ref='8378026767' />
    <nd ref='8378026766' />
    <nd ref='8378026765' />
    <nd ref='8378026764' />
    <nd ref='8378155577' />
    <nd ref='8378026763' />
    <nd ref='8378026762' />
    <nd ref='8378026761' />
    <nd ref='8378026760' />
    <nd ref='8378026759' />
    <nd ref='8378026758' />
    <nd ref='8378026757' />
    <nd ref='8378026756' />
    <nd ref='8378026755' />
    <tag k='highway' v='residential' />
    <tag k='source' v='maxar' />
  </way>
  <way id='901956497' timestamp='2024-02-29T06:46:33Z' uid='16275581' user='ompatekar' visible='true' version='4' changeset='148038251'>
    <nd ref='6877339594' />
    <nd ref='6877339593' />
    <nd ref='6877339592' />
    <nd ref='6877339591' />
    <nd ref='8378114142' />
    <nd ref='6877339590' />
    <nd ref='6877339589' />
    <nd ref='6877339588' />
    <nd ref='8378536135' />
    <nd ref='6877339587' />
    <nd ref='6877339586' />
    <tag k='access' v='private' />
    <tag k='highway' v='service' />
  </way>
  <way id='901956505' timestamp='2024-05-09T13:01:29Z' uid='18353822' user='futuretale200' visible='true' version='8' changeset='151099153'>
    <nd ref='8378130530' />
    <nd ref='11891329305' />
    <nd ref='8378130529' />
    <nd ref='8378130528' />
    <nd ref='11891383400' />
    <nd ref='10582385473' />
    <nd ref='10581725514' />
    <tag k='access' v='private' />
    <tag k='bicycle' v='designated' />
    <tag k='foot' v='designated' />
    <tag k='highway' v='cycleway' />
    <tag k='source' v='maxar' />
    <tag k='surface' v='concrete' />
  </way>
  <way id='901956507' timestamp='2024-05-09T13:01:29Z' uid='18353822' user='futuretale200' visible='true' version='7' changeset='151099153'>
    <nd ref='8378130542' />
    <nd ref='8378130540' />
    <nd ref='8378130539' />
    <nd ref='8378130538' />
    <nd ref='8378130537' />
    <nd ref='8378130536' />
    <nd ref='8378130535' />
    <nd ref='8378130534' />
    <tag k='access' v='private' />
    <tag k='bicycle' v='designated' />
    <tag k='foot' v='designated' />
    <tag k='highway' v='cycleway' />
    <tag k='source' v='maxar' />
    <tag k='surface' v='concrete' />
  </way>
  <way id='901956508' timestamp='2024-05-09T14:25:56Z' uid='18353822' user='futuretale200' visible='true' version='10' changeset='151103252'>
    <nd ref='8378130530' />
    <nd ref='8378130544' />
    <nd ref='8378130542' />
    <nd ref='10581725516' />
    <nd ref='8378130543' />
    <tag k='access' v='private' />
    <tag k='bicycle' v='designated' />
    <tag k='foot' v='designated' />
    <tag k='highway' v='cycleway' />
    <tag k='source' v='maxar' />
    <tag k='surface' v='concrete' />
  </way>
  <way id='901959027' timestamp='2021-01-30T12:45:32Z' uid='11631029' user='VLD264' visible='true' version='1' changeset='98412913'>
    <nd ref='8378155609' />
    <nd ref='8378155608' />
    <nd ref='8378155607' />
    <nd ref='8378155606' />
    <nd ref='8378155605' />
    <nd ref='8378155604' />
    <tag k='highway' v='residential' />
    <tag k='source' v='maxar' />
  </way>
  <way id='902005797' timestamp='2024-02-29T06:46:33Z' uid='16275581' user='ompatekar' visible='true' version='3' changeset='148038251'>
    <nd ref='8378531885' />
    <nd ref='8378531884' />
    <tag k='access' v='private' />
    <tag k='highway' v='service' />
    <tag k='source' v='maxar' />
    <tag k='surface' v='concrete' />
  </way>
  <way id='902005798' timestamp='2024-02-29T06:46:33Z' uid='16275581' user='ompatekar' visible='true' version='3' changeset='148038251'>
    <nd ref='8378531888' />
    <nd ref='11675883948' />
    <nd ref='11675883949' />
    <nd ref='11675883950' />
    <nd ref='11675883951' />
    <nd ref='11675883952' />
    <tag k='highway' v='service' />
    <tag k='source' v='maxar' />
    <tag k='surface' v='unpaved' />
  </way>
  <way id='1104668864' timestamp='2024-12-12T11:06:12Z' uid='18826385' user='MarinaKuzko' visible='true' version='6' changeset='160203077'>
    <nd ref='10108616105' />
    <nd ref='10108616106' />
    <nd ref='10108616107' />
    <nd ref='10108616108' />
    <nd ref='10108616109' />
    <nd ref='10108616110' />
    <nd ref='10108616111' />
    <nd ref='10108616112' />
    <nd ref='10108616113' />
    <nd ref='10108616114' />
    <nd ref='10108616115' />
    <nd ref='10108616116' />
    <nd ref='10108643417' />
    <nd ref='10108643418' />
    <nd ref='10108643419' />
    <nd ref='10108643420' />
    <nd ref='10108643421' />
    <nd ref='10108643422' />
    <nd ref='10108643423' />
    <nd ref='10108643424' />
    <nd ref='10108643425' />
    <nd ref='10108643426' />
    <nd ref='10108643427' />
    <nd ref='10108643428' />
    <nd ref='10108643429' />
    <nd ref='10108643430' />
    <nd ref='10108643431' />
    <nd ref='10108643432' />
    <nd ref='10108643433' />
    <nd ref='10108643434' />
    <nd ref='10108643435' />
    <nd ref='10108643436' />
    <nd ref='10108643437' />
    <nd ref='10108643438' />
    <nd ref='10108643439' />
    <nd ref='10108643440' />
    <nd ref='10108643441' />
    <nd ref='10108643442' />
    <nd ref='10108643443' />
    <nd ref='10108643444' />
    <nd ref='10108643445' />
    <nd ref='10108643446' />
    <nd ref='10108643447' />
    <nd ref='10108643448' />
    <nd ref='10108643449' />
    <nd ref='10108643450' />
    <nd ref='10108643451' />
    <nd ref='10108643452' />
    <nd ref='10108643453' />
    <nd ref='10108643454' />
    <nd ref='10108643455' />
    <nd ref='10108643456' />
    <nd ref='10108643457' />
    <nd ref='10108643458' />
    <nd ref='10108643459' />
    <nd ref='10108643460' />
    <nd ref='10108643461' />
    <nd ref='10108643462' />
    <nd ref='10108643463' />
    <nd ref='10108643464' />
    <nd ref='10108643465' />
    <nd ref='10108643466' />
    <nd ref='10108643467' />
    <nd ref='10108643468' />
    <nd ref='10108643469' />
    <nd ref='10108643470' />
    <nd ref='10108643471' />
    <nd ref='10108643472' />
    <nd ref='10108643473' />
    <nd ref='10108643474' />
    <nd ref='10108643475' />
    <nd ref='10108643476' />
    <nd ref='10108643477' />
    <nd ref='10108643478' />
    <nd ref='10108643479' />
    <nd ref='10108643480' />
    <nd ref='10108643481' />
    <nd ref='10108643482' />
    <nd ref='10108643483' />
    <nd ref='10108643484' />
    <nd ref='10108643485' />
    <nd ref='10108643486' />
    <nd ref='10108643487' />
    <nd ref='10108643488' />
    <nd ref='10108643489' />
    <nd ref='10108643490' />
    <nd ref='10108643491' />
    <nd ref='10108643492' />
    <nd ref='10108643493' />
    <nd ref='10108643494' />
    <nd ref='10108643495' />
    <nd ref='10108643496' />
    <nd ref='10108643497' />
    <nd ref='10108643498' />
    <nd ref='10108643499' />
    <nd ref='10108643500' />
    <nd ref='10108643501' />
    <nd ref='10108643502' />
    <nd ref='10108643503' />
    <nd ref='10108643504' />
    <nd ref='10108643505' />
    <nd ref='10108643506' />
    <nd ref='10108643507' />
    <nd ref='10108643508' />
    <nd ref='10108643509' />
    <nd ref='10108643510' />
    <nd ref='10108643511' />
    <nd ref='10108643512' />
    <nd ref='12415654325' />
    <nd ref='10108643513' />
    <nd ref='12415654375' />
    <nd ref='10108643514' />
    <nd ref='10108643515' />
    <nd ref='10108643516' />
    <nd ref='10108643517' />
    <nd ref='10108643518' />
    <nd ref='10108643519' />
    <nd ref='10108643520' />
    <nd ref='10108643521' />
    <nd ref='10108643522' />
    <nd ref='10108643523' />
    <nd ref='10108643524' />
    <nd ref='10108643525' />
    <nd ref='10108643526' />
    <nd ref='10108643527' />
    <nd ref='10108643528' />
    <nd ref='10108643529' />
    <nd ref='10108643530' />
    <nd ref='10108643531' />
    <nd ref='10108643532' />
    <nd ref='10108643533' />
    <nd ref='10108643534' />
    <nd ref='10108643535' />
    <nd ref='10108643536' />
    <nd ref='10108643537' />
    <nd ref='10108643538' />
    <nd ref='10108643539' />
    <nd ref='10108643540' />
    <nd ref='10108643541' />
    <nd ref='10108616105' />
    <tag k='addr:country' v='IN' />
    <tag k='addr:state' v='Gujarat' />
    <tag k='name' v='Gandhinagar' />
    <tag k='place' v='city' />
    <tag k='wikidata' v='Q11910' />
    <tag k='wikipedia' v='en:Gandhinagar' />
  </way>
  <way id='1135159983' timestamp='2024-05-09T11:52:59Z' uid='18353822' user='futuretale200' visible='true' version='5' changeset='151096112'>
    <nd ref='10581635992' />
    <nd ref='11837283200' />
    <nd ref='10581635993' />
    <nd ref='10581635994' />
    <nd ref='10585999811' />
    <nd ref='10585999812' />
    <nd ref='10581635995' />
    <nd ref='10585999808' />
    <nd ref='10585999809' />
    <nd ref='10585999810' />
    <nd ref='10581635992' />
    <tag k='building' v='yes' />
    <tag k='height' v='7' />
    <tag k='name' v='Jurqia Hostel' />
    <tag k='tourism' v='hostel' />
  </way>
  <way id='1135160397' timestamp='2024-05-09T13:01:29Z' uid='18353822' user='futuretale200' visible='true' version='8' changeset='151099153'>
    <nd ref='10581725514' />
    <nd ref='8378130542' />
    <tag k='access' v='private' />
    <tag k='bicycle' v='designated' />
    <tag k='foot' v='designated' />
    <tag k='highway' v='cycleway' />
    <tag k='name' v='Hostel Road' />
    <tag k='surface' v='concrete' />
  </way>
  <way id='1135160676' timestamp='2024-05-09T13:01:29Z' uid='18353822' user='futuretale200' visible='true' version='6' changeset='151099153'>
    <nd ref='10581726464' />
    <nd ref='10581726465' />
    <nd ref='10581726466' />
    <nd ref='10581726467' />
    <nd ref='10581726468' />
    <nd ref='10582254217' />
    <nd ref='10582254216' />
    <nd ref='10582254215' />
    <nd ref='10582254214' />
    <nd ref='10582254213' />
    <nd ref='11891329293' />
    <nd ref='10582254212' />
    <nd ref='10582254211' />
    <nd ref='10582254210' />
    <nd ref='10582254209' />
    <nd ref='10582254208' />
    <nd ref='11891329294' />
    <nd ref='10582254206' />
    <nd ref='10582254205' />
    <nd ref='10582254207' />
    <nd ref='11891329295' />
    <nd ref='10582239904' />
    <nd ref='10581726469' />
    <nd ref='11891329296' />
    <nd ref='11891329297' />
    <nd ref='11891383402' />
    <nd ref='11891329299' />
    <nd ref='11891329300' />
    <nd ref='11891329301' />
    <nd ref='11891329302' />
    <nd ref='11891329303' />
    <nd ref='11891329304' />
    <nd ref='10581726470' />
    <nd ref='10581726471' />
    <nd ref='10581726464' />
    <tag k='building' v='yes' />
    <tag k='height' v='20' />
    <tag k='name' v='Kyzeel Hostel' />
    <tag k='tourism' v='hostel' />
  </way>
  <way id='1135161209' timestamp='2024-05-09T12:30:44Z' uid='18353822' user='futuretale200' visible='true' version='6' changeset='151097668'>
    <nd ref='10581731708' />
    <nd ref='11891329314' />
    <nd ref='11891329313' />
    <nd ref='11891329312' />
    <nd ref='11891329311' />
    <nd ref='11891329310' />
    <nd ref='11891329309' />
    <nd ref='11891329308' />
    <nd ref='11891329323' />
    <nd ref='10581731709' />
    <nd ref='11891329322' />
    <nd ref='11891329321' />
    <nd ref='11891329320' />
    <nd ref='10581731710' />
    <nd ref='11891329318' />
    <nd ref='11891329319' />
    <nd ref='11891329324' />
    <nd ref='11891329325' />
    <nd ref='11891329326' />
    <nd ref='11891329327' />
    <nd ref='10581731711' />
    <nd ref='11891329307' />
    <nd ref='11891329306' />
    <nd ref='10581731712' />
    <nd ref='10585999807' />
    <nd ref='10581731713' />
    <nd ref='11891329335' />
    <nd ref='11891329334' />
    <nd ref='11891329333' />
    <nd ref='11891329332' />
    <nd ref='11891329331' />
    <nd ref='11891329330' />
    <nd ref='11891329329' />
    <nd ref='11891329328' />
    <nd ref='10581731714' />
    <nd ref='10581731715' />
    <nd ref='11891329317' />
    <nd ref='10585999806' />
    <nd ref='11891329316' />
    <nd ref='11891329315' />
    <nd ref='10581731708' />
    <tag k='building' v='residential' />
    <tag k='height' v='7' />
    <tag k='name' v='Ijokha Hostel' />
    <tag k='name:hi' v='Ijokha Hostel' />
    <tag k='nohousenumber' v='yes' />
    <tag k='tourism' v='hostel' />
  </way>
  <way id='1135161875' timestamp='2024-05-09T14:25:56Z' uid='18353822' user='futuretale200' visible='true' version='7' changeset='151103252'>
    <nd ref='10581727648' />
    <nd ref='11891319460' />
    <nd ref='11891319459' />
    <nd ref='11837283199' />
    <nd ref='11891319458' />
    <nd ref='11837283198' />
    <nd ref='11891553798' />
    <nd ref='11891553797' />
    <nd ref='11891319457' />
    <nd ref='11891329292' />
    <nd ref='11891329291' />
    <nd ref='11891329290' />
    <nd ref='10581727649' />
    <nd ref='10581727650' />
    <nd ref='11891329289' />
    <nd ref='11891329288' />
    <nd ref='11891329287' />
    <nd ref='11891329286' />
    <nd ref='10581727651' />
    <nd ref='11891329285' />
    <nd ref='11891329283' />
    <nd ref='11891329282' />
    <nd ref='11891329281' />
    <nd ref='11891329280' />
    <nd ref='11891329279' />
    <nd ref='11891329278' />
    <nd ref='10581727652' />
    <nd ref='11891329277' />
    <nd ref='11891329276' />
    <nd ref='10581727653' />
    <nd ref='11891329274' />
    <nd ref='11891329275' />
    <nd ref='11891329273' />
    <nd ref='11891329272' />
    <nd ref='11891329271' />
    <nd ref='11891329270' />
    <nd ref='10581727654' />
    <nd ref='11891329269' />
    <nd ref='10581727655' />
    <nd ref='11891319468' />
    <nd ref='11891319467' />
    <nd ref='11891319466' />
    <nd ref='11891319465' />
    <nd ref='11891319464' />
    <nd ref='11891319463' />
    <nd ref='11891319462' />
    <nd ref='11891319461' />
    <nd ref='10581727648' />
    <tag k='building' v='yes' />
    <tag k='height' v='20' />
    <tag k='name' v='Lekhaag Hostel' />
    <tag k='tourism' v='hostel' />
  </way>
  <way id='1135162402' timestamp='2024-04-22T11:39:05Z' uid='21333586' user='Graxx' visible='true' version='5' changeset='150342320'>
    <nd ref='10581701626' />
    <nd ref='8378130543' />
    <nd ref='10581701627' />
    <nd ref='8378130534' />
    <tag k='access' v='private' />
    <tag k='highway' v='service' />
    <tag k='name' v='Hostel Road' />
    <tag k='surface' v='concrete' />
  </way>
  <way id='1135163996' timestamp='2024-05-09T14:25:56Z' uid='18353822' user='futuretale200' visible='true' version='9' changeset='151103252'>
    <nd ref='10581753773' />
    <nd ref='11891274608' />
    <nd ref='11891274607' />
    <nd ref='11891553796' />
    <nd ref='11891274606' />
    <nd ref='10581753775' />
    <nd ref='10581753776' />
    <nd ref='11891274599' />
    <nd ref='11891274600' />
    <nd ref='10581753777' />
    <nd ref='11891274601' />
    <nd ref='11891274602' />
    <nd ref='11891274603' />
    <nd ref='11891319453' />
    <nd ref='11891274604' />
    <nd ref='10581753773' />
    <tag k='amenity' v='theatre' />
    <tag k='name' v='New Panchayat Circle (New PC)' />
    <tag k='theatre:type' v='amphi' />
  </way>
  <way id='1135167375' timestamp='2024-05-09T12:30:44Z' uid='18353822' user='futuretale200' visible='true' version='7' changeset='151097668'>
    <nd ref='8378130528' />
    <nd ref='10581763193' />
    <nd ref='10582239902' />
    <nd ref='10581763191' />
    <nd ref='11891329342' />
    <nd ref='10581763192' />
    <nd ref='7514530772' />
    <tag k='access' v='private' />
    <tag k='bicycle' v='designated' />
    <tag k='foot' v='designated' />
    <tag k='highway' v='cycleway' />
    <tag k='name' v='Hostel Road' />
  </way>
  <way id='1135167376' timestamp='2024-02-29T06:46:33Z' uid='16275581' user='ompatekar' visible='true' version='6' changeset='148038251'>
    <nd ref='10581763198' />
    <nd ref='10581763199' />
    <tag k='access' v='private' />
    <tag k='highway' v='service' />
    <tag k='surface' v='paving_stones' />
  </way>
  <way id='1135167377' timestamp='2024-05-09T13:01:29Z' uid='18353822' user='futuretale200' visible='true' version='9' changeset='151099153'>
    <nd ref='10581763199' />
    <nd ref='10581763201' />
    <nd ref='11891383404' />
    <nd ref='11891383403' />
    <nd ref='10581763202' />
    <nd ref='10581763192' />
    <tag k='access' v='private' />
    <tag k='bicycle' v='designated' />
    <tag k='foot' v='designated' />
    <tag k='highway' v='cycleway' />
    <tag k='name' v='Hostel Road' />
    <tag k='surface' v='paving_stones' />
  </way>
  <way id='1135167378' timestamp='2024-05-09T13:01:29Z' uid='18353822' user='futuretale200' visible='true' version='6' changeset='151099153'>
    <nd ref='10581763204' />
    <nd ref='11891383405' />
    <nd ref='7514530770' />
    <nd ref='7514530771' />
    <nd ref='7514530772' />
    <tag k='access' v='private' />
    <tag k='bicycle' v='designated' />
    <tag k='foot' v='designated' />
    <tag k='highway' v='cycleway' />
  </way>
  <way id='1135168174' timestamp='2024-05-09T13:01:29Z' uid='18353822' user='futuretale200' visible='true' version='6' changeset='151099153'>
    <nd ref='7194095815' />
    <nd ref='10581766699' />
    <nd ref='10581766700' />
    <nd ref='10581766701' />
    <nd ref='10581766702' />
    <nd ref='10581766704' />
    <nd ref='10581783405' />
    <nd ref='10581783406' />
    <nd ref='10581783408' />
    <nd ref='10581783409' />
    <nd ref='10581783410' />
    <nd ref='10581783411' />
    <nd ref='11891383404' />
    <tag k='access' v='private' />
    <tag k='highway' v='footway' />
    <tag k='surface' v='paving_stones' />
  </way>
  <way id='1135168627' timestamp='2023-01-25T13:50:23Z' uid='18353822' user='futuretale200' visible='true' version='1' changeset='131696599'>
    <nd ref='10581774116' />
    <nd ref='10581774117' />
    <nd ref='10581774118' />
    <nd ref='10581774119' />
    <nd ref='10581774120' />
    <nd ref='10581774121' />
    <nd ref='10581774116' />
    <tag k='name' v='Green Field' />
    <tag k='natural' v='grassland' />
  </way>
  <way id='1135170805' timestamp='2024-05-09T13:43:16Z' uid='18353822' user='futuretale200' visible='true' version='3' changeset='151101124'>
    <nd ref='7194095815' />
    <nd ref='11891398764' />
    <nd ref='10581796197' />
    <nd ref='10581796198' />
    <nd ref='10581796199' />
    <nd ref='10581796200' />
    <nd ref='10581796201' />
    <nd ref='10581796202' />
    <nd ref='10581796203' />
    <nd ref='10581796204' />
    <tag k='access' v='private' />
    <tag k='highway' v='footway' />
    <tag k='layer' v='-1' />
    <tag k='name' v='Acad Block Path' />
  </way>
  <way id='1135170856' timestamp='2024-02-29T06:46:33Z' uid='16275581' user='ompatekar' visible='true' version='2' changeset='148038251'>
    <nd ref='10581796198' />
    <nd ref='10580772519' />
    <tag k='access' v='private' />
    <tag k='highway' v='footway' />
  </way>
  <way id='1135173643' timestamp='2024-06-05T18:09:44Z' uid='13913100' user='rahilarious' visible='true' version='9' changeset='152299907'>
    <nd ref='10581808860' />
    <nd ref='10581808861' />
    <nd ref='10581808862' />
    <nd ref='11891459368' />
    <nd ref='10581808865' />
    <nd ref='11891496669' />
    <nd ref='10581808868' />
    <nd ref='10581808869' />
    <nd ref='11891496670' />
    <nd ref='10581808871' />
    <nd ref='10581808872' />
    <nd ref='10581808873' />
    <nd ref='10581808875' />
    <nd ref='10581808876' />
    <nd ref='10581808877' />
    <nd ref='10581808878' />
    <nd ref='10581808879' />
    <nd ref='11891496672' />
    <nd ref='10581808881' />
    <nd ref='11891496671' />
    <nd ref='10581808882' />
    <nd ref='11891459366' />
    <nd ref='11891459367' />
    <nd ref='10581808860' />
  </way>
  <way id='1135173644' timestamp='2024-06-05T18:09:44Z' uid='13913100' user='rahilarious' visible='true' version='2' changeset='152299907'>
    <nd ref='10581808883' />
    <nd ref='10581808884' />
    <nd ref='10581808885' />
    <nd ref='10581808886' />
    <nd ref='11958946949' />
    <nd ref='11958946948' />
    <nd ref='10581808883' />
    <tag k='leisure' v='pitch' />
    <tag k='sport' v='soccer' />
  </way>
  <way id='1135173645' timestamp='2023-01-25T17:56:50Z' uid='18353822' user='futuretale200' visible='true' version='3' changeset='131705553'>
    <nd ref='10581808887' />
    <nd ref='10581808888' />
    <nd ref='10581808889' />
    <nd ref='10581808890' />
    <nd ref='10581808891' />
    <nd ref='10581808892' />
    <nd ref='10581808893' />
    <nd ref='10581808894' />
    <nd ref='10581808895' />
    <nd ref='10581808896' />
    <nd ref='10581808897' />
    <nd ref='10581808898' />
    <nd ref='10581808899' />
    <nd ref='10581808900' />
    <nd ref='10581808901' />
    <nd ref='10581808902' />
    <nd ref='10581808903' />
    <nd ref='10581808904' />
    <nd ref='10581821105' />
    <nd ref='10581821106' />
    <nd ref='10581821107' />
    <nd ref='10581821108' />
    <nd ref='10581821109' />
    <nd ref='10581821110' />
    <nd ref='10581821111' />
    <nd ref='10581821112' />
    <nd ref='10581821113' />
    <nd ref='10581821114' />
    <nd ref='10581821115' />
    <nd ref='10581821116' />
    <nd ref='10581821117' />
    <nd ref='10581821118' />
    <nd ref='10581821119' />
    <nd ref='10581821120' />
    <nd ref='10581808887' />
    <tag k='access' v='permit' />
    <tag k='leisure' v='pitch' />
    <tag k='lit' v='yes' />
    <tag k='name' v='IITGN Cricket Ground' />
    <tag k='sport' v='cricket' />
    <tag k='surface' v='grass' />
  </way>
  <way id='1135175624' timestamp='2023-01-25T14:16:02Z' uid='18353822' user='futuretale200' visible='true' version='2' changeset='131697652'>
    <nd ref='10581836005' />
    <nd ref='10581836006' />
    <nd ref='10581836007' />
    <nd ref='10581836008' />
    <nd ref='10581836009' />
    <nd ref='10581836005' />
    <tag k='landuse' v='forest' />
    <tag k='leaf_cycle' v='evergreen' />
  </way>
  <way id='1135176330' timestamp='2023-02-14T11:00:29Z' uid='18477802' user='atal222' visible='true' version='4' changeset='132531231'>
    <nd ref='10581830021' />
    <nd ref='10581830022' />
    <nd ref='10581830023' />
    <nd ref='10581830024' />
    <nd ref='10581830021' />
    <tag k='leisure' v='pitch' />
    <tag k='lit' v='no' />
    <tag k='name' v='Lawn Tennis Court' />
    <tag k='sport' v='tennis' />
    <tag k='surface' v='artificial_turf' />
  </way>
  <way id='1135176331' timestamp='2024-02-29T06:46:33Z' uid='16275581' user='ompatekar' visible='true' version='3' changeset='148038251'>
    <nd ref='10581701626' />
    <nd ref='10581830025' />
    <nd ref='10581830028' />
    <nd ref='10581830026' />
    <nd ref='10581830021' />
    <nd ref='10581830027' />
    <nd ref='10581763198' />
    <tag k='access' v='private' />
    <tag k='highway' v='service' />
  </way>
  <way id='1135176332' timestamp='2024-02-29T06:46:33Z' uid='16275581' user='ompatekar' visible='true' version='2' changeset='148038251'>
    <nd ref='6877102347' />
    <nd ref='10581830027' />
    <tag k='access' v='private' />
    <tag k='highway' v='footway' />
  </way>
  <way id='1135176333' timestamp='2024-04-22T11:39:05Z' uid='21333586' user='Graxx' visible='true' version='4' changeset='150342320'>
    <nd ref='10581830028' />
    <nd ref='10581830029' />
    <tag k='access' v='private' />
    <tag k='bicycle' v='designated' />
    <tag k='foot' v='designated' />
    <tag k='highway' v='cycleway' />
    <tag k='surface' v='paving_stones' />
  </way>
  <way id='1135177874' timestamp='2024-05-09T14:25:56Z' uid='18353822' user='futuretale200' visible='true' version='4' changeset='151103252'>
    <nd ref='10581830024' />
    <nd ref='10581830023' />
    <nd ref='10581851904' />
    <nd ref='10581855427' />
    <nd ref='10581855405' />
    <nd ref='10581855406' />
    <nd ref='10582254219' />
    <nd ref='10581855407' />
    <nd ref='10581855408' />
    <nd ref='10582254218' />
    <nd ref='10582254220' />
    <nd ref='10581855411' />
    <nd ref='10582254229' />
    <nd ref='10581855425' />
    <nd ref='10581855424' />
    <nd ref='10581855423' />
    <nd ref='11891553410' />
    <nd ref='10581855421' />
    <nd ref='10581855420' />
    <nd ref='11891553411' />
    <nd ref='10581855417' />
    <nd ref='10581855432' />
    <nd ref='10581855431' />
    <nd ref='10581836009' />
    <nd ref='6884191582' />
    <nd ref='11891553409' />
    <nd ref='10582254227' />
    <nd ref='10582254228' />
    <nd ref='10582254226' />
    <nd ref='10582254225' />
    <nd ref='10582254224' />
    <nd ref='10582254223' />
    <nd ref='10582254221' />
    <nd ref='10581855409' />
    <nd ref='10582254222' />
    <nd ref='8378130534' />
    <nd ref='10581830024' />
    <tag k='landuse' v='grass' />
  </way>
  <way id='1135177875' timestamp='2024-05-09T14:25:56Z' uid='18353822' user='futuretale200' visible='true' version='3' changeset='151103252'>
    <nd ref='10581855411' />
    <nd ref='10582254220' />
    <nd ref='10581855412' />
    <nd ref='10582254218' />
    <nd ref='10581855408' />
    <nd ref='10581855407' />
    <nd ref='10582254219' />
    <nd ref='10581855406' />
    <nd ref='10581855405' />
    <nd ref='10581855416' />
    <nd ref='10581855417' />
    <nd ref='10581855418' />
    <nd ref='10581855419' />
    <nd ref='11891553411' />
    <nd ref='10581855420' />
    <nd ref='10581855421' />
    <nd ref='11891553410' />
    <nd ref='10581855422' />
    <nd ref='10581855423' />
    <nd ref='10581855424' />
    <nd ref='10581855425' />
    <nd ref='10581855426' />
    <nd ref='10581855411' />
    <tag k='name' v='Mirror Lake' />
    <tag k='natural' v='water' />
    <tag k='water' v='lake' />
  </way>
  <way id='1135177876' timestamp='2024-05-09T14:25:56Z' uid='18353822' user='futuretale200' visible='true' version='3' changeset='151103252'>
    <nd ref='10581855427' />
    <nd ref='10581851904' />
    <nd ref='10581855429' />
    <nd ref='10581855430' />
    <nd ref='10581855431' />
    <nd ref='10581855432' />
    <nd ref='10581855433' />
    <nd ref='10581855417' />
    <nd ref='10581855405' />
    <nd ref='10581855427' />
    <tag k='access' v='yes' />
    <tag k='leisure' v='park' />
    <tag k='name' v='Jal Mandap' />
  </way>
  <way id='1135179321' timestamp='2024-05-09T13:58:48Z' uid='18353822' user='futuretale200' visible='true' version='7' changeset='151101924'>
    <nd ref='6965885548' />
    <nd ref='11891459365' />
    <nd ref='6869340528' />
    <tag k='access' v='private' />
    <tag k='highway' v='service' />
    <tag k='noname' v='yes' />
    <tag k='oneway' v='no' />
    <tag k='surface' v='paving_stones' />
    <tag k='width' v='2' />
  </way>
  <way id='1135183115' timestamp='2024-05-09T12:30:44Z' uid='18353822' user='futuretale200' visible='true' version='3' changeset='151097668'>
    <nd ref='10581897105' />
    <nd ref='10581897106' />
    <nd ref='11891329336' />
    <nd ref='11891329337' />
    <nd ref='10581897107' />
    <nd ref='11891329341' />
    <nd ref='11891329340' />
    <nd ref='10581897108' />
    <nd ref='11891329339' />
    <nd ref='11891329338' />
    <nd ref='10581897109' />
    <nd ref='10581897105' />
    <tag k='amenity' v='food_court' />
    <tag k='building' v='yes' />
    <tag k='internet_access' v='yes' />
    <tag k='name' v='Student Mess (Jaiswal + Mohani)' />
    <tag k='opening_hours' v='PH,Mo-Su 07:30-21:30' />
  </way>
  <way id='1135183116' timestamp='2024-02-29T06:46:33Z' uid='16275581' user='ompatekar' visible='true' version='3' changeset='148038251'>
    <nd ref='10581763202' />
    <nd ref='10581897110' />
    <tag k='access' v='private' />
    <tag k='highway' v='service' />
    <tag k='surface' v='concrete' />
  </way>
  <way id='1135183117' timestamp='2024-05-09T12:30:44Z' uid='18353822' user='futuretale200' visible='true' version='6' changeset='151097668'>
    <nd ref='10581897112' />
    <nd ref='10581897113' />
    <nd ref='10581897114' />
    <tag k='access' v='private' />
    <tag k='bicycle' v='designated' />
    <tag k='foot' v='designated' />
    <tag k='highway' v='cycleway' />
  </way>
  <way id='1135183118' timestamp='2024-05-10T06:13:27Z' uid='474183' user='ratrun' visible='true' version='6' changeset='151128166'>
    <nd ref='10581763191' />
    <nd ref='10581897115' />
    <tag k='access' v='private' />
    <tag k='bicycle' v='designated' />
    <tag k='foot' v='designated' />
    <tag k='highway' v='cycleway' />
  </way>
  <way id='1135197805' timestamp='2024-05-09T13:22:15Z' uid='18353822' user='futuretale200' visible='true' version='3' changeset='151100055'>
    <nd ref='10582014840' />
    <nd ref='10582014841' />
    <nd ref='10582014842' />
    <nd ref='10582239917' />
    <nd ref='10582014843' />
    <nd ref='10582014844' />
    <nd ref='11891412894' />
    <nd ref='10582239914' />
    <nd ref='10582239915' />
    <nd ref='11891412900' />
    <nd ref='11891412896' />
    <nd ref='11891412899' />
    <nd ref='10582239911' />
    <nd ref='11891412895' />
    <nd ref='10582239910' />
    <nd ref='10582239907' />
    <nd ref='10582014840' />
    <tag k='building' v='yes' />
    <tag k='name' v='Central Arcade' />
  </way>
  <way id='1135220068' timestamp='2023-01-27T10:53:10Z' uid='18353822' user='futuretale200' visible='true' version='2' changeset='131767398'>
    <nd ref='10582105848' />
    <nd ref='10582105849' />
    <nd ref='10582105850' />
    <nd ref='10582105851' />
    <nd ref='10582105848' />
    <tag k='building' v='yes' />
    <tag k='layer' v='1' />
    <tag k='name' v='TeaPost' />
    <tag k='opening_hours' v='PH,Mo-Su 09:00-03:00' />
    <tag k='shop' v='tea' />
  </way>
  <way id='1135220069' timestamp='2023-01-25T16:22:05Z' uid='18353822' user='futuretale200' visible='true' version='1' changeset='131702570'>
    <nd ref='10582105852' />
    <nd ref='10582105853' />
    <nd ref='10582105854' />
    <nd ref='10582105855' />
    <nd ref='10582105852' />
    <tag k='building' v='yes' />
    <tag k='name' v='Atul Bakery' />
    <tag k='shop' v='bakery' />
  </way>
  <way id='1135220070' timestamp='2024-05-09T13:01:29Z' uid='18353822' user='futuretale200' visible='true' version='3' changeset='151099153'>
    <nd ref='11891383411' />
    <nd ref='11891383414' />
    <nd ref='10582105858' />
    <nd ref='10582105859' />
    <nd ref='11891383411' />
    <tag k='amenity' v='fast_food' />
    <tag k='building' v='yes' />
    <tag k='fast_food' v='cafeteria' />
    <tag k='name' v='Just Chill Cafe' />
  </way>
  <way id='1135220071' timestamp='2024-05-09T13:01:29Z' uid='18353822' user='futuretale200' visible='true' version='3' changeset='151099153'>
    <nd ref='10582105860' />
    <nd ref='10582105861' />
    <nd ref='11891383388' />
    <nd ref='10582105863' />
    <nd ref='10582105867' />
    <nd ref='11837283210' />
    <nd ref='10582105860' />
    <tag k='amenity' v='library' />
    <tag k='building' v='yes' />
    <tag k='layer' v='1' />
    <tag k='name' v='Mini Library (Hostel Area)' />
  </way>
  <way id='1135220072' timestamp='2024-05-09T13:01:29Z' uid='18353822' user='futuretale200' visible='true' version='3' changeset='151099153'>
    <nd ref='6497616716' />
    <nd ref='11837283209' />
    <nd ref='11891383385' />
    <nd ref='11891383386' />
    <nd ref='11837283211' />
    <nd ref='6497616716' />
    <tag k='amenity' v='community_centre' />
    <tag k='building' v='yes' />
    <tag k='community_centre' v='youth_centre' />
    <tag k='name' v='Student Lounge' />
  </way>
  <way id='1135222384' timestamp='2024-05-09T13:22:15Z' uid='18353822' user='futuretale200' visible='true' version='3' changeset='151100055'>
    <nd ref='10582139276' />
    <nd ref='10582014840' />
    <nd ref='10582239907' />
    <nd ref='10582239910' />
    <nd ref='11891412895' />
    <nd ref='10582239911' />
    <nd ref='11891412899' />
    <nd ref='11891412896' />
    <nd ref='11891412900' />
    <nd ref='10582239915' />
    <nd ref='10582239914' />
    <nd ref='11891412894' />
    <nd ref='10582014844' />
    <nd ref='10582139277' />
    <nd ref='10582139278' />
    <nd ref='10582139279' />
    <nd ref='10582139280' />
    <nd ref='10582139281' />
    <nd ref='10582139282' />
    <nd ref='10582139283' />
    <nd ref='10582139284' />
    <nd ref='10582139285' />
    <nd ref='10582139286' />
    <nd ref='10582139287' />
    <nd ref='10582139288' />
    <nd ref='10582139289' />
    <nd ref='10582139290' />
    <nd ref='10582139291' />
    <nd ref='10582139292' />
    <nd ref='10582139293' />
    <nd ref='10582139294' />
    <nd ref='10582139295' />
    <nd ref='10582139296' />
    <nd ref='10582139297' />
    <nd ref='10582139276' />
    <tag k='landuse' v='residential' />
  </way>
  <way id='1135226414' timestamp='2024-05-09T13:22:15Z' uid='18353822' user='futuretale200' visible='true' version='5' changeset='151100055'>
    <nd ref='10582176917' />
    <nd ref='10582176918' />
    <nd ref='10582176919' />
    <nd ref='10582176920' />
    <nd ref='10582176921' />
    <nd ref='10582176922' />
    <nd ref='11891412902' />
    <nd ref='11891412903' />
    <nd ref='11891412904' />
    <nd ref='11891412905' />
    <nd ref='11891412906' />
    <nd ref='11891412907' />
    <nd ref='11891412908' />
    <nd ref='10582176923' />
    <nd ref='10582176926' />
    <nd ref='11891412909' />
    <nd ref='10582176928' />
    <nd ref='11891412912' />
    <nd ref='11891412913' />
    <nd ref='10582176932' />
    <nd ref='10582176934' />
    <nd ref='10582176935' />
    <nd ref='10582176936' />
    <nd ref='11891412915' />
    <nd ref='10585999822' />
    <nd ref='11891412917' />
    <nd ref='11891412918' />
    <nd ref='11891412922' />
    <nd ref='11891412919' />
    <nd ref='10582267463' />
    <nd ref='11891412925' />
    <nd ref='10582176917' />
    <tag k='building' v='yes' />
    <tag k='club' v='sport' />
    <tag k='name' v='Indoor Sports Complex IITGN' />
  </way>
  <way id='1135226415' timestamp='2024-05-09T13:22:15Z' uid='18353822' user='futuretale200' visible='true' version='2' changeset='151100055'>
    <nd ref='10582176938' />
    <nd ref='10582176939' />
    <nd ref='10582176941' />
    <nd ref='10582176942' />
    <nd ref='10582176943' />
    <nd ref='10582176944' />
    <nd ref='10582176945' />
    <nd ref='10582176946' />
    <nd ref='10582176947' />
    <nd ref='10582176948' />
    <nd ref='10582176949' />
    <nd ref='10582176950' />
    <nd ref='10582176951' />
    <nd ref='10582176938' />
    <tag k='building' v='yes' />
    <tag k='name' v='Guest House IITGN' />
    <tag k='tourism' v='apartment' />
  </way>
  <way id='1135226416' timestamp='2024-05-09T13:43:16Z' uid='18353822' user='futuretale200' visible='true' version='3' changeset='151101124'>
    <nd ref='10582176961' />
    <nd ref='10582176962' />
    <nd ref='10582176966' />
    <nd ref='10582176968' />
    <tag k='access' v='private' />
    <tag k='highway' v='service' />
  </way>
  <way id='1135226417' timestamp='2024-05-09T13:43:16Z' uid='18353822' user='futuretale200' visible='true' version='2' changeset='151101124'>
    <nd ref='10582176969' />
    <nd ref='10582176970' />
    <nd ref='10582176972' />
    <nd ref='10582176973' />
    <nd ref='10582176974' />
    <nd ref='10582176978' />
    <nd ref='10582176979' />
    <nd ref='10582176981' />
    <nd ref='10582176983' />
    <nd ref='10582176984' />
    <nd ref='10582176969' />
    <tag k='man_made' v='wastewater_plant' />
    <tag k='name' v='STP ! IITGN' />
  </way>
  <way id='1135232553' timestamp='2024-05-09T13:43:16Z' uid='18353822' user='futuretale200' visible='true' version='5' changeset='151101124'>
    <nd ref='10582217301' />
    <nd ref='10582217302' />
    <nd ref='11891398746' />
    <nd ref='11891398744' />
    <nd ref='11891398745' />
    <nd ref='10582217303' />
    <nd ref='10582220507' />
    <nd ref='10582220511' />
    <nd ref='10582220512' />
    <nd ref='10582220519' />
    <nd ref='10582220520' />
    <nd ref='10582217301' />
    <tag k='leisure' v='pitch' />
    <tag k='lit' v='no' />
    <tag k='name' v='Hockey Field IITGN' />
    <tag k='sport' v='field_hockey' />
    <tag k='surface' v='grass' />
  </way>
  <way id='1135232554' timestamp='2024-05-09T13:01:29Z' uid='18353822' user='futuretale200' visible='true' version='2' changeset='151099153'>
    <nd ref='10582220522' />
    <nd ref='10582220523' />
    <nd ref='10582220524' />
    <nd ref='10582220525' />
    <nd ref='10582220522' />
    <tag k='access' v='permissive' />
    <tag k='leisure' v='pitch' />
    <tag k='lit' v='yes' />
    <tag k='name' v='Volleyball Ground' />
    <tag k='operator' v='IIT Gandhinagar' />
    <tag k='sport' v='volleyball' />
    <tag k='surface' v='earth' />
  </way>
  <way id='1135236962' timestamp='2024-05-09T13:43:16Z' uid='18353822' user='futuretale200' visible='true' version='2' changeset='151101124'>
    <nd ref='10582239817' />
    <nd ref='10582239818' />
    <nd ref='10582239819' />
    <nd ref='10582239820' />
    <nd ref='10582239863' />
    <nd ref='10582239862' />
    <nd ref='10582239821' />
    <nd ref='10582239822' />
    <nd ref='10582239823' />
    <nd ref='11891398747' />
    <nd ref='10582239825' />
    <nd ref='10582239826' />
    <nd ref='10582239827' />
    <nd ref='10582239828' />
    <nd ref='10582239894' />
    <nd ref='10582239829' />
    <nd ref='10582239830' />
    <nd ref='10582239831' />
    <nd ref='10582239832' />
    <nd ref='10582239833' />
    <nd ref='10582239834' />
    <nd ref='10582239835' />
    <nd ref='10582239836' />
    <nd ref='10582239837' />
    <nd ref='10582239838' />
    <nd ref='10582239839' />
    <nd ref='10582239840' />
    <nd ref='10582239841' />
    <nd ref='10582239842' />
    <nd ref='10582239843' />
    <nd ref='10582239844' />
    <nd ref='10582239845' />
    <nd ref='10582239846' />
    <nd ref='10582239847' />
    <nd ref='10582239817' />
    <tag k='amenity' v='theatre' />
    <tag k='name' v='Rangmanch OAT, IIT Gandhinagar' />
    <tag k='theatre:type' v='amphi' />
  </way>
  <way id='1135236963' timestamp='2024-02-29T06:46:33Z' uid='16275581' user='ompatekar' visible='true' version='2' changeset='148038251'>
    <nd ref='10582239848' />
    <nd ref='10582239871' />
    <nd ref='10582239867' />
    <tag k='access' v='private' />
    <tag k='highway' v='footway' />
  </way>
  <way id='1135236964' timestamp='2024-02-29T06:46:33Z' uid='16275581' user='ompatekar' visible='true' version='2' changeset='148038251'>
    <nd ref='10582239849' />
    <nd ref='10582239850' />
    <tag k='access' v='private' />
    <tag k='highway' v='footway' />
  </way>
  <way id='1135236966' timestamp='2024-02-29T06:46:33Z' uid='16275581' user='ompatekar' visible='true' version='2' changeset='148038251'>
    <nd ref='10582239860' />
    <nd ref='10582239858' />
    <nd ref='10582239867' />
    <tag k='access' v='private' />
    <tag k='highway' v='footway' />
  </way>
  <way id='1135236967' timestamp='2024-02-29T06:46:33Z' uid='16275581' user='ompatekar' visible='true' version='2' changeset='148038251'>
    <nd ref='6877339585' />
    <nd ref='10582239870' />
    <nd ref='10582239855' />
    <tag k='access' v='private' />
    <tag k='highway' v='footway' />
  </way>
  <way id='1135236968' timestamp='2024-02-29T06:46:33Z' uid='16275581' user='ompatekar' visible='true' version='2' changeset='148038251'>
    <nd ref='10582239850' />
    <nd ref='10582239851' />
    <nd ref='10582239870' />
    <nd ref='10582239871' />
    <tag k='access' v='private' />
    <tag k='highway' v='footway' />
  </way>
  <way id='1135236970' timestamp='2024-02-29T06:46:33Z' uid='16275581' user='ompatekar' visible='true' version='2' changeset='148038251'>
    <nd ref='10582239850' />
    <nd ref='10582239873' />
    <tag k='access' v='private' />
    <tag k='highway' v='footway' />
  </way>
  <way id='1135236971' timestamp='2024-02-29T06:46:33Z' uid='16275581' user='ompatekar' visible='true' version='2' changeset='148038251'>
    <nd ref='10582239851' />
    <nd ref='10582239876' />
    <tag k='access' v='private' />
    <tag k='highway' v='footway' />
  </way>
  <way id='1135236972' timestamp='2024-02-29T06:46:33Z' uid='16275581' user='ompatekar' visible='true' version='2' changeset='148038251'>
    <nd ref='10582239877' />
    <nd ref='10582239878' />
    <nd ref='10582239879' />
    <nd ref='3459621898' />
    <nd ref='10582176958' />
    <nd ref='10582176959' />
    <nd ref='10582176960' />
    <nd ref='10582239847' />
    <nd ref='10582239817' />
    <nd ref='10582239818' />
    <nd ref='11675883924' />
    <nd ref='11675883925' />
    <nd ref='11675883930' />
    <nd ref='10582239877' />
    <tag k='natural' v='grassland' />
  </way>
  <way id='1135236973' timestamp='2024-05-09T13:43:16Z' uid='18353822' user='futuretale200' visible='true' version='2' changeset='151101124'>
    <nd ref='10582239881' />
    <nd ref='10582239882' />
    <nd ref='10582239883' />
    <nd ref='10582239884' />
    <nd ref='10582239885' />
    <nd ref='10582239886' />
    <nd ref='10582239887' />
    <nd ref='10582239888' />
    <nd ref='10582239889' />
    <nd ref='10582239890' />
    <nd ref='10582239891' />
    <nd ref='10582239892' />
    <nd ref='10582176957' />
    <nd ref='3459618789' />
    <nd ref='10582176956' />
    <nd ref='10582239831' />
    <nd ref='10582239830' />
    <nd ref='10582239894' />
    <nd ref='10582239826' />
    <nd ref='10582239825' />
    <nd ref='10582239824' />
    <nd ref='10582239881' />
    <tag k='natural' v='grassland' />
  </way>
  <way id='1135236974' timestamp='2023-01-25T17:31:23Z' uid='18353822' user='futuretale200' visible='true' version='1' changeset='131704821'>
    <nd ref='10582239895' />
    <nd ref='10582239896' />
    <nd ref='10582239897' />
    <nd ref='10582239898' />
    <nd ref='10582239895' />
    <tag k='amenity' v='fast_food' />
    <tag k='building' v='yes' />
    <tag k='cuisine' v='coffee_shop;chicken;indian' />
    <tag k='fast_food' v='cafeteria' />
    <tag k='name' v='Aadhya Cafe' />
  </way>
  <way id='1135237670' timestamp='2023-01-25T17:33:53Z' uid='18353822' user='futuretale200' visible='true' version='1' changeset='131704894'>
    <nd ref='7444654582' />
    <nd ref='7444654583' />
    <nd ref='10582253312' />
    <nd ref='10582253313' />
    <nd ref='10582253314' />
    <nd ref='10582253315' />
    <nd ref='10582253316' />
    <nd ref='10582253317' />
    <nd ref='10582253318' />
    <nd ref='10582253319' />
    <nd ref='7444654582' />
    <tag k='leisure' v='pitch' />
    <tag k='sport' v='soccer' />
  </way>
  <way id='1135238169' timestamp='2024-05-09T13:22:15Z' uid='18353822' user='futuretale200' visible='true' version='2' changeset='151100055'>
    <nd ref='11891412897' />
    <nd ref='10582239908' />
    <nd ref='10582239909' />
    <nd ref='11891412898' />
    <nd ref='11891412897' />
    <tag k='amenity' v='bank' />
    <tag k='brand' v='Canara Bank' />
    <tag k='brand:en' v='Canara Bank' />
    <tag k='brand:hi' v='केनरा बैंक' />
    <tag k='brand:kn' v='ಕೆನರಾ ಬ್ಯಾಂಕ್' />
    <tag k='brand:pa' v='ਕੇਨਰਾ ਬੈਂਕ' />
    <tag k='brand:pnb' v='کینرا بینک' />
    <tag k='brand:ur' v='کینرا بینک' />
    <tag k='brand:wikidata' v='Q2003777' />
    <tag k='building' v='yes' />
    <tag k='name' v='Canara Bank' />
    <tag k='name:en' v='Canara Bank' />
    <tag k='name:hi' v='केनरा बैंक' />
    <tag k='name:kn' v='ಕೆನರಾ ಬ್ಯಾಂಕ್' />
    <tag k='name:pa' v='ਕੇਨਰਾ ਬੈਂਕ' />
    <tag k='name:pnb' v='کینرا بینک' />
    <tag k='name:ur' v='کینرا بینک' />
  </way>
  <way id='1135238170' timestamp='2024-05-09T13:22:15Z' uid='18353822' user='futuretale200' visible='true' version='2' changeset='151100055'>
    <nd ref='11891412899' />
    <nd ref='10582239912' />
    <nd ref='10582239913' />
    <nd ref='11891412900' />
    <nd ref='11891412899' />
    <tag k='amenity' v='pharmacy' />
    <tag k='building' v='yes' />
    <tag k='drive_through' v='yes' />
    <tag k='healthcare' v='pharmacy' />
    <tag k='name' v='Medical Center, IITGN' />
  </way>
  <way id='1135238171' timestamp='2024-05-09T13:22:15Z' uid='18353822' user='futuretale200' visible='true' version='2' changeset='151100055'>
    <nd ref='10582239915' />
    <nd ref='10582239916' />
    <nd ref='11891412893' />
    <nd ref='11891412894' />
    <nd ref='10582239915' />
    <tag k='amenity' v='post_office' />
    <tag k='building' v='yes' />
    <tag k='operator' v='India Post' />
    <tag k='operator:wikidata' v='Q3519720' />
  </way>
  <way id='1135238476' timestamp='2024-05-09T13:22:15Z' uid='18353822' user='futuretale200' visible='true' version='2' changeset='151100055'>
    <nd ref='11891412901' />
    <nd ref='11891412923' />
    <nd ref='11891412924' />
    <nd ref='10582267465' />
    <nd ref='11891412901' />
    <tag k='building' v='yes' />
    <tag k='leisure' v='fitness_centre' />
    <tag k='name' v='Yoga' />
    <tag k='sport' v='yoga' />
  </way>
  <way id='1135238477' timestamp='2024-05-09T13:22:15Z' uid='18353822' user='futuretale200' visible='true' version='2' changeset='151100055'>
    <nd ref='10582267466' />
    <nd ref='11891412920' />
    <nd ref='11891412921' />
    <nd ref='10582267469' />
    <nd ref='10582267466' />
    <tag k='building' v='yes' />
  </way>
  <way id='1135252004' timestamp='2024-05-09T13:01:29Z' uid='18353822' user='futuretale200' visible='true' version='5' changeset='151099153'>
    <nd ref='11891383400' />
    <nd ref='10581763194' />
    <tag k='access' v='private' />
    <tag k='bicycle' v='designated' />
    <tag k='foot' v='designated' />
    <tag k='highway' v='cycleway' />
  </way>
  <way id='1135259016' timestamp='2024-02-29T06:46:33Z' uid='16275581' user='ompatekar' visible='true' version='2' changeset='148038251'>
    <nd ref='8378130539' />
    <nd ref='10582434743' />
    <nd ref='10582434744' />
    <nd ref='10582434745' />
    <nd ref='10582434746' />
    <nd ref='10582434747' />
    <nd ref='10582434748' />
    <tag k='access' v='private' />
    <tag k='highway' v='service' />
  </way>
  <way id='1135507000' timestamp='2024-05-09T13:01:29Z' uid='18353822' user='futuretale200' visible='true' version='5' changeset='151099153'>
    <nd ref='11891383403' />
    <nd ref='11891383407' />
    <nd ref='7514530771' />
    <tag k='access' v='private' />
    <tag k='bicycle' v='designated' />
    <tag k='foot' v='designated' />
    <tag k='highway' v='cycleway' />
    <tag k='surface' v='concrete' />
  </way>
  <way id='1135507001' timestamp='2024-04-22T11:39:05Z' uid='21333586' user='Graxx' visible='true' version='3' changeset='150342320'>
    <nd ref='7514530772' />
    <nd ref='10584776800' />
    <nd ref='10584776799' />
    <nd ref='7514530775' />
    <tag k='access' v='private' />
    <tag k='bicycle' v='designated' />
    <tag k='foot' v='designated' />
    <tag k='highway' v='cycleway' />
  </way>
  <way id='1135507002' timestamp='2024-05-09T13:01:29Z' uid='18353822' user='futuretale200' visible='true' version='4' changeset='151099153'>
    <nd ref='7514530778' />
    <nd ref='11891383406' />
    <nd ref='10581763204' />
    <tag k='access' v='private' />
    <tag k='bicycle' v='designated' />
    <tag k='foot' v='designated' />
    <tag k='highway' v='cycleway' />
    <tag k='surface' v='paving_stones' />
  </way>
  <way id='1135507165' timestamp='2024-04-22T11:39:05Z' uid='21333586' user='Graxx' visible='true' version='3' changeset='150342320'>
    <nd ref='7514530775' />
    <nd ref='7514530776' />
    <nd ref='7514530777' />
    <nd ref='7514530778' />
    <tag k='access' v='private' />
    <tag k='bicycle' v='designated' />
    <tag k='foot' v='designated' />
    <tag k='highway' v='cycleway' />
    <tag k='surface' v='paving_stones' />
  </way>
  <way id='1135507166' timestamp='2024-05-09T13:01:29Z' uid='18353822' user='futuretale200' visible='true' version='4' changeset='151099153'>
    <nd ref='11891383384' />
    <nd ref='10584776799' />
    <tag k='access' v='private' />
    <tag k='bicycle' v='designated' />
    <tag k='foot' v='designated' />
    <tag k='highway' v='cycleway' />
    <tag k='surface' v='paving_stones' />
  </way>
  <way id='1135614438' timestamp='2024-05-09T13:22:15Z' uid='18353822' user='futuretale200' visible='true' version='4' changeset='151100055'>
    <nd ref='11891383163' />
    <nd ref='11891383164' />
    <nd ref='11891383165' />
    <nd ref='10585999818' />
    <nd ref='11891383163' />
    <tag k='building' v='yes' />
    <tag k='name' v='Amul Store' />
    <tag k='shop' v='dairy' />
  </way>
  <way id='1135614439' timestamp='2024-05-09T13:22:15Z' uid='18353822' user='futuretale200' visible='true' version='3' changeset='151100055'>
    <nd ref='10585999817' />
    <nd ref='11891383166' />
    <nd ref='11891383167' />
    <nd ref='11891383168' />
    <nd ref='10585999817' />
    <tag k='building' v='yes' />
    <tag k='name' v='Krupa General Store' />
    <tag k='shop' v='supermarket' />
  </way>
  <way id='1135614440' timestamp='2024-05-09T13:22:15Z' uid='18353822' user='futuretale200' visible='true' version='2' changeset='151100055'>
    <nd ref='11891412914' />
    <nd ref='10585999820' />
    <nd ref='10585999821' />
    <nd ref='11891412916' />
    <nd ref='11891412914' />
    <tag k='building' v='yes' />
    <tag k='leisure' v='fitness_centre' />
    <tag k='name' v='IITGN Gym' />
  </way>
  <way id='1144060523' timestamp='2024-05-09T13:22:15Z' uid='18353822' user='futuretale200' visible='true' version='3' changeset='151100055'>
    <nd ref='11891412910' />
    <nd ref='10649552776' />
    <nd ref='11891412911' />
    <nd ref='10649552777' />
    <nd ref='11891412910' />
    <tag k='leisure' v='pitch' />
    <tag k='name' v='IITGN Volleyball Court' />
    <tag k='sport' v='volleyball' />
  </way>
  <way id='1145558568' timestamp='2024-05-09T14:25:56Z' uid='18353822' user='futuretale200' visible='true' version='2' changeset='151103252'>
    <nd ref='10660475350' />
    <nd ref='8378531885' />
    <nd ref='11891553752' />
    <nd ref='11891553782' />
    <nd ref='10660475352' />
    <nd ref='10660475351' />
    <nd ref='3459618738' />
    <nd ref='3459618740' />
    <nd ref='3459618747' />
    <nd ref='10660475350' />
    <tag k='landuse' v='farmland' />
  </way>
  <way id='1145558569' timestamp='2024-05-09T14:25:56Z' uid='18353822' user='futuretale200' visible='true' version='2' changeset='151103252'>
    <nd ref='10660475353' />
    <nd ref='10660475354' />
    <nd ref='10660475355' />
    <nd ref='10660475356' />
    <nd ref='10660475357' />
    <nd ref='10660475358' />
    <nd ref='10660475359' />
    <nd ref='10660475360' />
    <nd ref='10660475361' />
    <nd ref='10660475362' />
    <nd ref='11891553689' />
    <nd ref='11891553690' />
    <nd ref='11891553691' />
    <nd ref='11891553692' />
    <nd ref='11891553693' />
    <nd ref='11891553694' />
    <nd ref='10660475363' />
    <nd ref='11891553688' />
    <nd ref='11891553687' />
    <nd ref='11891553686' />
    <nd ref='11891553685' />
    <nd ref='11891553684' />
    <nd ref='11891553683' />
    <nd ref='11891553682' />
    <nd ref='11891553681' />
    <nd ref='11891553680' />
    <nd ref='11891553679' />
    <nd ref='11891553678' />
    <nd ref='10660475364' />
    <nd ref='10660475353' />
    <tag k='building' v='apartments' />
  </way>
  <way id='1255919775' timestamp='2024-02-29T06:46:33Z' uid='16275581' user='ompatekar' visible='true' version='1' changeset='148038251'>
    <nd ref='10582239851' />
    <nd ref='10582239852' />
    <nd ref='10582239853' />
    <nd ref='10582239854' />
    <nd ref='11675883928' />
    <nd ref='10582239855' />
    <nd ref='11675883927' />
    <nd ref='10582239856' />
    <nd ref='10582239857' />
    <nd ref='10582239858' />
    <tag k='access' v='private' />
    <tag k='highway' v='footway' />
  </way>
  <way id='1255919776' timestamp='2024-02-29T06:46:33Z' uid='16275581' user='ompatekar' visible='true' version='1' changeset='148038251'>
    <nd ref='10582239853' />
    <nd ref='11675883929' />
    <nd ref='10582239859' />
    <nd ref='11675883931' />
    <nd ref='10582239860' />
    <tag k='access' v='private' />
    <tag k='highway' v='footway' />
  </way>
  <way id='1255919777' timestamp='2024-02-29T06:46:33Z' uid='16275581' user='ompatekar' visible='true' version='1' changeset='148038251'>
    <nd ref='10582239873' />
    <nd ref='10582239874' />
    <nd ref='10582239875' />
    <nd ref='11675883926' />
    <nd ref='10582239860' />
    <tag k='access' v='private' />
    <tag k='highway' v='footway' />
  </way>
  <way id='1255919778' timestamp='2024-02-29T06:46:33Z' uid='16275581' user='ompatekar' visible='true' version='1' changeset='148038251'>
    <nd ref='6887435861' />
    <nd ref='6887435860' />
    <nd ref='6887435859' />
    <nd ref='6887435858' />
    <nd ref='6887435857' />
    <tag k='access' v='private' />
    <tag k='construction' v='yes' />
    <tag k='highway' v='service' />
    <tag k='junction' v='roundabout' />
  </way>
  <way id='1255919779' timestamp='2024-02-29T06:46:33Z' uid='16275581' user='ompatekar' visible='true' version='1' changeset='148038251'>
    <nd ref='6877309183' />
    <nd ref='6887435862' />
    <nd ref='6887435861' />
    <tag k='access' v='private' />
    <tag k='highway' v='service' />
    <tag k='junction' v='roundabout' />
    <tag k='surface' v='unpaved' />
  </way>
  <way id='1255919780' timestamp='2024-02-29T06:46:33Z' uid='16275581' user='ompatekar' visible='true' version='1' changeset='148038251'>
    <nd ref='6877339586' />
    <nd ref='10582239880' />
    <nd ref='10582239848' />
    <nd ref='6877339585' />
    <nd ref='10582239876' />
    <nd ref='10582239849' />
    <nd ref='6877309184' />
    <nd ref='6877309183' />
    <tag k='access' v='private' />
    <tag k='highway' v='service' />
    <tag k='surface' v='unpaved' />
  </way>
  <way id='1255919781' timestamp='2024-02-29T06:46:33Z' uid='16275581' user='ompatekar' visible='true' version='1' changeset='148038251'>
    <nd ref='8378114203' />
    <nd ref='8378114204' />
    <nd ref='8378114205' />
    <nd ref='8378114206' />
    <nd ref='8378114207' />
    <nd ref='8378114208' />
    <nd ref='8378114209' />
    <nd ref='8378114200' />
    <nd ref='8378114201' />
    <nd ref='6887435861' />
    <tag k='access' v='private' />
    <tag k='highway' v='service' />
    <tag k='surface' v='unpaved' />
  </way>
  <way id='1255919783' timestamp='2024-02-29T06:46:33Z' uid='16275581' user='ompatekar' visible='true' version='1' changeset='148038251'>
    <nd ref='11675883935' />
    <nd ref='11675883936' />
    <nd ref='11675883937' />
    <nd ref='11675883938' />
    <nd ref='11675883939' />
    <nd ref='11675883947' />
    <nd ref='11675883940' />
    <nd ref='11675883941' />
    <nd ref='11675883942' />
    <nd ref='11675883943' />
    <nd ref='11675883944' />
    <tag k='access' v='private' />
    <tag k='highway' v='service' />
  </way>
  <way id='1255919784' timestamp='2024-02-29T06:46:33Z' uid='16275581' user='ompatekar' visible='true' version='1' changeset='148038251'>
    <nd ref='11675883943' />
    <nd ref='11675883946' />
    <nd ref='11675883945' />
    <nd ref='11675883938' />
    <tag k='access' v='private' />
    <tag k='highway' v='service' />
  </way>
  <way id='1255919785' timestamp='2024-02-29T06:46:33Z' uid='16275581' user='ompatekar' visible='true' version='1' changeset='148038251'>
    <nd ref='11675883946' />
    <nd ref='11675883947' />
    <tag k='access' v='private' />
    <tag k='highway' v='service' />
  </way>
  <way id='1255919786' timestamp='2024-05-09T13:01:29Z' uid='18353822' user='futuretale200' visible='true' version='3' changeset='151099153'>
    <nd ref='7514530778' />
    <nd ref='10581763200' />
    <nd ref='10581763194' />
    <nd ref='11891383401' />
    <nd ref='10581763195' />
    <nd ref='10581830029' />
    <tag k='access' v='private' />
    <tag k='bicycle' v='designated' />
    <tag k='foot' v='designated' />
    <tag k='highway' v='cycleway' />
    <tag k='surface' v='paving_stones' />
  </way>
  <way id='1255919787' timestamp='2024-04-22T11:39:05Z' uid='21333586' user='Graxx' visible='true' version='2' changeset='150342320'>
    <nd ref='10581830029' />
    <nd ref='10581763196' />
    <nd ref='10581763197' />
    <nd ref='10581763198' />
    <tag k='access' v='private' />
    <tag k='bicycle' v='designated' />
    <tag k='foot' v='designated' />
    <tag k='highway' v='cycleway' />
    <tag k='surface' v='paving_stones' />
  </way>
  <way id='1255919788' timestamp='2024-05-09T13:01:29Z' uid='18353822' user='futuretale200' visible='true' version='3' changeset='151099153'>
    <nd ref='10581763199' />
    <nd ref='10581763200' />
    <tag k='access' v='private' />
    <tag k='bicycle' v='designated' />
    <tag k='foot' v='designated' />
    <tag k='highway' v='cycleway' />
    <tag k='surface' v='paving_stones' />
  </way>
  <way id='1255919789' timestamp='2024-02-29T06:46:33Z' uid='16275581' user='ompatekar' visible='true' version='1' changeset='148038251'>
    <nd ref='8378531885' />
    <nd ref='8378531887' />
    <nd ref='8378531883' />
    <nd ref='8378531886' />
    <tag k='access' v='private' />
    <tag k='highway' v='service' />
    <tag k='source' v='maxar' />
    <tag k='surface' v='concrete' />
  </way>
  <way id='1255919790' timestamp='2024-02-29T06:46:33Z' uid='16275581' user='ompatekar' visible='true' version='1' changeset='148038251'>
    <nd ref='8378026741' />
    <nd ref='11675883953' />
    <nd ref='8378026740' />
    <tag k='access' v='private' />
    <tag k='highway' v='service' />
    <tag k='source' v='maxar' />
    <tag k='surface' v='concrete' />
  </way>
  <way id='1255919791' timestamp='2024-05-09T13:43:16Z' uid='18353822' user='futuretale200' visible='true' version='2' changeset='151101124'>
    <nd ref='8378026740' />
    <nd ref='11675883954' />
    <nd ref='11675883955' />
    <nd ref='11675883956' />
    <nd ref='11675883957' />
    <nd ref='11675883958' />
    <nd ref='11675883959' />
    <nd ref='11675883960' />
    <nd ref='11675883961' />
    <nd ref='11675883962' />
    <nd ref='11675883963' />
    <nd ref='11675883964' />
    <nd ref='11675883965' />
    <nd ref='11675883966' />
    <nd ref='11675883967' />
    <nd ref='11675883968' />
    <nd ref='11675887769' />
    <nd ref='11675887770' />
    <nd ref='11675887771' />
    <nd ref='11675887772' />
    <nd ref='11675887773' />
    <nd ref='11675887774' />
    <nd ref='11675887775' />
    <nd ref='11675887776' />
    <nd ref='11675887777' />
    <nd ref='11675887778' />
    <nd ref='11675887779' />
    <nd ref='11675887780' />
    <nd ref='11675887781' />
    <nd ref='6512017296' />
    <tag k='access' v='private' />
    <tag k='highway' v='service' />
  </way>
  <way id='1274878130' timestamp='2024-04-22T11:39:05Z' uid='21333586' user='Graxx' visible='true' version='1' changeset='150342320'>
    <nd ref='10581725514' />
    <nd ref='10581701626' />
    <tag k='bicycle' v='designated' />
    <tag k='foot' v='designated' />
    <tag k='highway' v='cycleway' />
  </way>
  <way id='1274878131' timestamp='2024-04-22T11:39:05Z' uid='21333586' user='Graxx' visible='true' version='1' changeset='150342320'>
    <nd ref='10582105848' />
    <nd ref='10582105851' />
    <nd ref='11837283212' />
    <nd ref='11837283213' />
    <nd ref='10582105848' />
    <tag k='amenity' v='fast_food' />
    <tag k='building' v='yes' />
    <tag k='cuisine' v='juice;fruit_juice;ice_cream' />
    <tag k='name' v='Mahavir' />
  </way>
  <way id='1281144331' timestamp='2024-05-09T14:25:56Z' uid='18353822' user='futuretale200' visible='true' version='2' changeset='151103252'>
    <nd ref='11891256020' />
    <nd ref='11891256021' />
    <nd ref='11891256022' />
    <nd ref='11891256023' />
    <nd ref='11891256024' />
    <nd ref='11891256025' />
    <nd ref='11891256026' />
    <nd ref='11891256027' />
    <nd ref='11891256028' />
    <nd ref='11891256029' />
    <nd ref='11891256030' />
    <nd ref='11891256031' />
    <nd ref='11891256032' />
    <nd ref='11891256033' />
    <nd ref='11891256034' />
    <nd ref='11891256035' />
    <nd ref='11891256036' />
    <nd ref='11891256037' />
    <nd ref='11891256038' />
    <nd ref='11891553800' />
    <nd ref='11891259204' />
    <nd ref='11891256020' />
    <tag k='building' v='yes' />
    <tag k='height' v='7' />
    <tag k='name' v='Academic Block 13' />
  </way>
  <way id='1281144332' timestamp='2024-05-09T11:52:59Z' uid='18353822' user='futuretale200' visible='true' version='1' changeset='151096112'>
    <nd ref='11891256039' />
    <nd ref='11891256040' />
    <nd ref='11891256041' />
    <nd ref='11891256042' />
    <nd ref='11891256043' />
    <nd ref='11891256044' />
    <nd ref='11891256045' />
    <nd ref='11891256046' />
    <nd ref='11891256047' />
    <nd ref='11891256048' />
    <nd ref='11891256049' />
    <nd ref='11891256050' />
    <nd ref='11891256051' />
    <nd ref='11891256052' />
    <nd ref='11891256053' />
    <nd ref='11891256054' />
    <nd ref='11891256039' />
    <tag k='building' v='yes' />
    <tag k='building:levels' v='7' />
    <tag k='name' v='Academic Block 12' />
  </way>
  <way id='1281144333' timestamp='2024-05-09T11:52:59Z' uid='18353822' user='futuretale200' visible='true' version='1' changeset='151096112'>
    <nd ref='11891256055' />
    <nd ref='11891256056' />
    <nd ref='11891256057' />
    <nd ref='11891256058' />
    <nd ref='11891256059' />
    <nd ref='11891256060' />
    <nd ref='11891256061' />
    <nd ref='11891256062' />
    <nd ref='11891256063' />
    <nd ref='11891256064' />
    <nd ref='11891256065' />
    <nd ref='11891256066' />
    <nd ref='11891256055' />
    <tag k='building' v='yes' />
    <tag k='building:levels' v='7' />
    <tag k='name' v='Academic Block 11' />
  </way>
  <way id='1281144334' timestamp='2024-05-09T11:52:59Z' uid='18353822' user='futuretale200' visible='true' version='1' changeset='151096112'>
    <nd ref='11891256067' />
    <nd ref='11891256068' />
    <nd ref='11891259169' />
    <nd ref='11891259170' />
    <nd ref='11891259171' />
    <nd ref='11891259172' />
    <nd ref='11891259173' />
    <nd ref='11891259174' />
    <nd ref='11891259175' />
    <nd ref='11891259176' />
    <nd ref='11891259177' />
    <nd ref='11891259178' />
    <nd ref='11891259179' />
    <nd ref='11891259180' />
    <nd ref='11891259181' />
    <nd ref='11891259182' />
    <nd ref='11891259183' />
    <nd ref='11891259184' />
    <nd ref='11891259185' />
    <nd ref='11891259186' />
    <nd ref='11891259187' />
    <nd ref='11891259188' />
    <nd ref='11891259189' />
    <nd ref='11891259190' />
    <nd ref='11891259191' />
    <nd ref='11891259192' />
    <nd ref='11891256067' />
    <tag k='building' v='school' />
    <tag k='building:levels' v='7' />
    <tag k='name' v='Academic Block 10' />
  </way>
  <way id='1281144335' timestamp='2024-05-09T11:52:59Z' uid='18353822' user='futuretale200' visible='true' version='1' changeset='151096112'>
    <nd ref='11891259206' />
    <nd ref='11891259207' />
    <nd ref='11891259208' />
    <nd ref='11891259209' />
    <nd ref='11891259210' />
    <nd ref='11891259211' />
    <nd ref='11891259212' />
    <nd ref='11891259197' />
    <nd ref='11891259196' />
    <nd ref='11891259213' />
    <nd ref='11891259217' />
    <nd ref='11891259214' />
    <nd ref='11891259215' />
    <nd ref='11891259206' />
    <tag k='historic' v='monument' />
    <tag k='name' v='Common Passage' />
  </way>
  <way id='1281144336' timestamp='2024-05-09T11:52:59Z' uid='18353822' user='futuretale200' visible='true' version='1' changeset='151096112'>
    <nd ref='6965885548' />
    <nd ref='11891259217' />
    <tag k='highway' v='footway' />
    <tag k='name' v='New Acad Bloak Road' />
  </way>
  <way id='1281146510' timestamp='2024-05-09T12:30:44Z' uid='18353822' user='futuretale200' visible='true' version='2' changeset='151097668'>
    <nd ref='11891270975' />
    <nd ref='11891270976' />
    <nd ref='11891270977' />
    <nd ref='11891270978' />
    <nd ref='11891270979' />
    <nd ref='11891270980' />
    <nd ref='11891270981' />
    <nd ref='11891270982' />
    <nd ref='11891270983' />
    <nd ref='11891270984' />
    <nd ref='11891270985' />
    <nd ref='11891270986' />
    <nd ref='11891270987' />
    <nd ref='11891319450' />
    <nd ref='11891270988' />
    <nd ref='11891270989' />
    <nd ref='11891270990' />
    <nd ref='11891270991' />
    <nd ref='11891270992' />
    <nd ref='11891270993' />
    <nd ref='11891270994' />
    <nd ref='11891270995' />
    <nd ref='11891270996' />
    <nd ref='11891270997' />
    <nd ref='11891270998' />
    <nd ref='11891270999' />
    <nd ref='11891271000' />
    <nd ref='11891271001' />
    <nd ref='11891271002' />
    <nd ref='11891271003' />
    <nd ref='11891271004' />
    <nd ref='11891271005' />
    <nd ref='11891271006' />
    <nd ref='11891271007' />
    <nd ref='11891271008' />
    <nd ref='11891271009' />
    <nd ref='11891271010' />
    <nd ref='11891271011' />
    <nd ref='11891271012' />
    <nd ref='11891271013' />
    <nd ref='11891271014' />
    <nd ref='11891271015' />
    <nd ref='11891271016' />
    <nd ref='11891271017' />
    <nd ref='11891271018' />
    <nd ref='11891271019' />
    <nd ref='11891271020' />
    <nd ref='11891271021' />
    <nd ref='11891271022' />
    <nd ref='11891271023' />
    <nd ref='11891271024' />
    <nd ref='11891271025' />
    <nd ref='11891271026' />
    <nd ref='11891271027' />
    <nd ref='11891271028' />
    <nd ref='11891271029' />
    <nd ref='11891271030' />
    <nd ref='11891271031' />
    <nd ref='11891271032' />
    <nd ref='11891271033' />
    <nd ref='11891271034' />
    <nd ref='11891271035' />
    <nd ref='11891271036' />
    <nd ref='11891271037' />
    <nd ref='11891271038' />
    <nd ref='11891271039' />
    <nd ref='11891271040' />
    <nd ref='11891271041' />
    <nd ref='11891271042' />
    <nd ref='11891271043' />
    <nd ref='11891271044' />
    <nd ref='11891271045' />
    <nd ref='11891271046' />
    <nd ref='11891271047' />
    <nd ref='11891271048' />
    <nd ref='11891271049' />
    <nd ref='11891271050' />
    <nd ref='11891271051' />
    <nd ref='11891271052' />
    <nd ref='11891271053' />
    <nd ref='11891271054' />
    <nd ref='11891271055' />
    <nd ref='11891271056' />
    <nd ref='11891271057' />
    <nd ref='11891271058' />
    <nd ref='11891271059' />
    <nd ref='11891271060' />
    <nd ref='11891271061' />
    <nd ref='11891270975' />
    <tag k='building' v='yes' />
    <tag k='height' v='7' />
    <tag k='name' v='Hiqom Hostel' />
    <tag k='operator' v='IIT Gandhinagar' />
    <tag k='tourism' v='hostel' />
  </way>
  <way id='1281146511' timestamp='2024-05-09T12:05:20Z' uid='18353822' user='futuretale200' visible='true' version='1' changeset='151096630'>
    <nd ref='11891271062' />
    <nd ref='11891271063' />
    <nd ref='11891271064' />
    <nd ref='11891271065' />
    <nd ref='11891271066' />
    <nd ref='11891271067' />
    <nd ref='11891271068' />
    <nd ref='11891274569' />
    <nd ref='11891274570' />
    <nd ref='11891274571' />
    <nd ref='11891274572' />
    <nd ref='11891274573' />
    <nd ref='11891274574' />
    <nd ref='11891274575' />
    <nd ref='11891274576' />
    <nd ref='11891274577' />
    <nd ref='11891274578' />
    <nd ref='11891274579' />
    <nd ref='11891274580' />
    <nd ref='11891274581' />
    <nd ref='11891274582' />
    <nd ref='11891274583' />
    <nd ref='11891274584' />
    <nd ref='11891274585' />
    <nd ref='11891274586' />
    <nd ref='11891274587' />
    <nd ref='11891274588' />
    <nd ref='11891274589' />
    <nd ref='11891274590' />
    <nd ref='11891274591' />
    <nd ref='11891274592' />
    <nd ref='11891274593' />
    <nd ref='11891274594' />
    <nd ref='11891274595' />
    <nd ref='11891274596' />
    <nd ref='11891274597' />
    <nd ref='11891274598' />
    <nd ref='11891271062' />
    <tag k='building' v='yes' />
    <tag k='layer' v='1' />
    <tag k='name' v='Griwiksh Hostel (Hostel G)' />
    <tag k='tourism' v='hostel' />
  </way>
  <way id='1281155505' timestamp='2024-05-09T12:30:44Z' uid='18353822' user='futuretale200' visible='true' version='1' changeset='151097668'>
    <nd ref='11891319450' />
    <nd ref='11891319451' />
    <nd ref='11891319452' />
    <nd ref='11891319453' />
    <nd ref='11891274604' />
    <nd ref='11891319454' />
    <nd ref='11891319455' />
    <nd ref='11891319456' />
    <nd ref='11891270988' />
    <nd ref='11891319450' />
    <tag k='height' v='20' />
    <tag k='indoor' v='corridor' />
    <tag k='level' v='3' />
    <tag k='name' v='Sky Walk' />
  </way>
  <way id='1281155506' timestamp='2024-05-09T12:30:44Z' uid='18353822' user='futuretale200' visible='true' version='1' changeset='151097668'>
    <nd ref='10581897112' />
    <nd ref='11891329342' />
    <tag k='bicycle' v='designated' />
    <tag k='foot' v='designated' />
    <tag k='highway' v='cycleway' />
  </way>
  <way id='1281166898' timestamp='2024-05-09T13:22:15Z' uid='18353822' user='futuretale200' visible='true' version='1' changeset='151100055'>
    <nd ref='11891412889' />
    <nd ref='11891412890' />
    <nd ref='11891412891' />
    <nd ref='11891412892' />
    <nd ref='11891412889' />
    <tag k='landuse' v='industrial' />
    <tag k='name' v='Hostel Power' />
    <tag k='power' v='plant' />
  </way>
  <way id='1281176477' timestamp='2024-05-09T13:58:48Z' uid='18353822' user='futuretale200' visible='true' version='1' changeset='151101924'>
    <nd ref='11891459313' />
    <nd ref='11891459314' />
    <nd ref='11891459315' />
    <nd ref='11891459316' />
    <nd ref='11891459317' />
    <nd ref='11891459318' />
    <nd ref='11891459319' />
    <nd ref='11891459320' />
    <nd ref='11891459321' />
    <nd ref='11891459322' />
    <nd ref='11891459323' />
    <nd ref='11891459324' />
    <nd ref='11891459325' />
    <nd ref='11891459326' />
    <nd ref='11891459327' />
    <nd ref='11891459328' />
    <nd ref='11891459329' />
    <nd ref='11891459330' />
    <nd ref='11891459331' />
    <nd ref='11891459332' />
    <nd ref='11891459333' />
    <nd ref='11891459334' />
    <nd ref='11891459335' />
    <nd ref='11891459336' />
    <nd ref='11891459337' />
    <nd ref='11891459338' />
    <nd ref='11891459339' />
    <nd ref='11891459340' />
    <nd ref='11891459341' />
    <nd ref='11891459342' />
    <nd ref='11891459343' />
    <nd ref='11891459344' />
    <nd ref='11891459345' />
    <nd ref='11891459346' />
    <nd ref='11891459347' />
    <nd ref='11891459348' />
    <nd ref='11891459349' />
    <nd ref='11891459350' />
    <nd ref='11891459351' />
    <nd ref='11891459352' />
    <nd ref='11891459353' />
    <nd ref='11891459354' />
    <nd ref='11891459355' />
    <nd ref='11891459356' />
    <nd ref='11891459357' />
    <nd ref='11891459358' />
    <nd ref='11891459359' />
    <nd ref='11891459360' />
    <tag k='bicycle' v='designated' />
    <tag k='foot' v='designated' />
    <tag k='highway' v='cycleway' />
    <tag k='name' v='Snake Road' />
    <tag k='segregated' v='no' />
    <tag k='width' v='2' />
  </way>
  <way id='1281176478' timestamp='2024-05-09T13:58:48Z' uid='18353822' user='futuretale200' visible='true' version='1' changeset='151101924'>
    <nd ref='11891459331' />
    <nd ref='11891459361' />
    <nd ref='11891459362' />
    <nd ref='11891459363' />
    <nd ref='11891459364' />
    <nd ref='11891459365' />
    <tag k='bicycle' v='designated' />
    <tag k='foot' v='designated' />
    <tag k='highway' v='cycleway' />
    <tag k='name' v='Road' />
  </way>
  <way id='1281184385' timestamp='2024-05-09T14:25:56Z' uid='18353822' user='futuretale200' visible='true' version='1' changeset='151103252'>
    <nd ref='11891553412' />
    <nd ref='11891553413' />
    <nd ref='11891553414' />
    <nd ref='11891553415' />
    <nd ref='11891553416' />
    <nd ref='11891553417' />
    <nd ref='11891553418' />
    <nd ref='11891553419' />
    <nd ref='11891553420' />
    <nd ref='11891553421' />
    <nd ref='11891553422' />
    <nd ref='11891553423' />
    <nd ref='11891553424' />
    <nd ref='11891553425' />
    <nd ref='11891553426' />
    <nd ref='11891553427' />
    <nd ref='11891553428' />
    <nd ref='11891553429' />
    <nd ref='11891553430' />
    <nd ref='11891553431' />
    <nd ref='11891553432' />
    <nd ref='11891553433' />
    <nd ref='11891553434' />
    <nd ref='11891553435' />
    <nd ref='11891553436' />
    <nd ref='11891553437' />
    <nd ref='11891553438' />
    <nd ref='11891553439' />
    <nd ref='11891553440' />
    <nd ref='11891553441' />
    <nd ref='11891553442' />
    <nd ref='11891553443' />
    <nd ref='11891553444' />
    <nd ref='11891553445' />
    <nd ref='11891553446' />
    <nd ref='11891553447' />
    <nd ref='11891553448' />
    <nd ref='11891553449' />
    <nd ref='11891553450' />
    <nd ref='11891553451' />
    <nd ref='11891553452' />
    <nd ref='11891553453' />
    <nd ref='11891553454' />
    <nd ref='11891553455' />
    <nd ref='11891553456' />
    <nd ref='11891553457' />
    <nd ref='11891553458' />
    <nd ref='11891553459' />
    <nd ref='11891553460' />
    <nd ref='11891553461' />
    <nd ref='11891553462' />
    <nd ref='11891553463' />
    <nd ref='11891553464' />
    <nd ref='11891553465' />
    <nd ref='11891553466' />
    <nd ref='11891553467' />
    <nd ref='11891553468' />
    <nd ref='11891553669' />
    <nd ref='11891553670' />
    <nd ref='11891553671' />
    <nd ref='11891553672' />
    <nd ref='11891553673' />
    <nd ref='11891553674' />
    <nd ref='11891553675' />
    <nd ref='11891553676' />
    <nd ref='11891553677' />
    <nd ref='11891553412' />
    <tag k='landuse' v='residential' />
    <tag k='name' v='Staff Quater' />
    <tag k='residential' v='apartments' />
  </way>
  <way id='1281184386' timestamp='2024-05-09T14:25:56Z' uid='18353822' user='futuretale200' visible='true' version='1' changeset='151103252'>
    <nd ref='11891553695' />
    <nd ref='11891553696' />
    <nd ref='11891553697' />
    <nd ref='11891553698' />
    <nd ref='11891553699' />
    <nd ref='11891553700' />
    <nd ref='11891553701' />
    <nd ref='11891553702' />
    <nd ref='11891553703' />
    <nd ref='11891553704' />
    <nd ref='11891553705' />
    <nd ref='11891553706' />
    <nd ref='11891553707' />
    <nd ref='11891553708' />
    <nd ref='11891553709' />
    <nd ref='11891553710' />
    <nd ref='11891553711' />
    <nd ref='11891553712' />
    <nd ref='11891553713' />
    <nd ref='11891553714' />
    <nd ref='11891553715' />
    <nd ref='11891553716' />
    <nd ref='11891553717' />
    <nd ref='11891553718' />
    <nd ref='11891553719' />
    <nd ref='11891553720' />
    <nd ref='11891553721' />
    <nd ref='11891553722' />
    <nd ref='11891553723' />
    <nd ref='11891553724' />
    <nd ref='11891553725' />
    <nd ref='11891553726' />
    <nd ref='11891553727' />
    <nd ref='11891553728' />
    <nd ref='11891553729' />
    <nd ref='11891553730' />
    <nd ref='11891553731' />
    <nd ref='11891553732' />
    <nd ref='11891553733' />
    <nd ref='11891553734' />
    <nd ref='11891553735' />
    <nd ref='11891553736' />
    <nd ref='11891553737' />
    <nd ref='11891553738' />
    <nd ref='11891553739' />
    <nd ref='11891553740' />
    <nd ref='11891553741' />
    <nd ref='11891553742' />
    <nd ref='11891553743' />
    <nd ref='11891553744' />
    <nd ref='11891553745' />
    <nd ref='11891553746' />
    <nd ref='11891553747' />
    <nd ref='11891553748' />
    <nd ref='11891553695' />
    <tag k='landuse' v='residential' />
    <tag k='name' v='Staff Quater' />
    <tag k='residential' v='apartments' />
  </way>
  <way id='1281184387' timestamp='2024-05-09T14:25:56Z' uid='18353822' user='futuretale200' visible='true' version='1' changeset='151103252'>
    <nd ref='11891553749' />
    <nd ref='11891553750' />
    <nd ref='11891553751' />
    <nd ref='11891553752' />
    <nd ref='8378531885' />
    <nd ref='11891553749' />
    <tag k='amenity' v='parking' />
    <tag k='operator' v='Parking' />
  </way>
  <way id='1281184389' timestamp='2024-05-09T14:25:56Z' uid='18353822' user='futuretale200' visible='true' version='1' changeset='151103252'>
    <nd ref='11891553752' />
    <nd ref='11891553751' />
    <nd ref='11891553750' />
    <nd ref='11891553773' />
    <nd ref='11891553774' />
    <nd ref='11891553775' />
    <nd ref='11891553776' />
    <nd ref='11891553777' />
    <nd ref='11891553778' />
    <nd ref='11891553779' />
    <nd ref='11891553780' />
    <nd ref='11891553781' />
    <nd ref='11891553782' />
    <nd ref='11891553752' />
    <tag k='landuse' v='grass' />
  </way>
  <way id='1281184390' timestamp='2024-05-09T14:25:56Z' uid='18353822' user='futuretale200' visible='true' version='1' changeset='151103252'>
    <nd ref='11891553783' />
    <nd ref='11891553784' />
    <nd ref='11891553785' />
    <nd ref='11891553786' />
    <nd ref='11891553787' />
    <nd ref='11891553788' />
    <nd ref='11891553789' />
    <nd ref='11891553790' />
    <nd ref='11891553791' />
    <nd ref='11891553792' />
    <nd ref='11891553793' />
    <nd ref='11891553794' />
    <nd ref='11891553795' />
    <nd ref='11891553783' />
    <tag k='natural' v='grassland' />
  </way>
  <way id='1281184391' timestamp='2024-05-09T14:25:56Z' uid='18353822' user='futuretale200' visible='true' version='1' changeset='151103252'>
    <nd ref='11891553796' />
    <nd ref='11891274606' />
    <nd ref='11891553797' />
    <nd ref='11891553798' />
    <nd ref='11891553796' />
    <tag k='indoor' v='corridor' />
    <tag k='level' v='3' />
  </way>
  <way id='1281184392' timestamp='2024-06-13T16:04:41Z' uid='21652302' user='VLD283' visible='true' version='2' changeset='152640843'>
    <nd ref='11891256020' />
    <nd ref='11891256021' />
    <nd ref='11891553800' />
    <nd ref='11891259204' />
    <nd ref='11891256020' />
    <tag k='amenity' v='library' />
    <tag k='building:part' v='yes' />
    <tag k='name' v='Central Library' />
  </way>
  <way id='1281184842' timestamp='2024-05-09T14:28:14Z' uid='18353822' user='futuretale200' visible='true' version='1' changeset='151103367'>
    <nd ref='6512027049' />
    <nd ref='11891329347' />
    <nd ref='11891329348' />
    <nd ref='11891329349' />
    <nd ref='11891329350' />
    <nd ref='11891329352' />
    <nd ref='11891329353' />
    <nd ref='10582434745' />
    <nd ref='10582434747' />
    <nd ref='10582434748' />
    <nd ref='3459618760' />
    <nd ref='6512027049' />
    <tag k='landuse' v='grass' />
  </way>
  <way id='1355910416' timestamp='2025-02-01T09:48:47Z' uid='19294215' user='akshayola' visible='true' version='1' changeset='162004628'>
    <nd ref='12548740399' />
    <nd ref='12548740400' />
    <nd ref='12548748001' />
    <nd ref='12548748002' />
    <nd ref='12548748003' />
    <nd ref='12548748004' />
    <nd ref='12548748005' />
    <nd ref='6877028810' />
    <tag k='highway' v='service' />
    <tag k='oneway' v='yes' />
  </way>
  <relation id='7717294' timestamp='2023-07-26T22:36:31Z' uid='13913100' user='rahilarious' visible='true' version='4' changeset='139060555'>
    <member type='way' ref='197365159' role='main_stream' />
    <member type='way' ref='152745562' role='main_stream' />
    <member type='way' ref='164775722' role='main_stream' />
    <member type='way' ref='164775728' role='main_stream' />
    <member type='way' ref='164775730' role='main_stream' />
    <member type='way' ref='164775725' role='main_stream' />
    <member type='way' ref='167237574' role='main_stream' />
    <tag k='alt_name:ar' v='نهر سابارماتي' />
    <tag k='name' v='Sabarmati River' />
    <tag k='name:ar' v='نهر سبارمتي' />
    <tag k='name:gu' v='સાબરમતી' />
    <tag k='name:kn' v='ಸಾಬರಮತಿ' />
    <tag k='name:ur' v='دریائے سابرمتی' />
    <tag k='short_name:ar' v='سبارمتي' />
    <tag k='type' v='waterway' />
    <tag k='waterway' v='river' />
    <tag k='wikidata' v='Q630397' />
    <tag k='wikipedia' v='en:Sabarmati River' />
  </relation>
  <relation id='17680406' timestamp='2024-09-28T17:41:30Z' uid='13913100' user='rahilarious' visible='true' version='2' changeset='157221479'>
    <member type='way' ref='1135173643' role='outer' />
    <member type='way' ref='1135173644' role='inner' />
    <tag k='lanes' v='6' />
    <tag k='leisure' v='track' />
    <tag k='lit' v='no' />
    <tag k='name' v='Athletic Track' />
    <tag k='sport' v='athletics' />
    <tag k='surface' v='tartan' />
    <tag k='type' v='multipolygon' />
  </relation>
</osm>
